1	>353c2c71-2540-0b63-4ac5-f8555ea58b97	0.9476	M
1	>936bf323-4b46-2bc3-f117-08f9f6f014e6	0.9258	M
1	>f953ddaf-8e44-25dc-9a1b-a45ca1cd0f95	0.9268	M
1	>49dfeb61-4b51-fcfa-2ef8-88e6a19cce33	0.9756	M
1	>634676b6-f12d-5421-e190-e56d352bdbd8	0.9925	M
1	>4aaab9ca-67aa-2838-2cd8-f592427657a0	0.9056	M
1	>7aa27f28-cacb-a97e-960d-c895df439590	0.9560	M
1	>97867a1f-7522-95e2-3424-5e0ed9bb4010	0.9285	M
1	>8da5a11a-2d7c-b53d-4bd3-ea14c1f5baaf	0.9053	M
1	>9dac3984-a564-d8d3-f9cd-f71bc136b4f3	0.9152	M
1	>fb2289d3-6c55-ab07-dee2-c412539926a0	0.9891	M
1	>e9334881-aba8-05c4-00f4-324289593426	0.9257	M
1	>e2e69326-456e-ba61-6cb1-ff4fd3c7e192	0.9624	M
1	>e557359c-c638-bcb9-d00e-85fc8d8f2b9c	0.9136	M
1	>48b3c288-2638-8c48-a045-562ebe12b9a5	0.9329	M
1	>b171ec2a-8c98-ba5a-7644-65121a2fa47a	0.9169	M
1	>3fc008c8-a140-39f9-ea77-1f4962befd8c	0.8920	E
1	>ebe91dd2-0635-7a9e-489f-634789636bf7	0.8910	E
1	>d3b2b0e6-b4c2-0bb9-419b-d28be3ecbba4	0.9107	M
1	>3616837c-6066-4bdb-9987-cfb67d0f29a5	0.9824	M
1	>1f158c4c-8906-8cca-be35-715061bf9d80	0.9234	M
1	>606b6088-3462-fe90-de57-b3e14e77d498	0.9222	M
1	>91b9da3a-dada-9772-6525-15168d0a492c	0.9549	M
1	>43a5e29c-2ca0-f807-4596-cebbb62ec67f	0.9931	M
1	>92325fc4-05ee-5dcf-9a5c-3545fd63d572	0.8935	E
1	>6d521f24-c970-f9ff-0cfc-3c4962cb23ed	0.9927	M
1	>8906cda7-7b9c-6777-9bf8-4b2a3e6f9eb1	0.9032	M
1	>69956cd7-157b-cbc8-c2d7-967daacdff4f	0.9778	M
1	>7be1c11f-7078-9a44-04e5-d4169a0950cc	0.9855	M
1	>cc9766e9-0dbc-6798-28bb-a4ac9fe5b49b	0.9300	M
1	>ff6faf48-c7f1-68cb-ca5a-ce6d2403474e	0.9512	M
1	>b5b6b0bd-8727-867f-1949-bd243b468b14	0.9911	M
1	>fb46dd4f-fa19-b8ff-6d14-38c7af057cbe	0.9904	M
1	>00862417-33db-8daa-d51d-ca099c0c0dc1	0.9637	M
1	>356d4f5f-6b66-8dc8-e1c4-07b2ad377f9a	0.9138	M
1	>b4e4ab2b-88cd-8ff0-e599-61abf64d2351	0.9015	M
1	>e72befa7-a57c-5caf-3a97-11bafbcc5daa	0.9180	M
1	>193e9fb0-317a-3d4e-92a3-884159ba3a51	0.9070	M
1	>e73163c2-5c15-3cac-dadf-185ca617b727	0.9814	M
1	>061a9113-a69d-b8d2-a905-8b4aa755725b	0.9942	M
1	>c9091d35-47e5-bc05-02de-879777bc86f7	0.9141	M
1	>b30d2cf5-5aca-3241-ce80-d0baa25ff791	0.9133	M
1	>82c8bb9c-90e6-23dc-a0a4-9414ee1c9a8a	0.9118	M
1	>69e47661-710c-6788-a2fa-ef7f04069a7e	0.9226	M
1	>9eb94249-b554-9412-2206-6f6a26136a33	0.9185	M
1	>689344f2-2867-6872-ae24-853f21049781	0.9209	M
1	>fa527754-5c6e-7aad-4800-9b3872d6dbd5	0.9218	M
1	>627a4f4f-4974-5cf2-37bf-866c9652fc76	0.9747	M
1	>a777c9a7-b940-711c-5c5b-33153d2046c4	0.9036	M
1	>734efb21-a5bf-15f8-ecaa-806798540768	0.8987	E
1	>3c3a3c7d-8fb6-ee12-04c1-149816f569a5	0.9196	M
1	>20ed66f6-6c50-9f3c-a3ee-abad5df28f91	0.9148	M
1	>f05380f3-550d-885e-1211-79f369a4ddc8	0.9017	M
1	>2aa93eb6-e629-9eff-1483-a2fbbb08b3da	0.9301	M
1	>7aed0284-6f7c-aaa3-1e15-909e9a96697e	0.9250	M
1	>993e8998-bea6-3647-7ea0-bc264ff866e7	0.9259	M
1	>a804984c-8b99-6983-062a-17015dbb81fa	0.9358	M
1	>550199b9-4faf-86be-40dd-286938ef1c7a	0.9176	M
1	>789e1740-504c-126c-0243-2ea202257d0d	0.9883	M
1	>eb9cf007-8634-eec7-b84b-13cc72714b6a	0.9159	M
1	>aa2ec46c-44cf-fc58-3c7b-c0c45814f2c4	0.9043	M
1	>398c4b1c-60ab-8c24-7bda-8c15ff85e324	0.9974	M
1	>74d336c3-ed9a-0064-2664-f0d88632e419	0.9914	M
1	>d65f3d99-704e-6169-ad71-531e73a63664	0.9818	M
1	>02a7ff75-d6b6-8a13-f93d-d5a12880b6f9	0.9790	M
1	>7fd5a7f8-d103-c3dd-27a7-6771b376222f	0.9089	M
1	>32645fb0-7572-f11b-57db-723bd21d5d79	0.8872	E
1	>9b51c2bf-f861-acd5-4daf-83405056bd5d	0.9047	M
1	>7f36aa5b-b50d-cc7f-a7a4-f21e3e64c373	0.9032	M
1	>0fd5e691-8682-6944-8bd7-5f5f412c8e7a	0.9512	M
1	>bb4c17a8-e1ec-0a05-ac46-c8e03c32c374	0.9277	M
1	>befae6e4-e346-b9fc-ea41-f7723ba1f714	0.9648	M
1	>d2fe157f-1301-3760-c608-d33594c6617c	0.9136	M
1	>0bb2b26d-ebcf-716b-f5a4-fd74586016d5	0.9738	M
1	>b636a94d-f0be-781e-63b5-ede9f5079139	0.9237	M
1	>5ab26440-0b46-6b1e-7124-24cd892ecca4	0.9178	M
1	>31c638b1-7c1d-cddb-1bf6-ed89e22b31da	0.9919	M
1	>52805c16-102c-a296-8af1-069aa4d21677	0.9060	M
1	>2c0d47f6-d57a-a721-a6e7-0ab09a6e5170	0.9621	M
1	>7b42e968-9ff0-dae8-54ea-14703dbb9fce	0.9043	M
1	>8a9e07d1-d0be-a43c-9c42-3bad31a6e37f	0.9765	M
1	>5acd1bca-084b-6687-bc2f-ba970e2fdc9f	0.9096	M
1	>9d4d062e-a627-34ea-e732-40c837efd3a3	0.9743	M
1	>09fceaf3-8bc0-cdcc-5423-f3eefae587c8	0.9187	M
1	>08f7cbd0-8dab-a1a4-d381-b8fd5757b8a7	0.9867	M
1	>3f696ad3-b7ef-bd8a-fd96-c0861ccec4a3	0.9857	M
1	>b556eafe-66c9-193f-c41f-f8e083cb6420	0.9135	M
1	>2e3f670d-7dcd-6fdb-cebf-227f238152bf	0.9788	M
1	>cb478c35-ff68-e190-e72f-da92d19b7a93	0.9717	M
1	>fabd2d27-dd51-dd34-3087-42eef6cfdf79	0.9135	M
1	>c88871be-026c-5d00-b77f-9564afb3ea6d	0.9945	M
1	>4644a782-4887-df29-61e8-b1239e0974e0	0.9056	M
1	>984c83b9-027b-220f-ec19-734587456452	0.8851	E
1	>d49a72c2-9a4e-81eb-d466-4f969d38ab3d	0.9688	M
1	>61d38831-bde9-eb2e-6ef0-113ae0fca90f	0.9687	M
1	>63c62fe8-cf93-ef46-d43f-000108a1eb28	0.9415	M
1	>1402ba82-885f-f8fe-f3c7-fe4ba4f44d91	0.8894	E
1	>26f5eb83-562a-9c5b-a64f-b4ad4ec0d405	0.9204	M
1	>4b4175fb-c36c-6e17-95a2-21c543afda64	0.9265	M
1	>033366dc-7ab6-6707-d4d9-dc8693bb4f3b	0.9235	M
1	>56cdf9af-9aba-b485-88ad-438efc3255d9	0.9051	M
1	>c0bde475-c680-f05a-afb6-c28d4812420e	0.9278	M
1	>76d4a3de-66d4-d075-df1a-4d420647c7f3	0.9132	M
1	>9628233e-de57-429d-1194-18592f10fb01	0.9194	M
1	>9bb8fb57-b128-c269-4d47-36c912cd3e40	0.9851	M
1	>dbf8828b-71da-8168-f18a-9ae9aad8a341	0.9192	M
1	>474bb5cb-c419-0454-2159-517ad7843f92	0.9194	M
1	>3a285eff-ce9c-d988-7be0-522f4dd21524	0.9176	M
1	>ab626480-e258-a1d6-831d-ccb6b5f1efc9	0.9096	M
1	>aaad751e-91f2-66cc-c450-ebb962952fab	0.9136	M
1	>d3c1c177-c5f6-61b0-094f-8aae6bcd279f	0.9745	M
1	>5e59ffbc-1b1a-7cfc-c305-be92ad4dbacf	0.9192	M
1	>bb91b89d-d9c5-5845-2061-7bc2c617e6af	0.9400	M
1	>abf011bd-5ff8-809c-21f7-4ed83436c562	0.9193	M
1	>ce6c1abb-5ca9-cd6f-33eb-24cc09f7b103	0.9194	M
1	>7b42330e-beb5-f4d7-e107-c3c99e20445b	0.9039	M
1	>f20f6c43-c971-daed-95fd-55d164516a05	0.8861	E
1	>6293230a-65ee-d77d-5f9b-ddf884837fc9	0.9526	M
1	>1839e34f-52f4-f81b-6499-c7d2fd9009ef	0.9461	M
1	>15949624-3e0c-fdad-3a09-ab72f4b1b4e6	0.8942	E
1	>062ccd55-6163-2330-3f2a-4c92813d3324	0.9031	M
1	>6a7463b0-5ecf-c516-2b95-648483e8ef6d	0.8923	E
1	>8b546aac-f521-b067-2c54-69bc847c0502	0.9111	M
1	>3e0352c8-fa8c-9400-51a2-9cb7283916ac	0.9024	M
1	>5ae96241-861f-6ad2-6c53-a493b807d52c	0.9272	M
1	>6f62af20-e203-a9ad-201a-faddaf1e6ae9	0.9119	M
1	>fbe85bd7-c1b0-bb06-c0f1-e3708fef100b	0.9244	M
1	>087cba6b-7973-1b7d-39d4-1e1d2a1c5e7b	0.9877	M
1	>374613b7-87aa-6671-b526-c47806c72728	0.9009	M
1	>760f006c-7849-9ab0-5862-25eb259daf54	0.9251	M
1	>52b4bd9d-5b55-22c6-b2a7-14a12f1c799b	0.9826	M
1	>2fcb02c3-c1ce-0470-aef8-240ba2656f5f	0.8865	E
1	>d7353d38-4057-1d56-c165-5584b7f9733e	0.9875	M
1	>406a4547-a700-8d7f-9324-1b1201e3ea99	0.8962	E
1	>9689dc34-713b-0398-53c5-f65f9a8be317	0.9143	M
1	>8a5cd36a-c79e-a576-32cb-296da4a58a7f	0.9918	M
1	>d7d05d6e-9c3b-7ed5-6599-e4b879625e65	0.9885	M
1	>5dd43eff-2c01-8de8-0e38-1c087241a02b	0.9251	M
1	>6633d995-5a53-398c-675f-bf5626c178e9	0.9948	M
1	>7739625b-66e8-f1c2-fe51-498c47c8a580	0.9153	M
1	>077aac2f-7819-330b-0839-4ab85ac2d07c	0.9062	M
1	>944dc7a6-5d8b-9a10-27d4-421d4baccda4	0.9128	M
1	>3d655fe6-2a6a-ca68-4d00-e63d4d0d41c1	0.9865	M
1	>b83fe1cf-ea1e-6698-28df-65808462bc70	0.9498	M
1	>7268943a-b446-e6a7-6fa9-b52950c449f1	0.9105	M
1	>63a793f5-d542-4fe8-41b1-6d2126d66852	0.9840	M
1	>2af51cba-9e6b-7d38-0f07-97361ab64d82	0.9473	M
1	>c7b77ecd-c041-9681-7243-65876a2f0d27	0.9216	M
1	>715a40bf-88c1-92b0-920f-4ccdf4ae9870	0.9002	M
1	>d3bdf906-0727-e0ca-6107-2f9962331444	0.9192	M
1	>5ebafcf4-470d-5ca8-d461-7684d816cadb	0.9946	M
1	>d99b5380-015b-679c-7954-382e20925fe5	0.9211	M
1	>f95dc2ba-cdf1-35e5-c5de-d4533cbb9878	0.8993	E
1	>8e6b00fa-4ce4-b4ef-7cbe-181082292073	0.9025	M
1	>012e6416-4465-3592-0ead-aed14c5d5abb	0.8847	E
1	>68cea6c0-94c1-eeca-d62f-98ee2a2b38bd	0.8992	E
1	>323267a7-d8f6-c599-7ec1-815a22b9038a	0.8939	E
1	>3bc00b76-7c65-1e84-0073-28c9666e1c6c	0.9852	M
1	>462e506b-892d-9f98-cda8-052803cf318b	0.9024	M
1	>da0bed7a-c473-cc9a-bef8-84d27668c9ba	0.9972	M
1	>1fdfb200-bec7-7682-bb8f-3f90b04165db	0.9855	M
1	>eb0ce0b3-ff35-3548-8164-2ec62bad1d0a	0.9200	M
1	>2a1af6ca-c56e-7c67-dcda-8259fc0157a1	0.9408	M
1	>12d7760c-9107-da0b-fa71-6884e8f468c4	0.9008	M
1	>1b85faa8-b90b-9fc5-4fb8-ae77272a921d	0.9821	M
1	>57954999-ded9-5198-e936-76b14cdb4797	0.9528	M
1	>259ee047-54c0-28c9-b170-111db5b96aac	0.9459	M
1	>0e84a53d-9d56-790e-17e8-d1798f8413d4	0.9693	M
1	>4f186490-d0a4-d61e-5b45-c26706d80b7d	0.9636	M
1	>926c7b38-d730-3ef7-e388-504c9a3187fe	0.9919	M
1	>71468018-d8ec-98a3-037b-5f218cbcdf8c	0.9068	M
1	>031b5d9f-f6b7-2766-eaf3-27bf0a1169b1	0.9170	M
1	>4d52e32a-8d7a-718a-fe6a-29fec88520f0	0.8915	E
1	>2d97415e-1566-ad0f-15ab-7c96cc272800	0.9938	M
1	>87225964-cf38-0600-c223-9bfab031881f	0.9213	M
1	>de47f4fc-672c-00dc-b9d7-d2ebd82c6af3	0.9229	M
1	>f7c16da9-6f86-d68c-da8b-ce7e9a21a776	0.9879	M
1	>8bc598bf-9ff4-24c9-14a9-e4955da4396a	0.9778	M
1	>13c8662e-6883-6da9-2304-e579620c2c37	0.9091	M
1	>bb113e8e-391d-8243-ab1b-e7ebc90b86ee	0.9193	M
1	>b3e259d9-fb8f-f09d-25ab-0ebe0115ab02	0.9426	M
1	>03bfe35f-abfa-d63c-028a-f36bf75228a1	0.9214	M
1	>43f9c278-36cd-4d36-0e28-b9dc60a31fb2	0.9959	M
1	>3cf362f7-e5f0-5ee2-3afa-ac5883d86347	0.9351	M
1	>d04271c5-cb8b-e77d-8488-56733ad52a5a	0.9059	M
1	>e019a6ee-3a08-3a1d-cd9a-9e58952d8423	0.9787	M
1	>e61991a5-5266-92e0-e1b4-6ea495fa729c	0.9891	M
1	>970fa1df-c53a-73f0-3bce-bb230f07c53e	0.9753	M
1	>ca6b752b-392a-a5a6-d2d4-cca4ed4f9da7	0.9167	M
1	>e9505c97-4dc8-d230-f70e-984ce69de8cc	0.9834	M
1	>61e21206-a2c2-9e16-77e8-848ffaffbf1d	0.9272	M
1	>fc540ae8-40c9-943e-345a-0935bb2f5960	0.8973	E
1	>c97c5fce-9d79-6759-fdbd-14c5d8abd45f	0.9079	M
1	>73cb6805-2c66-6b1c-eb55-c09f2fea1ffc	0.9158	M
1	>3ba248d4-9e2a-5ebf-7f9c-7e0a1ecdba62	0.9767	M
1	>d34056e1-a7b5-9896-4b8a-3d3e704fa360	0.9289	M
1	>09ac46f7-edee-4d2d-fa5a-d4a8a94dce09	0.9058	M
1	>b3e9ba6d-b989-ccf0-c11b-9c7b74e8e91f	0.8949	E
1	>64dab714-e6da-cab9-3757-35e1ef3cc94a	0.9268	M
1	>5131332f-3767-1d29-b2ec-4268eff74765	0.8975	E
1	>aebfef42-b286-71f0-4274-319553516132	0.9800	M
1	>ef9cb95f-cd2e-0877-128c-fc5174791236	0.9284	M
1	>a9dd05d1-fa02-7428-3d31-fce8abb73f8d	0.9177	M
1	>bbc42b6e-0fda-fac9-5fdb-0a630d453911	0.9261	M
1	>48295d17-ec45-314b-764a-d30ad9da6c45	0.9091	M
1	>531cf2eb-489b-9ee1-cf4f-7855fa56ac49	0.9170	M
1	>e1dcb9ea-5407-a4e8-5b0b-f257c6884404	0.9381	M
1	>d3d18e68-6295-8877-0d05-dcb2de031eca	0.8868	E
1	>07160960-48c7-ff46-0f99-fbda12308b28	0.9115	M
1	>ee89b504-a344-379b-6219-142e41d49bd3	0.9828	M
1	>371520df-98a2-a3ee-6f8c-e05a5bd05621	0.9952	M
1	>c1cae902-1696-77aa-e54f-d6d4bbd59b40	0.9919	M
1	>21edfe1a-317e-deae-c84f-870c912c211b	0.9282	M
1	>6fd24198-8eff-39e1-3458-fb2bca502295	0.9667	M
1	>ee3cb2c3-7295-f198-9b2a-d9cf0977ea3f	0.9106	M
1	>62f757a4-84b5-8347-b66b-6b8237dae9d7	0.9892	M
1	>c0c58528-6560-f2b3-e029-216f01255ba3	0.9214	M
1	>33cdf864-a20f-ac3a-0961-15b1be825896	0.9160	M
1	>487b6e5b-7626-71ff-ae23-e279eed0d226	0.9057	M
1	>fe0c59eb-f8d2-0c41-4a1e-60db6b3b0afb	0.9199	M
1	>2b898baa-3f40-4a79-ceed-c1c7f249bbed	0.9266	M
1	>e13026f3-aa11-601f-4e2e-29d01a2a0c04	0.9564	M
1	>959edd3a-23d4-de62-7a91-2c711fa4cda5	0.9150	M
1	>70da98e5-592f-7d79-7513-2836ebd7c85d	0.9088	M
1	>52df6c5b-1e61-9cbb-195a-ce72725a9b75	0.9783	M
1	>4970e61b-7c2e-7ae9-b95d-616fed918f77	0.9249	M
1	>ed254dcf-bb35-1882-d0a9-5703b13123d0	0.9553	M
1	>4bf4e713-e10e-f211-8d5c-c1829a9beab6	0.9103	M
1	>f1d4dd85-9929-fa0a-2a5c-592b926642c6	0.9024	M
1	>867c7d9c-0907-2dec-64f8-5e43061b4aaa	0.9846	M
1	>c723f0f3-885f-4933-8ef2-f2009c1bee15	0.9217	M
1	>4df0df08-cc07-0902-902a-41710f1e4dc8	0.9378	M
1	>af1ad898-ef93-6513-12c1-330e01651f4a	0.9862	M
1	>095343b9-fcda-7f69-e6b4-90ce8f96cbaa	0.9851	M
1	>419a837a-61da-5741-7db9-8f80cbcfcb67	0.9935	M
1	>b6ae75e1-a9fd-652d-baf6-46c89e448f57	0.8957	E
1	>ccda4d41-93c6-51a5-66ef-b76e8a8d4810	0.9832	M
1	>621bbc53-2d65-6cc1-24f2-1f1105731921	0.9131	M
1	>b4f05a72-945d-7b96-867b-f746faf23247	0.8949	E
1	>60f4051d-6aae-3003-cf27-8c535367a2bc	0.9158	M
1	>a8489611-2e65-1894-4e36-70f2d8d843f5	0.9141	M
1	>5aae61b1-1661-5345-b89c-9493862abbb6	0.9264	M
1	>06c21da8-6642-538f-e7cb-654bff81ce2d	0.9069	M
1	>62ab3aea-6e95-9a64-111e-607b1d4948c2	0.9898	M
1	>ce87bcb8-cb1f-be0f-d1d2-61fd583f853d	0.9849	M
1	>e767ace6-1916-970d-83ee-2acd72b2f41c	0.9000	M
1	>eadee727-638a-f17e-9b0d-e8eabb8c0fc8	0.9950	M
1	>06842ec6-c8d4-6573-b8c8-d89d209df3c5	0.9196	M
1	>1c4b6d42-60a0-9617-5170-1a0a213dfa66	0.9835	M
1	>6381d35f-f75e-3bae-9f97-9f75b3b5c624	0.9180	M
1	>86d3a27b-9864-10cf-468d-53d283fa46a3	0.9225	M
1	>05a26199-a51f-b8d2-f487-a2fd562361fd	0.9272	M
1	>1513c3d6-7c63-6f1d-3f1e-3bbf4900d9fe	0.9090	M
1	>0ebd4e79-1939-b036-8594-6f9155898d93	0.9297	M
1	>925b5dbf-dd26-b50b-65ea-27e86bd7e46b	0.9085	M
1	>3b865aab-5fef-dd56-fb36-f58120416aca	0.9375	M
1	>f117a67d-067e-b39a-071a-0fac636ae241	0.9046	M
1	>a6c72fdd-4610-c17a-9d48-874dd0f6305e	0.9443	M
1	>4a1c96c6-af43-c0f3-1851-2203d8df8029	0.9026	M
1	>8f66d884-aa2c-5a7c-1d05-678e85313c8a	0.9822	M
1	>dbdff631-47fc-350d-9326-4cf9e9fb2dd2	0.9908	M
1	>c10ff4e4-559a-cf48-116b-ab6fc6877caa	0.9994	M
1	>3043792c-bb04-291e-ca3f-566550d6c248	0.9926	M
1	>304c406f-a5a4-671f-e521-132568d30328	0.9500	M
1	>25e0d42f-5a3a-6d62-2877-7b9e96fbb640	0.9086	M
1	>b2a7790d-e956-71f0-bcdc-26eac4835bd8	0.9288	M
1	>639c6335-b986-c60c-3003-bd8d46e8ca18	0.9975	M
1	>8a791d94-ec72-60fe-67b6-fec7d148be29	0.9115	M
1	>4678641f-4b63-3aaa-9791-faa4298c08e5	0.9786	M
1	>831ef675-2077-2c45-0648-a0ed1f985ece	0.9265	M
1	>e5a62dff-ad85-1fd6-b580-5214662519c2	0.9086	M
1	>fd60c565-0991-7529-2d9d-92e8de1b02a7	0.9657	M
1	>41058733-30f2-10b6-6dea-5bc0e88cf985	0.9726	M
1	>68643c18-e442-c4a9-d877-aad54e4f407c	0.8880	E
1	>5788b77e-fcd3-3aa3-df8e-9a1119b71de1	0.9130	M
1	>e70dab12-5889-38a4-238f-3aac631f8669	0.8980	E
1	>21428689-ce0b-02b8-30aa-2a76bee3dcbd	0.8899	E
1	>a6c59b5e-992e-e354-93ee-6c7979b90ef1	0.9272	M
1	>b63a242b-a5ec-d9ec-4f69-73c9dd9a16e1	0.9056	M
1	>c6e8824d-d14d-0b8d-57fb-dd8faba2e7ce	0.9279	M
1	>b20f2180-8f00-c278-2cf5-17b7f80269bd	0.9217	M
1	>e98ee73e-e3c5-e9fb-0d8c-4398f477bfff	0.9473	M
1	>3e9b8ca1-2bd6-f8cd-1075-7fc4250542ae	0.9953	M
1	>9a9b1762-e330-7da7-63fd-82f5af554989	0.9784	M
1	>60109b60-b85d-42c8-8849-c52b273158c3	0.9572	M
1	>7d8b76b9-f429-3293-1be7-afcafae9fd2c	0.9237	M
1	>d47c74b6-97b8-00cd-d985-4d818fb42e82	0.9234	M
1	>151eb4cb-a9ae-b198-cec4-e644db0e9766	0.9215	M
1	>d4c7fb82-168a-c78a-6375-cae42021fed7	0.9271	M
1	>a730b3c7-af59-c695-9a5d-4bdf80ffc7de	0.9736	M
1	>9776202b-5e76-265e-880d-40ace423ddd2	0.9765	M
1	>3d5a5a0a-4dc5-ba30-47eb-9af0f279950c	0.9864	M
1	>e00182af-74f3-889e-839f-6399245c38b9	0.9056	M
1	>0e0058ca-8e9f-7a7f-d97c-95b772f4d7e2	0.9255	M
1	>d3877386-2a47-59da-f730-65d9bf2132af	0.9245	M
1	>f0f9b3ed-5712-28e6-5d87-b396c343a1eb	0.9908	M
1	>174ad532-daa3-067c-589d-b212842ffaeb	0.9674	M
1	>66564676-872f-d8f8-dda3-ca51165a668c	0.9793	M
1	>0c3a0f5a-0ccc-c6c8-20cc-c934fa9ea837	0.9392	M
1	>e71f7f29-535d-7823-64d3-9653b0313e27	0.9923	M
1	>d5034c30-cdff-e578-8b79-463e26fe181a	0.9297	M
1	>071817bd-ea9d-e1f3-cdb9-a6420bce7177	0.9853	M
1	>72fa6481-d1b4-b7b8-bcb1-32a5b1e4eda4	0.8884	E
1	>79519912-bf7b-743e-a181-79ee54f56684	0.9099	M
1	>0472b1e7-e4de-db8d-bce1-6bdc19ae96bb	0.9052	M
1	>46aa9b52-7021-a06a-4934-47fb65ca7bb9	0.8869	E
1	>113dfe6d-5216-fc57-e8f0-0be5dd317d95	0.9085	M
1	>c099b915-034c-e8d2-1c25-f4e3cd8715d7	0.9187	M
1	>cb777b76-cead-5cd8-eb01-221a6dfb884a	0.9161	M
1	>d929f49d-d544-9b4a-3edd-270984bc3608	0.9264	M
1	>1d80a678-2809-25b9-c5cd-31f36a11ad3e	0.9268	M
1	>c13f0e5b-db8c-ef89-7319-0a3bdcc0d63a	0.9926	M
1	>a0673df0-88e1-5797-5a6e-eca5b15916f2	0.9947	M
1	>24548175-b9a5-dca6-7e97-f45a0fd72e9b	0.9259	M
1	>ef6864c1-3842-4c12-a8be-c49b27a3c06b	0.9659	M
1	>ee0b57cb-aeb4-4c07-61fe-7335888f7673	0.9159	M
1	>8e3072f6-1ea8-50dc-0ad5-b763ddd94c2d	0.9150	M
1	>ee38e9a6-613a-8966-4622-9ac8127d4ea4	0.8985	E
1	>72ec2eae-3594-ee7e-4c29-c0a477229021	0.9180	M
1	>37b4b49c-42c5-d44f-48fb-a2e27cd08373	0.8994	E
1	>9773be54-eef9-b7a9-80aa-a109b86d98e1	0.9223	M
1	>f12f3bda-e5fd-45eb-cd52-2aff89b1a10e	0.9190	M
1	>bfbdab78-89d0-2b7c-76f5-0710d3f90810	0.9065	M
1	>25911990-d04d-a6e4-609d-3821752e447e	0.9794	M
1	>e5dadd0e-9491-0127-876c-e0429f72b035	0.9257	M
1	>a42989a1-7a40-6df9-d878-70242641b408	0.9745	M
1	>5e57f59c-81bb-c31d-4c2a-73594e38cf6f	0.9769	M
1	>df4217a3-0618-1519-bbd8-32cc870a59d6	0.9277	M
1	>784827f5-042c-8baa-f4dd-72562b3e9b6a	0.9848	M
1	>06bb1685-e497-6f4a-cb94-7fe5f391a13c	0.9280	M
1	>fcffc62f-e2a8-3cc0-ff08-c523740744a2	0.9076	M
1	>aef01797-8891-0f33-aff3-48dd5af1e5fd	0.9943	M
1	>8b0a3d15-4433-b405-44a8-648bdbb68aac	0.9520	M
1	>1575fb1f-de7a-e503-fb6c-4791670ce2d6	0.9801	M
1	>0cc63a1b-3dad-9523-e947-eb3c3fe59457	0.9224	M
1	>dcd9660c-824e-034f-239b-61f234479b41	0.9137	M
1	>55d838ad-4345-922d-56ba-7127abd087eb	0.9786	M
1	>1dfaae95-5d61-ec94-abc6-9b4f5ce3c7a7	0.9037	M
1	>d9f55909-bf20-c94a-90aa-b7082dcc3d30	0.9080	M
1	>99ec937c-2267-605d-7158-13ef7f7e5059	0.9908	M
1	>c86a9265-257c-8a7c-d47d-835ff16dbd9a	0.8950	E
1	>f90852da-2e14-95a9-f3bd-5b9d760cba89	0.8996	E
1	>8ae7818d-ff75-4cf7-f1f3-c748ec1d19fa	0.9773	M
1	>cbd0344b-1e7e-66e9-8d1a-301ec018d1f8	0.9952	M
1	>50f2628c-dee7-6a6d-877f-790b6dc3abab	0.9775	M
1	>14a0e09d-3e2f-f91f-f4ff-ddeffaab97e8	0.9025	M
1	>d14352b8-820d-b9c4-d83b-6db933e5812c	0.8909	E
1	>6f29d93c-e655-301f-5688-bbaae3c260af	0.9644	M
1	>69ab1b7a-b587-4d4c-b3cf-8fe45127cc58	0.8900	E
1	>4399e215-cb99-4d99-cb13-961f2a9701c8	0.9798	M
1	>f2dd131b-1035-caa0-14ef-80d8ff0c3886	0.8858	E
1	>47a3d712-3fcf-9770-6542-247b46c88ce5	0.9797	M
1	>92ca7797-4399-d6be-48be-670a645a8ca4	0.9981	M
1	>ef51cff4-2924-c05d-dafc-3fbd763b16f2	0.9880	M
1	>6c6cd792-62f7-48b3-0d32-04495adcfe8a	0.9289	M
1	>f7a5e15a-ca73-bb96-2a80-0faee05f5686	0.9875	M
1	>a28b6aa8-d56e-fc35-8d67-0b26d1b5971c	0.9151	M
1	>ed4a38c9-f6e7-a848-5965-e861314b004e	0.9036	M
1	>57a7924f-b457-0dd7-f2e7-502dc4f83e55	0.9937	M
1	>463e1b29-b7f0-009b-9a1b-db4780b4f671	0.9096	M
1	>c9a06c36-6fa5-9c77-904f-abbba67cd9e1	0.8892	E
1	>876a950f-39ad-9afd-847f-f5f2bd1e17a6	0.9284	M
1	>d44e6f68-fa27-6703-17b5-b72f45798799	0.9009	M
1	>60eb43fe-39a6-aebd-5de9-b3f7aa3d139f	0.9074	M
1	>0dc76c19-fde9-8d0e-a1fb-a86f1ac31be9	0.9124	M
1	>90f19f09-1848-3128-dcbe-99eabeaf0199	0.9263	M
1	>72a457a3-24fd-1064-317c-9ef1b25c7d34	0.9717	M
1	>5a754cf1-b03e-8aea-d802-82140bf085ab	0.9054	M
1	>42f14905-400d-b281-d128-359e1d0058b2	0.9636	M
1	>9de9180e-cc8f-1dd4-8c4d-dad3f2629b13	0.9630	M
1	>d41b952e-1f75-227c-4d5a-515370af9fd8	0.9630	M
1	>16ee14fd-df17-bfaf-d432-d4a509018063	0.9091	M
1	>b3a02371-4df5-7f36-2672-58346b6dbc88	0.9083	M
1	>63248e08-c5ac-e9ad-5f62-e6e1ed00a291	0.9184	M
1	>312074a7-d31c-07e2-553d-18f753922c1f	0.9095	M
1	>046b3270-394d-fa60-b542-7df7fca9580c	0.9118	M
1	>1bb3cf00-fd04-0e01-b2c2-69886429bf7a	0.9365	M
1	>8694faf6-726c-3aff-0351-b9766d61010e	0.8959	E
1	>9623ceb7-a7d5-10ab-ad04-3a783e3aa681	0.9954	M
1	>e1f6f20e-e58c-37bd-6eaf-373cefa6d1f1	0.9741	M
1	>5c3b3efb-66b0-bb1c-b499-b57b25b6d9bf	0.9123	M
1	>1db072a9-ae27-c21c-f655-ae3fa8f37981	0.9110	M
1	>84278422-2038-ca5e-cef9-42595852cd3f	0.8919	E
1	>e048294a-007b-3049-7748-d140ba84e3bc	0.9523	M
1	>bdc3ee9b-6584-f0cc-2544-a3b308962797	0.9304	M
1	>33179285-8e7f-5418-f9b1-88655111f64e	0.9168	M
1	>7259b2e4-c249-9872-2682-86c39004d02c	0.9226	M
1	>dae0fece-80da-3aac-a6e5-ce452217e27d	0.9052	M
1	>0a167099-7514-5d0b-32cd-a59c84a92b5b	0.9115	M
1	>82f1ff65-2086-5cc8-b103-1620a0f68a41	0.9478	M
1	>39c8acbb-1ca0-c72e-a154-07d421dd44a7	0.9159	M
1	>1601170e-217c-ec05-ca54-c4a2fee410e3	0.9172	M
1	>f8557c65-0d5e-d574-0795-9a904c14438e	0.9123	M
1	>cb71f345-5965-5285-e30b-a90fb0063539	0.9504	M
1	>86338d83-3560-a52a-8a8d-5780ef454a9b	0.9915	M
1	>cf41844a-4d30-a904-db21-0e50175f3d10	0.9041	M
1	>a8a2880f-8697-2425-9102-65b315550d9e	0.9111	M
1	>2d7e0526-c7bd-f542-e2c3-65ef5a277c11	0.9087	M
1	>e8afbb3d-44f1-4e12-6864-431d2502a472	0.8921	E
1	>cbbfdb51-5cad-1ee8-a494-2d8772864c64	0.8888	E
1	>573432ee-4bce-3dea-1bb7-36684a5139a1	0.8994	E
1	>11e258eb-235a-6e51-e126-44b68e8851d0	0.9900	M
1	>614f885e-8be3-4e91-1287-28cc8bd68228	0.9095	M
1	>97ab9efb-f6c6-5b66-760c-d30a51e9b401	0.9749	M
1	>a21ef04b-b349-259f-be87-94225b33b4e3	0.9241	M
1	>00cf6f1e-1286-a242-e6a3-227a60e77887	0.9714	M
1	>ed39bbb1-9c50-f979-cf24-ba0adcff2aa2	0.9906	M
1	>02783bcc-ee1f-a79a-842e-35151a5da740	0.9644	M
1	>619d64d6-938a-1b3d-2376-88025c66dc3b	0.9870	M
1	>ff2f5879-a0ca-a92c-c198-05a5668ea067	0.9536	M
1	>681650ef-29f9-0dac-9d27-f12d71608f71	0.9892	M
1	>31d2df73-ffd6-06cf-6433-cca99af00964	0.9237	M
1	>d5bedaad-eec1-99b3-0fbb-20bec3897f42	0.9804	M
1	>2e64ae38-a55d-161c-9352-26fa930d2423	0.8920	E
1	>430a2a92-8df7-7af3-a96a-8801fe4febb7	0.9228	M
1	>a834aa0b-0791-6377-445f-272c034ee974	0.9848	M
1	>99913c01-30b2-3106-ef5f-15537bdd31e3	0.9215	M
1	>2278c2d0-917a-586e-250b-bb7a41c6933f	0.9847	M
1	>95910e6a-392d-177c-5ea7-8c7c91014115	0.9317	M
1	>b55b24d4-ea6d-b820-257b-56c44f602a6c	0.9153	M
1	>ad6e311c-2326-928b-cca7-42a95a3976b1	0.8940	E
1	>1771498b-6e23-3625-6f91-f2856bd24c90	0.9832	M
1	>0fa79d23-2c54-7bed-3b83-80fcf5115dee	0.9072	M
1	>d82e5aaf-dc8f-d9c3-8d37-ffe177d9d699	0.9154	M
1	>fb8bd062-d7c7-65ef-3f50-bc40318e5f71	0.9213	M
1	>29f6abe4-1c94-3f9c-f4ef-d7defcb09a0f	0.9695	M
1	>2f9fcbcc-813d-9687-7fd6-4c3c407d37f9	0.9952	M
1	>1854e980-39ef-bacc-8f37-484d5f2f4315	0.9154	M
1	>bbe34d63-63c4-8820-3451-a9eb923848a3	0.9276	M
1	>176bd0d7-d4fc-db3b-53db-89d04e0b2874	0.9017	M
1	>46ee5169-0263-506d-f06c-51014a353824	0.9770	M
1	>d6edfa20-1fcd-4f5e-6265-3e2420ee1ee4	0.9136	M
1	>4d914909-1be2-ea3b-3faa-5a872b583ab5	0.8962	E
1	>51a023d0-34e0-f36c-3953-23fb7af06366	0.9223	M
1	>f2264d85-c018-15b1-c099-19e508fb1ba1	0.9197	M
1	>1ea35eb0-e6bb-6088-e22b-a96db64d6ee7	0.8950	E
1	>1fa4f432-fa96-7806-95b7-021a8cffb3f6	0.9534	M
1	>b35d4678-98ef-f633-bfdc-8ff0698ed69d	0.9829	M
1	>58dacb21-711f-60a5-b28b-d9da8b81476d	0.9002	M
1	>5fe8b65c-04ef-5a85-317e-c046384c3114	0.9828	M
1	>5474ed9e-55eb-7695-2a80-3ebf85776bf8	0.9839	M
1	>0077ea5b-9a58-6e28-2560-cb1463b3f2c9	0.9141	M
1	>ce0942eb-72b6-8c4d-cbe7-c5026d07c615	0.9936	M
1	>3a3043a7-db8a-29c1-7eee-f7348bb449aa	0.8896	E
1	>ff739b54-62c3-c543-0551-65b0ed5bff79	0.9181	M
1	>55e582d2-ebe2-7cf9-9956-d9aec8d14de1	0.9127	M
1	>5f8f2faf-c938-d784-5f57-6b915237cd74	0.8992	E
1	>a8f322dd-e183-9935-8066-8733517a370a	0.9169	M
1	>f5781600-36a0-462b-67a2-11c7a0b0ef41	0.9270	M
1	>b4d02fed-1f4c-2537-8778-1ed5f0cb2b77	0.9662	M
1	>63509a2f-9c80-feba-9898-8898d3bf7558	0.9251	M
1	>41973e6c-65f2-5abc-426c-8e27e6a0c270	0.8926	E
1	>3894de0a-3673-eb85-3396-faef123c5a7c	0.9676	M
1	>fc1b0f27-208f-8869-0cf7-ce67bb569c08	0.9897	M
1	>350ecae4-d78a-d004-b2ae-d4f58c1c6d8f	0.9232	M
1	>10aa88a0-adce-3197-6434-ebacd8aa37cc	0.9204	M
1	>5de0ba9a-335e-9329-14a8-5326f3c65fdf	0.9026	M
1	>a148c029-b23d-bb42-d25a-2e71aeac5bf8	0.8930	E
1	>1833d7ea-34c7-b533-91ed-cf3cf87dec46	0.9805	M
1	>3f386c4a-f522-feca-ddf9-1e5fc4d03bfd	0.9795	M
1	>d4b77a6f-7adc-3a2d-69a4-e93d0e40f4b8	0.9238	M
1	>253d2394-214e-a37a-0ebc-2597be025b1f	0.9440	M
1	>c6238d7b-3ab4-9ea0-525f-703964d14652	0.9245	M
1	>60fbad6e-e2e4-c1cd-1fd0-419f3f089b9c	0.9933	M
1	>8e8ba485-0f48-09d6-e55d-9cff52baa7f6	0.9122	M
1	>e18ef1eb-55b5-f5d5-5dc4-7a33c8015f03	0.9720	M
1	>f2834894-656b-14af-136f-a52bfb83ac46	0.9807	M
1	>26022ee1-19c5-2a13-166d-32648771da3f	0.9910	M
1	>78fc48fb-0a4b-d506-298c-a345f8abf50e	0.9743	M
1	>31b048fe-cac3-98f4-4598-76b459720b06	0.9940	M
1	>34a784a9-aadb-d7c5-af22-9f359d7ddd4f	0.9089	M
1	>80e2d8cc-d972-3f0e-70bc-9d388e1151a4	0.9776	M
1	>8ead0a3e-3136-cd47-dd14-d0277fb8dd61	0.9163	M
1	>fce729df-5644-eaf8-5322-489fc900ee9c	0.9185	M
1	>f73e6410-c6d1-2026-a46a-3403fdb2604c	0.9261	M
1	>5c0749a9-d1b8-1204-527a-097510d51780	0.9098	M
1	>c9719d45-9d3e-deac-6c46-72e976db6a1c	0.9902	M
1	>0bd46ee0-02ca-747b-9321-f86bc2fd108d	0.9161	M
1	>14e8c756-45a4-71f6-94ba-00c05a55e24f	0.9087	M
1	>e935ad89-b0e4-439d-b21b-a9e811203a7e	0.9186	M
1	>f6a58cb4-5ad6-6f0a-9724-ebc313ad6c1b	0.9037	M
1	>d5a4eac7-1c24-8b37-7651-7ed8d2744573	0.9239	M
1	>935db8f5-1e7e-50d0-2ba3-bea7acf92590	0.8905	E
1	>d165b838-9d57-819b-4a35-c2792be2206a	0.9957	M
1	>79f837d0-f44d-1d0b-dc9d-bad2035f31a4	0.9195	M
1	>95f61e29-78af-8d62-9312-1778fd8e6a29	0.9362	M
1	>e1126b0a-6527-e8fb-0fe5-1b05678b7f03	0.9111	M
1	>6ebb2eeb-6a08-9740-1fc2-07f5e0946fce	0.9130	M
1	>e7276541-afb1-b2c7-051d-ef330ffd4051	0.9291	M
1	>c9e550d8-3b4b-9a69-94c0-9176eeed34a2	0.9075	M
1	>d25bf009-cbab-dec2-ec11-ef7259738bf0	0.9124	M
1	>aee157d0-be7e-8c8c-98dd-d31684956c30	0.9059	M
1	>32ff911d-0a47-f238-03d9-7c0f8d29c04f	0.9756	M
1	>6aba0e34-fb4a-7c23-0cc4-e22aba220b1d	0.9199	M
1	>a74ae440-7c3e-9e6b-4182-681b43ac333b	0.9189	M
1	>dbeb616a-d833-8fa3-04fc-f2b418683599	0.9833	M
1	>bae5c082-ed38-f474-c92d-a8a3d7432d7a	0.9186	M
1	>c23f18eb-4ce6-984e-ccf9-ae0e84c3cae5	0.8962	E
1	>ba09cbab-ae4a-0a4d-5202-31a60467b400	0.9000	M
1	>dc95dcea-86b9-4b0e-2916-f44bd2382e4e	0.9105	M
1	>4a621e6d-039f-fb3e-c249-6873f7c40671	0.9301	M
1	>150586ac-d475-b8e5-7c4e-6c06224d332d	0.9185	M
1	>1ddd3d4c-6545-8fb6-060b-5f55cb29efda	0.9094	M
1	>6134b6ba-d236-d81b-576f-70ac8361b215	0.8860	E
1	>37fa9939-b25c-9e87-be29-f09a6dd6138a	0.9903	M
1	>7577391b-fbc5-8146-26ad-2dd5738c43dd	0.9197	M
1	>5285da81-b0f1-f38e-8289-167d274f3a3f	0.9093	M
1	>5aa100fa-daee-bb96-2dca-c55c76b8870d	0.9191	M
1	>c34cc6a1-8268-2df2-5d43-17109747b450	0.9072	M
1	>42ceaa2c-e15a-e5cb-fd5e-61f5830db998	0.9147	M
1	>edd8d418-2c17-cd2c-ac5a-6397ffb52547	0.9448	M
1	>73346304-8529-7918-783d-d3adbc8a04d8	0.9934	M
1	>3e4ecc55-4457-30f5-9521-e15a68feda4f	0.9120	M
1	>c291192c-ba38-3905-cb97-b78fd0582238	0.9654	M
1	>bfe20a92-f490-3be3-8d30-7d970f2d7fe0	0.9001	M
1	>948262c6-4370-87a7-b857-aaf0fcb0c71a	0.8894	E
1	>c52abd82-59ee-2bd9-7e53-93445c90dd30	0.9207	M
1	>11349665-8010-abf3-c5f6-cde34e77a28b	0.9240	M
1	>3b5db58f-8414-d225-ef64-44dc32b4c766	0.9251	M
1	>73486f14-a476-d5df-b5f4-72016cfb3156	0.9243	M
1	>e75b2ff4-005c-44dd-4aad-1022ee3af770	0.9019	M
1	>ab1daa00-693f-8720-5c48-707e32c462c9	0.9914	M
1	>a4dbf93e-4164-f652-6bb4-3a1a535ea303	0.9376	M
1	>4c445cb8-93bd-c65c-a725-7eb1b9843fdd	0.9284	M
1	>d448e68a-e021-3f6a-7565-b0be7458d414	0.9871	M
1	>d6c7ddab-78df-1fe5-7f7a-749d019b3bfb	0.9548	M
1	>396605df-be1f-9dba-a725-2f625099b7e3	0.8940	E
1	>f0f86c2b-6dd4-b08c-a41d-be8b6883bfd8	0.9242	M
1	>603e4dea-4877-df5e-ca5b-6dfe23b67c37	0.8958	E
1	>d39c88e9-f6bc-aecb-d07e-6e80bffbbcbf	0.9097	M
1	>6bc519be-fb8c-160b-031f-1d191580c081	0.9736	M
1	>328f6d17-40a5-1372-0088-1c784802e84b	0.9218	M
1	>42b749a6-9b92-6829-521f-1451461c0682	0.8895	E
1	>fdc97782-d6c5-c779-3683-0b066e018846	0.9862	M
1	>6e69efdb-5167-df83-8988-ca399bb385d9	0.9005	M
1	>aafd5538-44fd-5bd8-3ddc-64d1c28d018d	0.9135	M
1	>7cae32df-4dbc-ebbb-f129-db54379075d6	0.9877	M
1	>910b6a47-84eb-449e-e355-3c4d90fe69e0	0.9420	M
1	>ffc9c891-f1a2-e643-c11c-1067478afb6c	0.9115	M
1	>eb550e55-c9c7-1c7b-804a-68473c7f57fb	0.9819	M
1	>00635af3-8fa1-518f-5617-658a274e8690	0.9076	M
1	>6a84ff45-2412-6cb6-d289-6298fb102c4c	0.9515	M
1	>12d38f83-75dc-89c6-7185-a292c296741d	0.9559	M
1	>d0df299c-ecbd-d446-1043-14d28586aefe	0.9280	M
1	>e34173fc-b4d0-797e-4d16-52d6ba0b5e2f	0.9901	M
1	>c0c340df-c262-78d0-b720-0cdcc55b2449	0.8994	E
1	>fe5692b7-c9bf-c75c-67ac-0f9c8d3b106f	0.9755	M
1	>d52c9103-2976-ebae-da20-63b635a57b7c	0.9144	M
1	>4b5df4d5-ed3b-a1bf-09af-7172d1d08f59	0.9646	M
1	>0a4c7a36-54e9-0489-891f-8ac455cf1004	0.9185	M
1	>ada4db41-2748-1a6e-ee18-2a5ced24a6a2	0.9205	M
1	>188d67d3-bece-1960-aac0-12114852e869	0.8969	E
1	>63203afb-459d-bcf4-9c13-41bcac8f111e	0.9227	M
1	>f2a93b04-8b93-07df-4625-8766bafd5356	0.9228	M
1	>6f8ca8b7-f36f-71d3-0922-c5d08089ea1c	0.9897	M
1	>ccd0a087-c22b-4165-82fe-453fe6c9acb4	0.9723	M
1	>c8c55fbc-0f57-2989-c533-641ccfc16a52	0.9947	M
1	>ebbb75a1-bcee-f093-45d0-c64e471154f2	0.9179	M
1	>e0625bb5-da8a-0e96-5f03-0047302c72c6	0.9167	M
1	>4412070a-7597-33ab-374f-c078b633067d	0.8860	E
1	>2ae57e18-ee53-7e49-c4b5-271d8595b852	0.9634	M
1	>82beb6f8-d4ad-d0a0-aa7c-bd4283251c54	0.9739	M
1	>33d9bef6-8aa8-214e-ce7b-56546471b4cf	0.9835	M
1	>ba3fddbf-0479-99a0-36ff-540345acc69f	0.9226	M
1	>f532ffed-d8b5-914c-f44a-4eec17edfdf9	0.9214	M
1	>83668374-8944-0806-4f92-ab2fdf714ba0	0.9676	M
1	>695ff879-9af2-c45f-abe6-95ef8f7d65a6	0.9668	M
1	>661a6c6d-c116-0964-abe9-88660c56e307	0.9191	M
1	>f66aeb7d-cb81-7610-70ec-6b52f871dfbc	0.9265	M
1	>2c491780-f8e4-514a-e9c1-27da89750351	0.9119	M
1	>f573d95a-7166-0d77-b67f-3d0624a0c34e	0.9879	M
1	>4cccd5dc-c701-29f5-0210-fbc3724611ce	0.9082	M
1	>3ac1e451-9589-3bc9-52e5-d6731968a521	0.9866	M
1	>1566dd22-134d-94e7-643e-34c9014e45c0	0.9240	M
1	>abfbbe45-299f-97b4-c883-5e5318235c5e	0.8999	E
1	>0dc52483-8801-83f3-6d43-7fd7aba5e620	0.9779	M
1	>a7367fb9-84ba-1815-d953-382a8ed67235	0.9015	M
1	>f4f26bab-0b8d-2d93-7724-bac5cc6aa210	0.9283	M
1	>ed937ac5-4580-f0fc-9b07-e33c33953060	0.9812	M
1	>53e2a526-b407-0534-55f2-35338ad266bf	0.9790	M
1	>9d9eea9b-9158-e035-aa3f-7e0787418daa	0.9730	M
1	>a7834d19-6244-dcbb-d228-ca1d5d1064b0	0.9654	M
1	>56ca576f-4d06-edaa-c39c-6fa603526d0c	0.9944	M
1	>1ee16a71-3d58-2635-e459-1c9de02c6747	0.9669	M
1	>c08044ff-be58-f0d3-f3ab-6e885164c2f8	0.9665	M
1	>f21e3cd6-e1c0-fa8e-740d-50ca1b572bc3	0.8962	E
1	>542a0675-18b4-f831-1cb3-6e3528dd53b4	0.8887	E
1	>2daca1af-d14c-b566-885f-07b121cc2e71	0.9787	M
1	>85a6c894-948f-fe46-3d74-d0a9fdd74293	0.9626	M
1	>ce7708f0-e6c3-c20a-8497-587ed8caed26	0.9254	M
1	>2c7ae832-ca6d-4ae5-accd-c1cc11c45629	0.9931	M
1	>b50d0719-49de-85b5-e9c1-ce07d12f29d7	0.9236	M
1	>1b42e55d-cd4b-bd55-994f-de505bfed393	0.9051	M
1	>7df64eb0-190d-916f-4f02-242caa9e465e	0.9071	M
1	>4db1ee72-4a2f-3dbb-13e2-767c80bdfbce	0.9585	M
1	>47e6e897-b00b-948d-5a51-00e1616acc8b	0.9765	M
1	>fe7150ae-bb1c-4ea1-be40-f8f1f990fcd7	0.8898	E
1	>c35f083c-4978-0bfb-4672-c9d0b3e804ea	0.9541	M
1	>90c00594-2589-a4c6-45e5-9aa6b7fa20f5	0.9857	M
1	>75eafed3-8f1c-4701-d576-6601960c4ddb	0.9496	M
1	>08487246-0326-a546-1f9c-2d7295336251	0.9190	M
1	>1ec9ec4f-2739-d372-af07-4c786169f145	0.9485	M
1	>bd8f2cc8-bde0-9d0c-1518-d126212f7688	0.9430	M
1	>a3d5e482-a032-2f72-c01b-c86ee9f2fab9	0.9229	M
1	>7d8dd9b7-7096-be7a-69e6-90a4a80c9b8e	0.9051	M
1	>2e64f599-3418-57e3-891c-26c081b14bd7	0.9022	M
1	>641a3596-e5a0-624a-46b8-1dde92109ba6	0.8830	E
1	>c16ed6fe-05c2-a4d3-07a9-057e66c238f1	0.9883	M
1	>ea7c6128-c00f-3d9b-84c2-5b0c80497a50	0.9171	M
1	>7cd0d672-26b1-3ec8-40c5-4e7b094ce253	0.9696	M
1	>bafca39a-5284-2034-8ab1-81a7ebe80c22	0.9819	M
1	>cb456e25-aebf-9839-a9c0-5b917d999382	0.8918	E
1	>d501ce3c-dbf2-293e-3d9e-4acc628b98fc	0.8945	E
1	>172952b5-a69a-f1a0-3ab3-02056abeb875	0.8984	E
1	>c0793d02-9e54-bb30-c735-a204a53089dd	0.9123	M
1	>f1b98c3b-8ad1-f19c-5668-25bea98f34f2	0.9815	M
1	>cfd615e2-1929-6a8b-c7a6-84c0f69698a9	0.9626	M
1	>b1ac2b48-b7ca-ae73-aa80-6939e69a44e1	0.9090	M
1	>924e02e2-a747-650c-972a-2f8076a2737c	0.9107	M
1	>28665334-d4da-bfff-3333-fd073e283c13	0.9861	M
1	>7993457c-5e0d-4119-15ab-96857724a02e	0.8850	E
1	>dcab6231-898c-5245-02c7-698767745d26	0.8944	E
1	>87ca87c9-ea35-ffa9-264d-b8a81e091efa	0.9457	M
1	>14a517a7-a326-2785-f84a-920415b06c32	0.9904	M
1	>1b81b3c8-d923-beaa-25d3-da04e7da77fb	0.9238	M
1	>c318b651-f510-5da4-bb2e-52099a16334d	0.9875	M
1	>3a5253f2-7146-ce7e-6309-8d050bb7bb85	0.9075	M
1	>3f5a5a1d-5e48-888f-2947-b0c3c0abb3a6	0.9226	M
1	>2f380077-a4ae-0bcd-d56d-78c8954b30de	0.9183	M
1	>388a0e3c-bc25-3182-f91f-8d4c25badfa6	0.9756	M
1	>0d33887c-2021-7b60-b1a5-5cbd71a648e6	0.8925	E
1	>a05d04b1-0f3b-5360-e843-fa68adacd100	0.9092	M
1	>dbc03d63-f96f-ec51-ce71-46cf22efab0f	0.9181	M
1	>a1b208bf-26b9-610b-ab27-0069d1f2b689	0.9065	M
1	>cd01b38a-0704-3176-5028-b884ebb29a3f	0.9295	M
1	>ab7fa2bc-550e-521f-a37d-36fcc21070cc	0.9231	M
1	>b20ec941-bc3e-91ce-79ea-f98ac29c2822	0.9753	M
1	>8aa3f037-e35d-2646-8c0d-771e690eb265	0.9831	M
1	>7f40c30f-66a2-0327-8074-19aa6f763595	0.9488	M
1	>be3ef245-8ea2-a3ba-407a-de70067b960d	0.9256	M
1	>4b654502-fa8f-1e8a-86b1-cf1d6f14a62e	0.9549	M
1	>78e9c9fa-7ded-7bb3-ca7e-f71dbbb600cc	0.9139	M
1	>6aa8d8d4-0544-fa1c-06c7-83da8cce4183	0.9606	M
1	>4a0142f9-3bc3-9b2d-d485-8ce3f2b54d4d	0.9806	M
1	>14d5a292-6195-e9a1-3dce-81e89afb5a93	0.9236	M
1	>e85edc78-d15f-46e1-1126-208f78627800	0.9095	M
1	>06fde053-b6be-533f-5291-5b9ac394160a	0.9025	M
1	>76b554cf-b40b-98d3-15f0-2a36c822ad2b	0.9101	M
1	>d2cc2fe4-e16f-1aab-9449-42f0bb5195eb	0.9428	M
1	>abe48e7a-f7bc-c2de-1229-8ee00dceef8a	0.9979	M
1	>e47ad3ef-c048-8e87-4508-aafd32429912	0.9087	M
1	>24961a18-1c28-87b1-ee11-9dd986210537	0.9807	M
1	>b99c3ca7-6dad-0e70-8f35-36269106dfb3	0.9889	M
1	>5ebf82c4-143f-1c78-ebed-117ffb32e5f5	0.9317	M
1	>0b6016ca-3cbe-7216-6765-32118628cae8	0.9149	M
1	>79dc5bc6-ffb6-7b23-fbc9-879b26e1962d	0.9002	M
1	>8af4a4f2-6c60-12ec-a8e3-cd6c0fc57a91	0.9916	M
1	>4d62cb48-63a9-e986-2e41-12c2d63f6864	0.9059	M
1	>0b637fba-36ba-08a0-ae9c-7c153c470ce9	0.9878	M
1	>bef2502e-9d1d-1a78-7eec-3344d925e625	0.9098	M
1	>d067b64f-7700-c150-e5a8-cbacc8c83969	0.9148	M
1	>1498d2fb-a586-d259-a1f0-1b62cf21f044	0.9117	M
1	>82b9e4b3-b7ec-ea7f-7cc1-50ad0537a9c0	0.9967	M
1	>5b79416b-1193-cc4f-4f78-df0f89f0c3b8	0.8993	E
1	>187e7809-83e1-b4de-567a-2ad2cc0775e2	0.9058	M
1	>02f84f12-e724-816c-d5e5-7dbc8080b8f7	0.9057	M
1	>d157186b-275b-f277-c473-834214f7bf28	0.9263	M
1	>62b576b3-b3c3-d370-1079-e35d66b0fafe	0.9199	M
1	>f10266da-3e75-c3cb-1bb2-47ab00593371	0.9242	M
1	>74727c7f-0bc6-e7b4-7bd0-f2baa4544ffe	0.9014	M
1	>f7d85606-2828-d1e2-ae67-292752158d4b	0.9738	M
1	>ac0114bc-912a-aa01-5bde-f9fc0b74752e	0.9987	M
1	>b9c1991c-b66a-7eec-f93d-8d7d9475a85d	0.9262	M
1	>26198115-d2e5-5f72-960c-88e3dff2268d	0.9695	M
1	>804dc708-719c-b182-bc04-329179e7eaf1	0.9096	M
1	>cc44e232-c412-c844-ba19-ceb0f3e30fea	0.9109	M
1	>2cfbc597-9467-5a60-552e-88116e73f7aa	0.8846	E
1	>475d4a10-879a-d711-93c7-fde208694a80	0.9632	M
1	>f7ebc847-8e43-6c4c-e085-11c8f9b41e72	0.9206	M
1	>f1e72512-d7cf-12ba-c9c0-d612dbf51d03	0.9172	M
1	>0fd6dc8f-cafb-70d2-f6c2-7f1f829627af	0.9170	M
1	>03219f3d-ad42-b4a2-3d4d-4b6ecbe75b22	0.9830	M
1	>167ee988-9bbe-f69d-249a-bd9751e567d1	0.9274	M
1	>afbe3613-d92e-6543-6f7d-c1bbb1ae402e	0.8939	E
1	>e1c946de-a017-6b29-3afe-0423fcc12e84	0.9279	M
1	>c6d3e261-475d-320c-4209-a4fbddf4fad6	0.9855	M
1	>d9a7a397-ed02-d677-2578-05993ab6f4af	0.9198	M
1	>a624ab45-1530-a0d6-c775-220359b73719	0.8855	E
1	>0818030b-552c-3613-3d77-2ffd7231eb85	0.9268	M
1	>38954096-bd50-47f1-3886-defd3e32c699	0.8900	E
1	>b0ff561e-f574-64ec-0ce4-e4ff29c44a18	0.9126	M
1	>a51b0d91-81a5-22e4-3b3b-ce045a74d0fa	0.8924	E
1	>5ab706b9-7c7e-574d-e4e2-f3e2dc1a2648	0.9754	M
1	>c662754e-cbcc-44e1-05a4-9a415078eff0	0.9934	M
1	>e8be1201-3082-2fe5-2a4d-69d97420d4b3	0.9268	M
1	>72bfe733-4af2-5e46-3595-475ecf3400bd	0.9130	M
1	>1a78f117-811c-d926-81d9-48baf7c084d5	0.9177	M
1	>f127ebde-9a4d-72d8-415a-1b00f7cbf73d	0.9273	M
1	>3aa22c2c-60ac-08c6-034a-649e5c444985	0.9693	M
1	>929010e2-8c37-9fdd-498b-3c8cdb3fc6f9	0.9198	M
1	>4d1258c1-ad7d-8da3-e7fe-812f2e341d46	0.9006	M
1	>be36b0c7-5abf-61bd-b047-ed5c2aa2d484	0.9150	M
1	>11b28024-8dcc-c4fa-6fe4-3aa7ab497b2b	0.9192	M
1	>17795ae6-2d4a-5112-9649-35bdbbf9ec0c	0.9116	M
1	>b27e9bde-5c41-106b-e276-56537935c22c	0.9836	M
1	>230589d0-4257-a63e-7721-16fede0911d4	0.9082	M
1	>76ab873e-4707-656a-b970-e3f1c14d84a2	0.9049	M
1	>bb777166-6114-1761-4985-6ccb5c3a870c	0.8892	E
1	>69f6b371-026b-d0cf-b0e8-f7ae43d7442e	0.9188	M
1	>452a5b10-584d-ea1c-1fa4-dbe17c8bfeca	0.9930	M
1	>04211b45-9c39-c364-5d41-077f9ebbe30f	0.9130	M
1	>a2edcc4f-d015-3eb9-bfb2-bafb909f240b	0.9377	M
1	>ce34c7da-6c90-e5e7-783c-c81639b72b89	0.9835	M
1	>0e0016c3-87d7-ee41-0fa7-1e3057ed2b51	0.9745	M
1	>44e17c7b-b657-625b-5a9a-4e063338ded3	0.9064	M
1	>2f180f7b-a3a5-1551-e18c-e33bc05422bc	0.9214	M
1	>75977d3a-4a18-9820-7daf-4a4fbfcc4424	0.9393	M
1	>3a9bd988-53b0-35c7-a28e-8edd6eca4a8a	0.9220	M
1	>a3fe4143-bc89-aef9-2987-74fe1dd83478	0.8975	E
1	>2b0961fe-5e91-3717-7976-c425ef1ef8f1	0.9104	M
1	>f0986e01-755f-1aae-021f-edcc8952d6df	0.8937	E
1	>444286b2-4caf-6f7b-c9c8-a51c3582a4d1	0.9353	M
1	>6e4305c1-1c60-61cd-63ae-ca15d70037ee	0.9630	M
1	>5805f64f-75f2-2a57-3cb5-7e222ff86232	0.9199	M
1	>063a6286-eddc-aa3e-c11c-ac1f9f44148f	0.9161	M
1	>def9a54b-a9ce-8efc-e46f-6690db2de263	0.9630	M
1	>9fcf6eb7-51bb-5bcb-12ea-ca423fe4e4c6	0.9637	M
1	>62f4f162-5175-c190-fb58-6cf3ef40c9dd	0.9602	M
1	>41dd91c0-d3ff-9f4c-2362-f93c9b177fe2	0.9072	M
1	>e9123f77-5de5-b316-cfb9-9a9d50279f13	0.9272	M
1	>fdb51265-26f5-c3fa-7151-791a9906e6b3	0.9174	M
1	>7639a16b-4a8b-d8af-5484-bdc3d86afb32	0.9414	M
1	>0155e15a-2357-f14d-b1ca-0a9e7ad20029	0.9024	M
1	>0b44f637-ecdd-950a-b8b6-53ba19d12ca6	0.9876	M
1	>306fb1f8-f3f5-b5dc-ad8a-182674b9e949	0.8884	E
1	>5bf51f68-404c-69cc-cc90-b8e477cef13b	0.9763	M
1	>50d9b392-ffbd-3d9b-e43d-b8f91c28fe83	0.8969	E
1	>d3a9d040-5771-5e6b-c9c9-54016eab435a	0.9094	M
1	>3a2504ed-ac0e-bfff-2abd-0d74fac94fb2	0.9659	M
1	>28d3cf61-6277-2d56-88c0-dc1e31587de0	1.0000	C
1	>6f4d78d6-2a45-005f-23ed-5e20a4d9dbaf	0.9162	M
1	>de874a69-f0db-0228-5e0a-d8d2d21867fc	0.9980	M
1	>ea896030-c37b-6b75-b073-eacf8f865a10	0.9811	M
1	>f486b2f0-449c-244c-6051-0157232dff66	0.9068	M
1	>a5973aef-6448-0af7-cc17-64f9f057b41d	0.8914	E
1	>de5619ba-7241-473d-cd99-bda905f9d9c3	0.9405	M
1	>8c68f02e-b1c8-1a96-e973-4714bd423d94	0.8989	E
1	>5537621a-8963-b38c-66c1-8353aecd9300	0.9063	M
1	>448f1cc6-9be2-22ae-9ef4-063467787ab5	0.9721	M
1	>9b6f3efb-005b-4745-90ee-0c8dfc0a63d8	0.9050	M
1	>af74ecf1-b21d-ba35-880c-f32e141c9779	0.8921	E
1	>15b3ee71-bf6a-746c-86cc-d7859f0344b2	0.8938	E
1	>9ef37279-50ec-c207-9366-f3f65cbc7b38	0.9746	M
1	>f63aac30-956d-92c9-62cf-1518f44937ea	0.9150	M
1	>c6f5e42f-7f47-4c10-8f92-fee9134049da	0.9259	M
1	>800aecf9-f799-e457-9755-b027eb9ff187	0.9266	M
1	>820f94fb-5a8c-2fe4-3d90-1272e276482d	0.9213	M
1	>8859af4b-5868-5d8a-f67a-cefa6b85874e	0.9909	M
1	>3191ed00-9f2c-f165-b02e-9c3eb168eb51	0.9141	M
1	>0282e382-3154-aced-f3ad-ef7f7c3be3a1	0.9252	M
1	>9faac3e7-c0ac-1689-7cfa-a74f5d35f752	0.9648	M
1	>2adcd240-7c41-ac43-091a-78bd619f5677	0.8919	E
1	>2d88452d-2877-a62d-6a61-d1ab1b433f98	0.9232	M
1	>7ef6f2bc-e815-1161-81e9-722de9759d84	0.9718	M
1	>44d1ddd0-bee3-8ce9-d1e3-6e54019972f5	0.9694	M
1	>dc110800-3c57-1246-74bb-b52d1d1497ea	0.9096	M
1	>eddbb77b-0cf2-e3c6-1942-1507bed95c2e	0.8979	E
1	>db9828de-3124-78bc-932c-e5da517f2268	0.9623	M
1	>5fbfda67-e841-3a43-2f17-6b45f8ca1352	0.9848	M
1	>f2fcb1db-864f-753a-7b61-b166825f6087	0.9317	M
1	>06d200a2-439e-631a-c378-1f2b5a4fc65c	0.9341	M
1	>997a2b46-189d-9d31-7bb7-51176618787a	0.9774	M
1	>ad78adc9-c844-902a-cbae-c11c1c807d62	0.9032	M
1	>0be5b8dc-0b56-4ca3-2621-aa65897c5bfc	0.9543	M
1	>56d9fe27-7d63-8781-f804-378f015ca7f3	0.9906	M
1	>d3114693-fe2d-4cc8-5252-34eb7b04e4b4	0.9533	M
1	>74e57372-7909-8d84-9206-8a7b1acd841e	0.9216	M
1	>ab8aaa78-610e-9358-c282-4d1b39051f72	0.9162	M
1	>5fb271af-2150-5fff-eaa1-fd93384db5c9	0.9651	M
1	>60a4b216-7b06-bae8-6bb8-a74eb3c9fad9	0.9630	M
1	>0e3f16c2-295f-0cd7-0438-341271ea7ecc	0.9455	M
1	>0fdc1c7a-88f2-05fd-677f-f0ddc8698914	0.9416	M
1	>4fe339f4-0c18-4f58-ede5-4ca95d1b2308	0.9232	M
1	>badb162b-73fc-18dc-bb41-e58ddd93aa95	0.9252	M
1	>cc8ab646-053f-b624-6aeb-7466d12305f1	0.9174	M
1	>ed53615f-9820-ec97-892a-0f0a4c66900e	0.9919	M
1	>807ac045-0293-2fcd-b0d8-e43258d1b1cc	0.9009	M
1	>db8548b3-197f-1ffe-d70c-704ea6fbd7a8	0.9312	M
1	>db1fca49-1379-7ddd-ffc9-9228b68a5087	0.9441	M
1	>3886bff5-25fa-292e-b161-1187403fa698	0.8854	E
1	>3e165bf1-a5d6-4f38-25a9-fde279dbd698	0.9783	M
1	>df5b0f22-fa03-d7f3-e931-898928ffd853	0.9803	M
1	>76b6e1f7-4d2c-3fee-e05a-ba20227afbb7	0.9930	M
1	>2bdc484b-a953-9216-a479-6a55b5bc08c1	0.9091	M
1	>c5121d59-73d3-8905-60fd-d659b32d328c	0.9138	M
1	>5e987924-c0eb-f2f7-2ab0-7fae557da992	0.9780	M
1	>9d06bb30-fe73-ba68-374b-c71105d284a6	0.9254	M
1	>22c340c4-c8c8-d8e4-b352-1293d582f968	0.9257	M
1	>336d15f3-ab07-5b06-8fa3-5c90c29c784d	0.9013	M
1	>c4dae5dd-3692-3531-68d9-b082a782c6c5	0.9223	M
1	>b387eac1-010a-037a-8c60-a1abae503a71	0.9179	M
1	>63649af2-ca52-d020-3fca-b2ca78b6a86e	0.9566	M
1	>ff1d7c88-d9ba-28bf-9020-96b21f47267f	0.9009	M
1	>702ed071-21ea-66d7-f7de-063b4d754db4	0.8908	E
1	>1da3628c-9993-548e-f3e3-41c7bc1281c8	0.9771	M
1	>c8039edd-d902-b089-68f4-0767e5dd63b4	0.9650	M
1	>e39612e0-e453-729a-3165-97c6c9665bd0	0.8948	E
1	>acf19529-caca-a920-8751-47f5ef666a9c	0.9128	M
1	>5fc215a6-0c5f-d8e5-0ea3-a2bc5744104a	0.9162	M
1	>4d270f58-34fd-88ef-73b9-7faf5ba445be	0.8900	E
1	>fdd1ed11-f7d6-36fa-bcd4-03b12b307cd4	0.9876	M
1	>bc62b0ca-6d5e-020b-ff43-33aabffbe768	0.9652	M
1	>f6f55981-5629-cad2-34a5-7fd8458f616f	0.9294	M
1	>eea8766d-b1ac-9159-4405-4b86dcedf6e8	0.9281	M
1	>8756310d-09a9-3b6e-5db4-2c8fce594c69	0.8974	E
1	>801b26bc-edf8-3cf6-7bf1-46afefca004a	0.9150	M
1	>b5b8c66e-4bd0-fd72-c110-cfce316cc348	0.8912	E
1	>cf53e3b2-4ee6-be02-aeb4-5025c3d304ba	0.9201	M
1	>239d5777-52d7-5a34-3a82-7ed04a31aa32	0.8940	E
1	>b8fe9da0-163d-ca06-4680-16d20a61376a	0.9194	M
1	>2515bc7a-1757-cb5f-008e-32c2fa32e636	0.9263	M
1	>83bfa435-e06b-0d78-f541-0e873b960485	0.9252	M
1	>79efc3a2-d8eb-0621-d8bb-999d1914d9e4	0.9925	M
1	>b3e74964-d1d9-2c91-f449-883c32ac1b4e	0.9808	M
1	>b31e0303-5d71-9ab9-39c8-72991ea269e1	0.9235	M
1	>6ba32353-c94a-ef13-dc09-04163c823493	0.8887	E
1	>2f67a17d-8b27-f01d-fc1c-150692fc7e18	0.9119	M
1	>8fb78e69-f715-a1ce-ff67-7bd5477435cd	0.9873	M
1	>b263eb07-52f0-c67b-88dd-41b88903c15f	0.9061	M
1	>1099f087-88ea-d5bd-8052-6eeda5277dad	0.9177	M
1	>91ae54cf-2037-1905-11d0-f0b15d721caa	0.9406	M
1	>7960cdf7-62ed-d895-098e-6185c5485211	0.9186	M
1	>31f336dc-2ed3-e2ab-aeba-5f0c68a2cde5	0.8869	E
1	>d98b564a-a3fb-0b88-4150-a74b72d283a0	0.9184	M
1	>44f1eb3e-efb4-06f7-a4aa-b326b85240ed	0.8878	E
1	>46fcd292-4aec-baf0-012a-3acda6b7802e	0.9306	M
1	>3c6445de-2273-2c66-5e02-b342d79ea4e5	0.9111	M
1	>e5ba1c13-9466-c2a4-3ebe-5db1f1176329	0.9898	M
1	>de40fdcb-b723-4da9-f48e-20ce400985e7	0.9241	M
1	>55727e10-c8d5-636c-6703-13dc4509a1df	0.9140	M
1	>9e1edec5-7b95-e6db-cd72-c91401f6567f	0.9017	M
1	>fcbe945c-86d7-f35c-c100-ff0f63bd9446	0.9388	M
1	>45114ca7-c414-4590-4343-b591073dde82	0.9899	M
1	>84a21409-2d75-45f0-4aaf-485e70889070	0.9052	M
1	>26002eee-07ec-9c15-07c6-ba29e2f4a251	0.9169	M
1	>6ce944c4-2928-2a43-c5f7-082e1f8d9f28	0.9806	M
1	>46489cf2-6669-4c31-5cad-9a386526cf8b	0.9074	M
1	>ecd0cbc3-f07d-e91b-5a54-d8c8cb38b61d	0.9182	M
1	>e471b906-58b4-67d0-6c6f-f00d9bc0192d	0.9969	M
1	>8f44d8f6-b297-e482-6796-0ecc80f3c207	0.9044	M
1	>42ee46e3-84c8-a225-6bf0-94043920b439	0.9194	M
1	>41fb19f9-0d21-fefd-253e-fbf1bc3c4e9a	0.9749	M
1	>6713cff4-2fb9-68d9-dfc0-27fc751bd50c	0.9293	M
1	>857700e3-ae98-f1f4-9c63-f802581eb568	0.9202	M
1	>63211787-00cf-1d85-0c9f-4ab1922c9fa3	0.8887	E
1	>bd749863-00c9-c92f-59fb-97b7f505fd01	0.9622	M
1	>3ce95421-c86b-c10b-9686-9664ab0223a2	0.9872	M

2	>6b464916-4239-9365-43ef-a8bb387ae17e	0.9097	M
2	>4b2b76b3-4d61-3050-61b9-284d13a85d18	0.9112	M
2	>be94a3b4-1bea-ab58-cc61-ebb612f40b61	0.8979	E
2	>891987bc-adcb-716c-a883-c052c6bc65cf	0.9203	M
2	>a2091c8c-6dca-b2bb-2eae-a1166a4d99c1	0.9242	M
2	>00d0de3a-1e48-5525-9f74-89dd0f41f517	0.8908	E
2	>e7342bbb-9763-dda2-7188-19d25db4a9a6	0.8998	E
2	>77247726-102b-7716-0f7a-66857f2fbe6d	0.9638	M
2	>bfb7f34e-0e44-ab39-1218-5047303e5a76	0.9283	M
2	>3c7c2c6f-a21e-bb17-f231-3b9cf9ae7cc6	0.9855	M
2	>b666e8ad-babb-5688-d2c9-64e687337995	0.9263	M
2	>8dd1334f-0208-306d-e18e-6b8736306a9d	0.9419	M
2	>79e61611-faa0-36d1-afeb-318a308d33ec	0.9036	M
2	>0c68cb70-2988-bfdc-520d-60c7735bdf10	0.9135	M
2	>3ab9ed91-047c-c597-f4b9-ebff4f071ef3	0.9467	M
2	>0bceaaea-6203-a3d4-10b1-0f6e4facea98	0.9684	M
2	>9320ae68-d560-c44d-5996-4fd0ceb40d74	0.9410	M
2	>e724a63a-44ce-8124-d1e5-041064d58637	0.8912	E
2	>6435c6ee-10a9-b726-ed21-faa60bf8d46e	0.9131	M
2	>211977c1-b541-bd74-9a2f-bc891392fd90	0.9983	M
2	>705a1174-e416-b0b2-1de2-0abf26bd0a5a	0.9830	M
2	>f0473a1f-e2ea-754c-1d21-21d7daedf5e8	0.9797	M
2	>b2ba7c72-3d50-2541-667c-8e2ac8842364	0.9061	M
2	>edd69574-b837-c163-7f5a-67a484e462e3	0.9119	M
2	>13e16eb4-e4e1-d683-e312-be7c913ab738	0.9948	M
2	>88bb00ce-0551-2a76-d815-5fd465a6e47a	0.9545	M
2	>0bc85677-9298-748d-bdbf-58fb9b59b59e	0.9214	M
2	>26900471-aaa3-6285-9c31-a3453c98ce53	0.9933	M
2	>67be342d-0725-c486-2f68-1d76286915b6	0.8938	E
2	>58c34d07-5ad1-8011-856b-aa0e5ca324bb	0.9106	M
2	>8e41e9bc-b775-5928-1ed0-5336a0613a12	0.9025	M
2	>6b9e7646-c5f7-e3bb-2536-29dfec657258	0.9181	M
2	>8fb1ab2c-e0a6-fbf7-a50e-009cf2b403ff	0.9474	M
2	>fa2cfa8f-fcbe-6c5f-f0a0-0c543f6ebd42	0.8911	E
2	>3588d4f1-4fc9-2f2b-11e6-e5451512d27f	0.9166	M
2	>29c96c5e-04af-d8dd-304e-530b76bee20f	0.9946	M
2	>f979d246-eda7-449f-37ae-57517082acb3	0.9417	M
2	>7eba5d34-5049-0fcb-006c-3e6decd480c9	0.8843	E
2	>1c59df03-76ea-0ed7-37e8-512cf42fcb2b	0.9590	M
2	>61837457-7b62-cd17-9083-e6cb67bc9b57	0.9283	M
2	>ff32d4e1-25cc-cc49-4178-e480a0a20a56	0.9103	M
2	>0a11b774-2af2-9dec-b07c-161bfde54497	0.8910	E
2	>f8b7de85-a511-93f8-220f-dcf809691e7a	0.9978	M
2	>2fb46d03-6cc2-69d5-f780-ca6c740ec0c6	0.9783	M
2	>4ef46270-1cd2-cdca-2055-3e16d987f5af	0.9765	M
2	>db158293-365c-99b4-b05f-5c2e52de4a8f	0.9039	M
2	>9acdb164-a8f5-b239-4276-328515f77d8f	0.9930	M
2	>b25e820b-39ba-b3e3-fdd5-8b8a2a38e760	0.9550	M
2	>75459a37-d4a8-ce0c-ffb4-5c93aaeef678	0.9952	M
2	>f355b667-a4b3-6365-c65d-b39d59e7d157	0.9708	M
2	>91e92870-a5bc-edde-421a-6cf95ec4b8b4	1.0000	C
2	>7541b563-319e-abff-891c-aef6ff032e16	0.9016	M
2	>883777c3-d6f3-515b-d7f2-71c13616eb27	0.9199	M
2	>bf7cc888-9ac5-da40-1a19-d4c02c83ac56	0.9713	M
2	>0fb1a7dd-1ac6-1833-24d1-a6c0360653f8	0.9061	M
2	>f31a7f6d-951c-6fa6-60e9-9d34c8c74178	0.8829	E
2	>f65a5af4-37b5-2adb-af08-cc3475fce554	0.9380	M
2	>62cbc182-3cbc-80bb-aed5-090a50a5f04c	0.8965	E
2	>ba4eccee-0432-94f4-8034-58a74c13227c	0.9258	M
2	>e35a1378-2579-33c4-ac02-d18b99e2015d	0.9498	M
2	>c4dd1134-eb40-e946-72eb-06e67eae0b59	0.8976	E
2	>b3e7efb7-1a6a-dace-a83e-6839e239b3f8	0.9414	M
2	>09f9eb77-47e3-2420-8340-f87e65b63b0a	0.9139	M
2	>8a0c9141-855f-0e40-186a-b2d300ae7817	0.9173	M
2	>8931c1cd-8f22-b4b5-29d2-af7cbe491ca1	0.9954	M
2	>35c1d304-79da-4c77-3ee5-8802f779b567	0.9084	M
2	>d41fddca-1904-f0b4-5058-d1f7cd951fe2	0.9158	M
2	>fc00f135-fee2-7c35-1b85-80799d4ffc25	0.9184	M
2	>51942f88-e3ab-a970-d2eb-06c00920283b	0.8836	E
2	>7ceb955b-4d9c-9a83-c1d4-88f128bed1bf	0.9098	M
2	>8e1274b2-0af2-1934-ae36-48f6025c86da	0.9243	M
2	>e3099e31-2c5c-9e11-cde2-abee7d4ed1f5	0.9702	M
2	>90105869-3871-8918-8918-2d8953ddc6c2	0.9270	M
2	>94ab3b22-b162-7b9e-348a-2d0e12b538f6	0.9205	M
2	>416d8329-cce4-07e3-4502-709718ae44bd	0.9892	M
2	>8f6303bf-149a-9aa5-d883-6cf84794495d	0.8878	E
2	>6f0dc463-db22-d2a1-fab8-37635827b980	0.9767	M
2	>360abed2-6221-4e8c-7cc8-9f5ef709a0a8	0.8835	E
2	>cce24144-d66f-4adf-fde4-46df257e323a	0.9041	M
2	>2ea38a4a-b344-3b54-8107-b95f0b16c955	0.9271	M
2	>4b5cc503-7858-f2db-642a-51392073b2ac	0.9010	M
2	>5ec9ff3d-2f77-6c78-f5bc-0c973c2d4049	0.9164	M
2	>ed9235c6-198c-4277-0c93-6db789ff2b62	0.9134	M
2	>c6807d6a-cc69-e154-068c-88f9a6d36d57	0.9143	M
2	>3d006292-6b8c-f558-6c20-20bcf91bc7d0	0.9275	M
2	>f97e01ad-bf34-e3ed-225c-f28444ce7459	0.9115	M
2	>f754a454-a434-f736-77e4-569dc01dbd2f	0.9686	M
2	>d139f684-1974-2771-03b8-3ac187b3b0d2	0.8912	E
2	>d4693ffe-b722-71c0-7ed8-50ed1b1216c8	0.9176	M
2	>be1161b0-dc6b-b190-b9aa-db4fd6b1deac	0.9059	M
2	>11767bf2-3538-2273-922c-02cca4906f33	0.9248	M
2	>623c96b0-8281-4204-ae7c-4f452f42a612	0.9126	M
2	>32b1b0de-0720-a402-cb35-22a6a524729e	0.9636	M
2	>321d7ad5-7993-6028-0a35-be4545971da1	0.9958	M
2	>d36a3667-6d8b-8f3e-e598-212ae86c8f48	0.9822	M
2	>c5110207-bb97-0674-e400-03e5db277c51	0.9869	M
2	>5af3c657-8269-2d7f-b578-0c533b73dddc	0.9867	M
2	>aeea0788-9155-c93b-0116-fbb63832cd40	0.9049	M
2	>280e2a53-4915-ba4b-aba8-fbe979ac540c	0.8872	E
2	>8666034d-b712-6221-1e9b-4e1c489e2190	0.9891	M
2	>a630984f-9306-884b-e012-783f89a7fd83	0.9781	M
2	>31a3ab84-3a41-d8e3-f966-d73e12d01ecb	0.9461	M
2	>7571ddb9-cf0e-8c4c-9bc5-3476fee7f33e	0.9138	M
2	>7b7d502a-b3c9-599f-2276-73ab724d3837	0.9922	M
2	>8cf8c847-26f5-c900-ae99-e58f8f5a1fba	0.8855	E
2	>2c0f7475-8dba-b40c-732e-616f5f2970fe	0.9092	M
2	>79f8e1c3-37b8-666c-2efb-ab73ced7461c	0.9018	M
2	>f6bc78e8-adaa-11db-09f6-e8e288715b3e	0.9175	M
2	>8750a385-ee0b-5dc6-128a-d1022bccd4f6	0.9713	M
2	>1b0f0ab4-1d3e-330c-e18a-c3c5ff554ee7	0.9193	M
2	>4f71306d-96d7-353e-58b7-819018326fc8	0.9228	M
2	>8d25da52-b379-e1c6-4848-efef39551711	0.9803	M
2	>30b2fa78-084d-b0df-b810-3c57ca779f09	0.9480	M
2	>8d66848c-c95a-4207-273e-8d4c6cd4db1f	0.9468	M
2	>4a9774c6-7b96-cfcc-6961-8e67b0629f86	0.9882	M
2	>c0e2af1c-a9a7-a815-392a-64b3f1eed9a0	0.9649	M
2	>c277c04f-0703-1399-2dfb-c685088e41ac	0.9864	M
2	>65b2e7ab-31b7-6317-bb23-f18ec3ab3480	0.9755	M
2	>780722fa-bd25-7737-93b7-c8e14626da9b	0.8864	E
2	>46c2c397-eb6f-b7dc-3b79-89b1955aa1a1	0.9975	M
2	>454e2db7-68ec-c040-a472-a4b31270ce26	0.9192	M
2	>77ff487c-fdfa-9949-30bb-393daa95dd63	0.9194	M
2	>f2d7909a-068e-cf1e-6fb2-8da8e9ef8767	0.9717	M
2	>424a6ffc-2105-281c-e345-2ac1dda2827d	0.9172	M
2	>86dab4f2-739c-2ff1-0257-359f716c3de9	0.9255	M
2	>ab12d10a-0871-8b7a-c126-a4736c4d65ee	0.9297	M
2	>628b8237-321f-6865-0e8e-166a1a949ba9	0.9926	M
2	>d68795d4-dbef-a5df-52e0-d7ea8363394a	0.9397	M
2	>4ebe7616-2c18-9c33-ef36-a66d899f1b13	0.9594	M
2	>5afeb5fb-0d84-9dd2-8da1-3b640e5befdc	0.9234	M
2	>3fd6ba47-fb69-b5d7-ed5c-95e063ef4446	0.9497	M
2	>5425cf83-b397-75f0-75da-aac29b360f00	0.9500	M
2	>a08dce73-e28f-534d-b540-6a92c01188ed	0.9299	M
2	>2a98be64-7590-2501-1d0d-c0692ce02ac7	0.9662	M
2	>b696b714-5af6-b772-b1aa-26a795f44b07	0.9362	M
2	>af8258ac-b2b5-9ea0-93c0-3c719d478adc	0.9932	M
2	>b1990d93-25d0-8913-81e2-3aae4a54b5fe	0.9632	M
2	>972e4e4c-0a49-1ebd-4dc4-0cb4abe3018c	0.9218	M
2	>4a570c5d-b2b5-de5d-993e-0294c73c2ef6	0.9774	M
2	>32c0fdf2-b43b-3b82-d757-6d901d4cad25	0.9553	M
2	>42007f59-d777-b145-51aa-286534c2e147	0.9266	M
2	>b3004a55-8279-3499-6180-5dd8ebe24bb5	0.8969	E
2	>7e8b713c-ee17-6784-bd33-9bee9bd23423	0.8868	E
2	>177255b0-6ca8-5f70-4821-e8d3ce8614e5	0.9858	M
2	>7ee4051b-aa5e-24bf-e93a-be798a6dad64	0.9050	M
2	>e510a38d-eec7-8238-7630-f6e16708da89	0.9107	M
2	>02f77084-fb2e-c85c-4a4a-d4e1040e7f83	0.9730	M
2	>8cd0fb17-8e39-9a83-a462-7c3bb429f474	0.9103	M
2	>199313d4-cae6-5769-cf97-3927a5a9dcb6	0.9111	M
2	>9591b8e5-3ffa-8cde-47ea-2d1267fad6fa	0.9844	M
2	>4b1aa1ba-4bb0-a9a1-8a22-03f1cdbe3618	0.9681	M
2	>067bee0a-0f5c-89e7-a07d-9d5dd74732a8	0.9033	M
2	>c8425eb2-ba13-f2ae-6b13-839f8dd63525	0.8854	E
2	>ec45c1f1-42ff-92c6-e322-091668cb31a0	0.9195	M
2	>2b35a447-8f3a-e790-2fce-c09a97dcfc35	0.9163	M
2	>bc19bb8f-134b-5d8c-660c-d38914cb76a8	0.9477	M
2	>9b4c67da-7417-623e-6e98-6c95ce539d2d	0.9706	M
2	>5198b89a-eda6-deed-c691-b4c80bbcda4d	0.9058	M
2	>b214b197-9709-5cc6-6e72-d55c7207b457	0.9114	M
2	>71fc5c8a-f4f4-b124-5705-4e02c5618626	0.9321	M
2	>ba418b4b-2f56-f133-dce6-e613d1e4c309	0.9208	M
2	>cb0b1e9d-6d42-02f8-81b0-df7e9384da14	0.9234	M
2	>ebb2daaa-422b-118a-7285-c07dfee9d3cb	0.9611	M
2	>e99464a2-f262-af0d-6932-171dae43098f	0.9092	M
2	>fc686960-70c8-a0dc-d3d0-644fcc74f5f5	0.9036	M
2	>0f276c25-fe03-109d-04cd-28e563f5fb98	0.9040	M
2	>4bc7eb72-805e-933f-f692-70bece771f47	0.9892	M
2	>60080697-4b87-88a4-5d96-a582d0777729	0.9809	M
2	>bb66639e-e4a0-d59e-1a05-57b7964910d0	0.9206	M
2	>edc95f1c-c1b5-33e1-decc-ee2b7ecba18d	0.9454	M
2	>4b5d53c4-2075-9a91-96f2-feb96904b2f9	0.8948	E
2	>77b70126-5927-6ff3-7cc5-00973813b828	0.9853	M
2	>2cdfbed9-7dbe-f9aa-8bd9-b746772111ea	0.9183	M
2	>e4214a1d-492c-479f-56ce-1fe1022c64ba	0.8947	E
2	>32056cec-7a5a-760b-b2d7-9959de0e2632	0.9895	M
2	>7b98106a-413a-1e5c-daf9-ddd44189ccb7	0.8983	E
2	>44464ceb-1ac5-eaa4-1cca-026a6ca5db79	0.9002	M
2	>9b413301-569c-9223-ce3f-b833b4ce3af6	0.9822	M
2	>bc401a0d-252e-e6b5-1f0a-132b6b4a6128	0.9097	M
2	>b9fa9a2b-45ba-96ff-28b6-5950a48bda84	0.9772	M
2	>d2943848-bcbd-035e-5b50-b8120ad3cdb0	0.9050	M
2	>a1170706-2dbf-21fe-07c4-56a62635996f	0.9583	M
2	>092b48b3-176e-39e6-c4c0-1ad10a00514e	0.9741	M
2	>996cdd0b-9ab2-45dd-93af-0d797607dfc2	0.9190	M
2	>43f43dba-843a-13c6-2dab-5c6ca3d6d7bb	0.9284	M
2	>616c564e-cc69-8e86-15eb-d1b2a7dd5e7d	0.9142	M
2	>a644a2f4-315a-b29b-4071-333c5a6a9aec	0.9102	M
2	>eb719fde-787a-c601-b070-a8bd6eae3ab8	0.9691	M
2	>b2c93614-dcf2-f400-4277-049e41040413	0.8885	E
2	>7dd8aecd-1ae4-ec89-a5b5-c374f6dc6dc2	0.8969	E
2	>60775958-63b9-5160-08ab-3b09f7d1301f	0.9007	M
2	>c000bcb9-e6fd-1829-bb1b-ef71f636ac7c	0.9132	M
2	>3153925c-eb10-a4c7-01ee-2f293321bbba	0.9279	M
2	>65147758-ee2f-7f32-1e91-657263ab8f7b	0.9184	M
2	>d700ebcc-8a0a-7852-28dc-c190cf9c9468	0.9915	M
2	>e9d0fe1f-c7b3-4e88-068a-27f3338eab4c	0.9684	M
2	>dd74df68-37b7-8d92-0a3e-c4d512da2f08	0.9791	M
2	>d1562e77-fa99-c66f-2812-ed2eb869b94e	0.9119	M
2	>36c89b91-8fde-2467-9619-e12f3668f71f	0.9933	M
2	>14184e61-fc33-f74e-cdf8-b29da14b794b	0.9085	M
2	>6034561d-97ba-2576-deb1-c2b2b2f3cbff	0.9169	M
2	>104d537c-248d-2e77-55ae-94a478386611	0.9456	M
2	>ff1f48cd-4796-1053-1619-5d6d70e4026a	0.9057	M
2	>43442cf6-36e9-a94a-335b-f134c8c642d1	0.9148	M
2	>73189979-e817-5833-03e8-bf664184003a	0.9906	M
2	>51b1352e-b385-0540-0c8e-ced366c7e2fc	0.9059	M
2	>6933b78f-678c-66ec-0aee-71efe63a0f85	0.9923	M
2	>875e6c5f-ac92-7c56-a62a-56dd6f99d35f	0.9229	M
2	>bed33a1f-a9a7-e124-4ebf-07840604298f	0.9438	M
2	>566aa0f7-44b0-82b1-66de-2df2b0ffea26	0.9910	M
2	>03308662-bebf-3a65-5488-bf964edf9e38	0.9186	M
2	>9c640495-638e-5490-0c55-f7b7176b16d2	0.9266	M
2	>9b91c0a2-e6d5-ef9b-5e99-0c46c1093bcd	0.9261	M
2	>7ea5a19d-97cc-7c6a-91ae-2a6e9216bf6e	0.9224	M
2	>3561fcd8-0213-a8f1-1199-429eef76666b	0.9128	M
2	>8d92fc6d-60b5-9654-5181-a71779ee83c5	0.9413	M
2	>875954cf-a9e7-6e0b-d64a-3c6af13c2e73	0.9107	M
2	>19d7522e-411f-84cd-a3e9-5f7ab0990a06	0.9797	M
2	>bba08267-cdba-6640-df85-5e89c9bb1391	0.9072	M
2	>82ec02fe-2920-1571-4128-621f72ecae3f	0.9901	M
2	>8a4bcc58-25d0-5409-21c8-ab788092b2b2	0.9476	M
2	>ad942030-c8e6-3e23-0ce4-723676b6391c	0.9007	M
2	>896d56b0-570e-b151-b22f-93180ec245f0	0.9109	M
2	>44a10067-a5f7-052f-27f1-d609270e6a90	0.9137	M
2	>3b22b60f-4833-fd66-3540-c2e25affae5d	0.9300	M
2	>4ddbdde4-1aa5-c37c-804d-273e44d1892f	0.9439	M
2	>205b5900-a65a-ca2a-2741-236c61fd3341	0.9096	M
2	>0c82cd75-ca54-219b-747c-ae197574245b	0.9775	M
2	>8368027e-53bb-559e-3847-37b29eb42675	0.9176	M
2	>8644b879-3278-c54b-3273-b2a921b90832	0.9525	M
2	>9ecd5523-4d76-8a8e-0b62-5a5a3d02afea	0.9380	M
2	>88d8b981-861a-c9d0-d029-1724347d85b8	0.9816	M
2	>62b33149-1d06-9f03-eb16-8443843a1164	0.9737	M
2	>fbd72d0f-16a0-3f3a-014c-99fd386ca0b9	0.9907	M
2	>59726f79-f438-be03-7c65-1498819d10a4	0.9269	M
2	>98c4e8ad-130f-ad44-f0c7-2dd37cdf2b02	0.9216	M
2	>d583595f-ade0-ce93-38b5-7651cf6ac501	0.9446	M
2	>987719b2-0fbe-6285-4aad-717a1a01cbfa	0.9035	M
2	>6456ed35-9ef6-a7db-c964-b34f891b40a0	0.9702	M
2	>1c8fa0a3-9e07-4edc-5de1-c2553181b140	0.9268	M
2	>c7d333f2-a361-bf04-b7f1-ed1829dffdc0	0.9013	M
2	>318f184b-a2d1-7d30-93de-ef08fbcc7f92	0.9267	M
2	>2cd434a7-a10a-e584-6d01-348207c33e26	0.9119	M
2	>fafb3480-b7ae-e0ae-c45c-032eaf3580a5	0.9165	M
2	>53ead27a-d530-9918-405e-d1a8672dbf02	0.9746	M
2	>261eb992-5983-344f-8811-f8acdaa1e2ac	0.8931	E
2	>9b5b23b6-348a-58f7-6948-05fcb8666b28	0.9208	M
2	>c220cbfd-02dd-204f-c8b9-ad2a14ebaf2c	0.9034	M
2	>5e9fa74e-e327-5575-eb78-2001feca215a	0.9923	M
2	>edb4d21c-c86f-fee2-092a-300de89a15d3	0.9205	M
2	>7e0e68f1-247c-40d7-4893-6ae8be0b7ebb	0.9962	M
2	>48b18313-d0f0-28ee-f9c0-90e421873beb	0.9806	M
2	>68c17962-27ec-7e86-e76a-170e3caa7ff8	0.9165	M
2	>771a3d44-e73a-f633-988b-62abdebc57fb	0.9822	M
2	>53517d7c-4f1f-ef3c-21ad-c81a1fc655eb	0.9073	M
2	>0ac6da98-304a-f11b-569b-f7b46e1a2681	0.9139	M
2	>104abf48-4a8e-e78f-2dfd-f98aaf316303	0.9181	M
2	>ec554e3f-c0bc-833e-40af-7f9fc4575959	0.9375	M
2	>982e6678-2fb8-2d53-79b1-20a129cef95d	0.9176	M
2	>1972665f-5ad2-d354-2224-891ed777abb4	0.8990	E
2	>1367b3d6-28e4-3ac6-5be3-dc747e502599	0.9888	M
2	>cbb80125-55da-5d9b-4819-dedff7b33539	0.9272	M
2	>4a72a737-e267-898a-6cf7-7d6178e4fb07	0.9355	M
2	>4227130b-a241-f916-750a-ba03cb37601d	0.9794	M
2	>7c922d88-f9ad-f479-386d-78f5dab39012	0.9164	M
2	>95dba363-ca66-61a1-290c-45f0a5628456	0.9837	M
2	>1f7294d2-e500-8e27-4311-f55fda6287a0	0.9048	M
2	>50d8b76c-4104-adc7-22f3-f1c12ff59a7d	0.9176	M
2	>b35a45b6-f98d-8157-afb5-a75b9ecd8b73	0.9084	M
2	>23247f5c-9103-cc3b-70b5-d9ef6dbb7f8f	0.8992	E
2	>66a6b04a-1da8-0f33-a001-279de9147c50	0.9812	M
2	>0013b3a1-1620-6211-296c-f94d339b5c51	0.8914	E
2	>82026624-1d55-9c49-77bb-e5ef761a637e	0.9738	M
2	>340b1c35-909b-64fe-bda8-90813291043c	0.9167	M
2	>db20ae81-52f5-ba1e-3693-9a429b9dd11c	0.9751	M
2	>23c21a2c-aafe-ea6e-4ea8-1603d3e8f450	0.9204	M
2	>3b7bb6d5-7b94-1094-c2cf-29db5daf52d1	0.9939	M
2	>6789fb8e-68cc-0181-fc16-6b98a83587fb	0.9255	M
2	>04ca8bbd-0078-b7d0-53e2-3fc2acf8d18f	0.9046	M
2	>d3fce317-4e3f-9f21-49a6-b622c4705f07	0.9617	M
2	>bdad3abd-6ccb-973b-36e3-50d06bb1d1e4	0.8835	E
2	>82b21d75-cbf8-5726-ea1b-930eccb1bf28	0.9065	M
2	>f9bcdbe1-dd9e-123e-a881-4fdeecd498e1	0.9147	M
2	>e1e86054-d12c-e3ed-34af-23c72814d18a	0.9705	M
2	>1cc2a367-88d0-52a4-c01c-c5aaf1d99cda	0.9625	M
2	>4b7b51d7-ade2-b11a-7acf-3bcc344573b4	0.9842	M
2	>87c056d4-a435-ce24-5ad6-f08020e90bc8	0.9277	M
2	>4449770c-50f2-495c-8847-a0be8bc2eae0	0.9340	M
2	>4ffc8fb5-5942-0bc3-ef23-cc6b05ee9e39	0.9804	M
2	>35ee0e8f-e8e4-7157-5b4a-1fa7236b43d1	0.9190	M
2	>774ce7bf-479b-ea32-9bf4-8cc3ee4f5b51	0.9155	M
2	>da2ec263-849e-0f87-72c2-34cce0cf46fd	0.9115	M
2	>fe33eb3e-3ab1-f1c8-d6a0-b614c8b25a93	0.9934	M
2	>e78aa629-bb23-d3e9-ecb7-d8060d9528fe	0.9191	M
2	>918ac7d7-24de-4817-97cb-1540ad8f0959	0.8967	E
2	>4b58926b-4c80-cc46-fffe-30ee08bb5732	0.9398	M
2	>b3e2dbb0-d8ed-b628-af12-71c721ee801e	0.9678	M
2	>2f54c35e-def0-fc94-f8f3-86eccf2cee8d	0.9266	M
2	>f335c4bc-2ef5-47d8-2a8a-e5d52e603a86	0.9962	M
2	>c8a9ccc7-7c16-d91a-b748-ec22593d3bf1	0.9497	M
2	>b2c6e348-1f82-b4be-bb6b-dc8edcc9ca34	0.9632	M
2	>39fea605-1d9a-2f80-cd8f-2cb009d65c33	0.9072	M
2	>449a53f0-e00e-3092-42e6-bf64c770915c	0.9721	M
2	>d1231297-c457-5ddb-23f6-404141cc3fef	0.9129	M
2	>a2f57e54-9668-c8f9-bd40-6c63e040d8b9	0.9039	M
2	>d0415ccc-d0b7-2231-a2aa-bd756854a60c	0.8978	E
2	>a47a444a-1395-d750-06ad-8eaf939319da	0.8932	E
2	>66662fbd-2625-17c1-cc02-224721c2dcb8	0.8860	E
2	>1fe75abb-3687-35ad-dce2-12a2e2829493	0.9962	M
2	>dedff052-249c-40cc-aa8a-cc2081fc0e53	0.9143	M
2	>f0ee562d-a5c7-bb19-8cf4-3f0c98292409	0.9198	M
2	>b93d7b37-4408-2350-900a-e8e5abe701dc	0.9230	M
2	>2c44e8f3-94ca-4e8c-fa8b-538785da42b9	0.9144	M
2	>a24449d1-0b82-95b8-9257-88c2484be555	0.9179	M
2	>abb1975a-1b1a-fe88-d50f-ab8b5a8a3829	0.9577	M
2	>6e1e8d81-d1b9-e7c4-8573-107cd354c7b0	0.9192	M
2	>b2234af3-5258-fdf5-2b0e-355fcfaed1d0	0.9094	M
2	>68e1ada2-6f98-dff5-4c6f-7042b375efc4	0.9749	M
2	>44643298-2de1-717c-d7f9-3e1d33329d16	0.9688	M
2	>96bf2cc6-e110-867c-81db-4ecf288aa496	0.9187	M
2	>a17b2a91-96de-60ee-b904-42929d9159f8	0.9692	M
2	>a32ce768-1c69-ac32-8847-a52e20b4afed	0.9183	M
2	>857341bb-ff2b-6fe9-582d-92640dd2e573	0.9558	M
2	>0f7b585d-1800-6e9e-2b00-551e35268912	0.9530	M
2	>b3ce53c9-11fe-e01e-0c52-296e1e274a6f	0.9911	M
2	>3d8e910a-1152-7085-92e8-4cf3d247a4a6	0.9648	M
2	>da839c0b-1fc0-308f-33d0-af4a348a7304	0.9920	M
2	>f15ffdd1-291e-0c10-2ef0-19c12c95ce78	0.9512	M
2	>ad2752f4-2948-cff1-7177-161fb51fbcb2	0.9296	M
2	>9784954a-0bae-5eed-8c7c-1ab60d2a11f9	0.9782	M
2	>2c80de53-07c1-7a02-4b8d-fcf4f3021b17	0.9177	M
2	>ad08fe8d-11ec-c65a-ec77-168418cfa4a7	0.9329	M
2	>a45bf656-767f-a912-1368-125416b00ccf	0.9709	M
2	>24a579cc-3904-89a8-1582-cc9323635ebb	0.9024	M
2	>e430e2ed-80cd-de5f-50af-b52cd6621fee	0.9210	M
2	>dc89cfd7-bc39-4094-09fa-5f47ba809e69	0.8840	E
2	>87209ad6-1143-be16-4fcc-7c4140933b13	0.9498	M
2	>d215a921-a64a-ddde-a5e3-2ba10c1fecc0	0.8887	E
2	>3dc919c1-fc71-aaeb-9ca0-bae52e5b3131	0.9141	M
2	>78b47ab5-9e7f-8e14-d64d-6184323586c8	0.8998	E
2	>507e3955-7ce6-6d3e-e761-7cb695f4b919	0.8995	E
2	>53954920-ccdf-8224-d8e9-a0455a6552c6	0.9277	M
2	>64a69bf9-43eb-bb3e-9609-072878a311bf	0.9097	M
2	>43436261-4a20-7033-4538-c34725295f59	0.9850	M
2	>a57a7e1a-bb6b-1c64-880d-aa23ecad64d1	0.9115	M
2	>6433594d-bb24-261c-ebba-e20ac8717db1	0.8991	E
2	>ca022d8c-d2e8-cf10-c0eb-960ccd5f896e	0.8985	E
2	>e5452c15-414f-e248-35e5-4039cb363379	0.9664	M
2	>27a7c8ce-fd89-d366-6d03-789b4f749cf8	0.9428	M
2	>7fcb6743-0da1-7963-7798-59a7fb64e583	0.9351	M
2	>241e5e84-db6b-5c93-8c7e-b5ef55bf2c0e	0.9436	M
2	>d2c8ac2d-6a74-db39-8d5b-42726cf3dc2f	0.9751	M
2	>ff0905f6-ff9b-1b55-8d27-37838ddff325	0.9315	M
2	>e23d6c01-b099-7f5c-af0d-75d1ecf202f0	0.9823	M
2	>2f54b783-b1bf-6254-73ae-616e6d9cfebd	0.9223	M
2	>3b65b6b6-4848-c074-7704-39ad8794cd90	0.9210	M
2	>43b73893-c8d9-3b92-607c-82fb82b68822	0.9001	M
2	>cca7b48e-a507-65b6-5ba5-4602d3927b96	0.9799	M
2	>7ab00926-72dc-8532-7b25-32447ab33079	0.9308	M
2	>6828ef33-18e6-a5c8-cdee-1e0c3d265df5	0.9778	M
2	>a54a9a56-73eb-6694-978c-88393e16d9c6	0.8994	E
2	>287c1c7f-4be4-05a6-4bae-8f064a1ccee5	0.9021	M
2	>3ceb4467-be3a-756d-9475-dac280bb38ca	0.9140	M
2	>4163a8b3-eeee-6268-47c8-b82667abd329	0.9752	M
2	>00126e2c-15cc-b815-2e6f-d27fca09e93e	0.9284	M
2	>261ce8ce-94c3-89e9-63f3-07e5948abfd4	0.9037	M
2	>6a1c535d-1701-ac2c-a19a-fe4fc10ea833	0.9291	M
2	>17b29278-cfab-fd08-2694-b41da27281a7	0.9014	M
2	>6d7630d5-0d4a-790f-4eb2-ef84b7a73f46	0.9902	M
2	>a62d941a-bafd-d9e3-ec0b-7d91f5f6cf5d	0.9458	M
2	>cc2796f5-bbe6-4cc8-7e4c-5ecc9409f64c	0.9205	M
2	>33514572-8074-d7f4-102b-709db430baf8	0.8909	E
2	>ec80965f-924c-bf3c-fae3-92dd91651fe5	0.9183	M
2	>69ab6c08-6062-cdee-480c-7d46e9e0ad56	0.9817	M
2	>674bd8f0-dc02-3956-cc66-f53d5662595b	0.9070	M
2	>3457df32-8642-804e-e322-698833ad9ad6	0.9863	M
2	>2f60c64f-3dd4-3302-0438-e97f32f81323	0.9857	M
2	>d5ecbba0-7b65-bb0f-153e-b4b2430f44a3	0.9816	M
2	>ce618258-50d2-9f90-638c-fbcd941cd1de	0.9149	M
2	>423e8c0c-f00b-b160-4dc4-c7649fa2ab71	0.9192	M
2	>21f24ebd-e507-3233-7917-18024099410f	0.9338	M
2	>09ab21ac-7bf7-acd9-873b-57ce43b8f15b	0.9195	M
2	>b635ac58-393e-23e8-0877-4329f1692044	0.9210	M
2	>e84bd1c3-653f-8a65-748d-ce66ce717ee4	0.9093	M
2	>dda948c4-201c-9fd0-4cf7-3093cb9d6b48	0.9040	M
2	>6461286a-f817-5de1-8a88-ab3e192baee3	0.9092	M
2	>2775fad3-9ae2-8eb5-004b-6bb69a16519c	0.9898	M
2	>fd11d6a6-777d-4a3f-27b4-d73a8ae89da0	0.9413	M
2	>c6a1ffe5-ad98-a729-b847-00514452fe95	0.9655	M
2	>08fc07a6-c79f-a3bc-1e66-4896396ad27e	0.9166	M
2	>30942a19-dab6-636b-37c2-41720166a52a	0.9108	M
2	>55081985-e918-7dc7-4897-5c5bde947bff	0.9061	M
2	>0e484157-ff81-8972-287a-e9bb2efa2ce6	0.9156	M
2	>a8a0ee1c-e2b9-a1f2-31da-a73f79b5d56a	0.9797	M
2	>b6e90034-8db5-c268-e333-9f28f358e747	0.9260	M
2	>8d9e0baf-8d8a-f3a7-f868-a54140ed85dc	0.9538	M
2	>5826b09f-9eb4-65ff-9a9c-1af8b38860c8	0.9750	M
2	>66a9d4bc-b819-b5a6-8e7d-c628da822b73	0.8979	E
2	>38358fcd-eda5-9619-28e8-2239d324160d	0.9885	M
2	>b27286dd-2edd-edc0-8fde-91f4a29c5b15	0.8844	E
2	>9608cc9b-715e-5780-fa3d-be9b198ea38f	0.9294	M
2	>d7b86a0a-2c12-6c72-b2f6-951cbf1d062a	0.9115	M
2	>27faa516-c1d3-132f-995d-284124254c5d	0.9029	M
2	>d726e853-5ba7-208c-7565-0c2103201aed	0.9164	M
2	>df12b8c9-2b7a-94c2-7e2c-d722f2f512e6	0.9617	M
2	>22ea0043-03a6-52b2-4bd5-687e6aa25d49	0.9864	M
2	>ea7c3e98-3e1f-3a96-f83e-a6febb66981a	0.9102	M
2	>f3d7e1b7-4ec0-a369-df2e-2460e417773d	0.9103	M
2	>fe773965-2354-de06-1c13-34d7bb578e83	0.9175	M
2	>b4cba486-3f13-ab14-2bc2-fca58929afd4	0.8864	E
2	>6a919ac9-215c-3835-4ee7-451c45814d65	0.9856	M
2	>1c747fa4-4b63-ae58-a802-374cd7d624c1	0.9801	M
2	>13f0fe85-4562-c7ca-af26-f0a32515b27a	0.9181	M
2	>14f47025-cb56-5c15-eb1b-b0289e8af19c	0.9785	M
2	>e63c523d-73f4-0bfb-793e-3c37af461b91	0.9014	M
2	>b3941307-dd9e-5f5b-ab96-5b20b827702f	0.9923	M
2	>a2340f16-0cc6-4b6c-c260-ba21a4a4d0bb	0.9428	M
2	>6e9cfdb6-3ca7-f857-64a2-6fe6797a4cba	0.9064	M
2	>a7eebe8b-ee0b-747e-2fb2-a7ec837a79cf	0.9693	M
2	>4a82b77e-8c6f-bc1d-7edf-52e541d2a26c	0.9060	M
2	>a9929157-5e2d-4a1b-1f71-7f090e2b5e06	0.9233	M
2	>a4456bf4-3e23-995a-8c34-f1e9883a2b50	0.9153	M
2	>b48ae3a9-9381-c26d-20a7-1d48559afd2d	0.9471	M
2	>48321c3b-5cf7-acec-9679-7bb1e5e8c8da	0.9544	M
2	>85c74990-3457-eaa9-a9e7-858e14b1955a	0.9360	M
2	>3199b1eb-b5d8-1a5d-8af6-dcbf85aff793	0.9275	M
2	>57dec4c2-ae8e-0852-9e50-55a8dd1915ff	0.9056	M
2	>ea80f4d0-ccd2-745c-7ca6-f85a7f4ce741	0.9023	M
2	>fac18693-2781-7d42-f687-556fc49f3cd8	0.9156	M
2	>0614dd9c-e468-9282-7107-9584d46d39a3	0.9073	M
2	>d33d31f0-91ad-ff5e-d002-3bb364dca6c0	0.9778	M
2	>889775a1-b14b-6021-7070-ed3a1431c27f	0.9094	M
2	>9356d8f8-aa7a-d67b-0f28-650184dc6633	0.9791	M
2	>864f38bd-1b38-308c-e82f-7a8dc2250436	0.9199	M
2	>33271c8f-58e5-7246-4ead-74a0c6605eda	0.9121	M
2	>2b17cf26-bb15-ae99-f5ab-c5bf93468115	0.9228	M
2	>a080c1bf-b568-a579-8370-6982b1011702	0.8958	E
2	>aac01110-94b9-1be5-3c49-56cd18c85064	0.8931	E
2	>35c112da-a14e-4b1d-8560-fd571ac82c03	0.9508	M
2	>38ce5849-ed25-da48-d15e-7a40519bbad9	0.9035	M
2	>53f65a01-6777-9745-c411-40ad8dc2db94	0.9622	M
2	>0758a5f8-fc02-fdab-23f9-76c7890c5844	0.9815	M
2	>fcef35d8-c0c1-e16f-4aab-ef96e035f986	0.9789	M
2	>a3841b67-7186-7b0f-eec5-8cf8581a57da	0.9461	M
2	>3147eb80-5eb7-0afd-c864-a57050c88373	0.8976	E
2	>a31aed46-74bb-8169-3183-40eac98d257e	0.9877	M
2	>6ccc974c-1d81-85ce-2fb5-3a5385cb3800	0.8828	E
2	>9551e4eb-0d10-1f46-21b2-292af1fb5db3	0.9891	M
2	>abf82b39-606f-875a-492e-f2cf9aa49cc2	0.8897	E
2	>fe907baf-58ef-1e81-e9f6-f945c9e7d540	0.9817	M
2	>c83c35bd-5d9f-079b-d2e9-9815408047bb	0.9268	M
2	>7550c8fd-f0a1-c76d-9bc9-9dcfd73d34e7	0.9484	M
2	>8faf2e46-e654-ff67-874e-f1935c8f7680	0.9870	M
2	>45071b77-3c9f-ed15-5739-59e8f2f64ba5	0.9676	M
2	>cb1c6511-398a-cd39-5562-e2d8e5b4ed15	0.8935	E
2	>d50378ec-ccee-5d61-3562-71f2543c490b	0.9162	M
2	>a05990c0-7e12-611a-c9e4-eabf8dd10f3a	0.9245	M
2	>66898da4-6e21-dc7e-9c31-4d433e7cf0fb	0.9283	M
2	>ae03628d-8de5-cac1-229a-f1918518ad6d	0.9979	M
2	>119ed98d-01cf-4c8c-5c85-af9425ebc540	0.9650	M
2	>3e5cc7db-26ed-2473-0e2c-0fa3c97cbc7b	0.9162	M
2	>168591a2-215e-7429-dd23-d00dc1aa3265	0.9238	M
2	>7dc41b33-c112-a65b-31a7-990e727fc045	0.9830	M
2	>543f1b53-e8f9-503d-809c-09b4f47e546c	0.9269	M
2	>0194e440-3d44-6637-b452-4220a70fd154	0.9022	M
2	>630658de-eac1-5ef7-2d67-56b3b1dbd702	0.9851	M
2	>b240fde6-d5e4-f26c-521a-7d399c1303f2	0.8972	E
2	>8898c0db-e999-5232-7e51-609a7c721878	0.9164	M
2	>135dd4ca-3ddb-e8a4-ca1e-7e020b352021	0.9031	M
2	>54ba6fbb-531c-48fa-9884-098b3aa276fc	0.9155	M
2	>fdd5834a-8524-655c-291a-1061324fa71d	0.9231	M
2	>eac121a3-bcfa-547e-b45f-22e4dd7e1154	0.9293	M
2	>6ebd3012-f7c3-baf6-a21d-80801fa19207	0.9233	M
2	>a1fccedb-b521-3a9c-6682-3e96a9e7ccd2	0.9966	M
2	>8e26eac7-e8de-abfc-efad-4e722227e6b3	0.9192	M
2	>24556c4b-f5d1-5727-d174-433cd819fb62	0.9006	M
2	>b804fbb5-9aee-e11d-589c-f8f6314ebdd2	0.9022	M
2	>2420d739-e73e-1d56-1063-9d0a7475c3db	0.9193	M
2	>d649325c-03b7-5315-63d6-ad84bcb6dd4b	0.9686	M
2	>3402e378-4a9f-0f41-541a-0df910eb5108	0.9025	M
2	>4c4273fd-d6aa-e7f3-37a6-0b1b21f84e4e	0.9196	M
2	>7b9efacf-eb04-e5c8-c6ab-2fb67fced8d9	0.9310	M
2	>088607ac-6c99-32b8-5f1a-9550ae6e14aa	0.8947	E
2	>5b9ae25a-18bf-dc66-8f1a-c32f41d29861	0.9785	M
2	>5e705427-8c5c-531f-fd0e-82bd1f532655	0.9820	M
2	>0761c8f7-501a-d0e6-1645-5126b2284f6b	0.9249	M
2	>c18b1c95-d908-cd59-9aa7-cc502436addf	0.9980	M
2	>c56c3665-876e-ec80-a3cd-bffe532a507e	0.8959	E
2	>f0d51435-56a6-1903-611e-6b64d767d853	0.9401	M
2	>3b27f543-c96f-fd71-ce96-4058ce4fea62	0.9190	M
2	>40c1b70b-72d1-4c71-d746-472ca38fb4dc	0.9111	M
2	>a6e5ef93-3d23-a93e-0535-630b77e9b17c	0.9950	M
2	>d8c6d69c-f729-bdfe-de97-b1ae66027a0d	0.9284	M
2	>0286f9b5-4ffa-e3b6-baac-010ef7bba185	0.9867	M
2	>48d5c3d0-3a3c-10ef-7214-08c0133c6aaa	0.9470	M
2	>4dd1a006-4a2f-16c7-25bf-2ec34c0e8c3a	0.9154	M
2	>ed51eac0-cd25-98bb-70f0-701d7912a66d	0.9568	M
2	>d9e030f5-2b71-d31e-50a9-c7ab0dff7856	0.9224	M
2	>95bec868-be87-674e-0b08-de46c0d0148c	0.8995	E
2	>531417f2-7207-c356-c576-47d371c154f9	0.9830	M
2	>500e39d1-7b3b-1bae-f402-48a9c656042b	0.8839	E
2	>973e1a79-fe4d-6772-d937-f5951afd8833	0.8966	E
2	>b2017822-fd12-477b-0846-1cdf35ebf2bd	0.9060	M
2	>a69df46f-5900-1109-2f7a-66b048f65bf6	0.9596	M
2	>71470697-183b-e550-7e9b-5fb8b283ea31	0.8976	E
2	>bdfb90ca-4cdf-e2a3-b067-b923c2861f9a	0.9149	M
2	>5ac4c329-14bd-1df7-137c-d5014cfbb0ca	0.9174	M
2	>253a4a4e-479a-fdad-85fe-38b3a08bf687	0.9222	M
2	>3fcee891-5577-e9dc-5a88-aa40ecaabf34	0.9243	M
2	>30af9a4e-264d-31af-c84c-e8b955a813e9	0.9784	M
2	>523a4e53-b3b2-15e6-6d95-03d901203fef	0.9385	M
2	>e559afac-f60e-d1ef-afbb-338c6f84cba4	0.8993	E
2	>0c5e876b-2762-d6b7-e4ad-0397e60c2f3d	0.8936	E
2	>4e0eb8c4-7f3e-57e9-ffc6-d236f237bf9d	0.9252	M
2	>bb6c0c23-88bc-32b6-c9ff-87a1833d393f	0.9099	M
2	>1ae1cba1-b52c-2215-ac5c-dfe1cd5cb827	0.9248	M
2	>51522ea4-a03c-c965-2d95-e2089e3cb50c	0.9562	M
2	>c7cfe002-00c8-9a89-6186-4cb56f45716e	0.9187	M
2	>d69c1c1a-97ba-0d01-4e59-3ecf5c3e1d3e	0.9264	M
2	>7d847ba3-7a70-bba5-c1fa-fc75cab6afa2	0.8846	E
2	>84c1808b-01a8-c829-7278-3fb59b785b7a	0.9187	M
2	>02c94b4a-5acb-c96c-c9f0-baaf992fb36f	0.9849	M
2	>290d309a-30e8-2bfd-0c13-56e94089c639	0.9147	M
2	>874837a3-31d1-2642-ec4c-3c65a303769b	0.9089	M
2	>1ac88ccf-1d30-1a2f-50ef-a86305319b9d	0.8897	E
2	>977defd5-b0b5-19bf-3616-d4ca99706308	0.8909	E
2	>532ca425-6303-4183-deb0-694414eac448	0.9178	M
2	>6354f3f1-3c3c-bd6f-31b0-1332de46e807	0.9902	M
2	>add685c1-1fbc-1560-8275-752f3c8551df	0.9854	M
2	>21e332a9-1de3-db80-dae7-5afad512e9f6	0.9189	M
2	>314c0212-b6fa-ef1a-3b3d-7bdbee58ce32	0.9066	M
2	>fa8fdf1a-7b52-992d-5608-5c01ebfd0f69	0.9216	M
2	>c59a493b-b27b-77b6-4dcb-6ac0079ae0c4	0.8919	E
2	>605b8ce2-e0a4-6c18-befb-d9d571a6b884	0.8911	E
2	>c09dd255-1596-3736-f923-6176d5b22c9e	0.9176	M
2	>10e22815-51ef-d2c0-32e8-d60389887656	0.9196	M
2	>fe4de161-3720-a0c5-495f-e31d6b6a4ffd	0.9146	M
2	>0e81a73f-f6e6-d540-5d96-ae08f9021e52	0.9846	M
2	>ce5884eb-e850-0cb2-f148-0f9f2f62320d	0.9251	M
2	>d9f8fcf4-2827-4e3c-aaf6-f0b2044c2a08	0.9167	M
2	>5c9ae865-033f-f897-bde1-4935c1e05dc2	0.9286	M
2	>7703095e-dcc1-4d38-8a45-decede9298bf	0.9300	M
2	>2d93580d-7ceb-670f-7645-0e8f821d7934	0.9255	M
2	>c11e1c9b-f828-a2b3-5b9e-9f4176135c18	0.9740	M
2	>18aec8e0-46bd-15de-c9a4-08ed8bda6ab1	0.9460	M
2	>709f0f24-0e16-31e5-6b29-31bece73beae	0.9099	M
2	>889edeea-c6fd-0b82-f9b0-8a3bbceff946	0.9295	M
2	>a1ec2afd-76bd-a138-1481-6f5be6523f56	0.8880	E
2	>164fd459-753f-d2c6-9d0f-57556e563d46	0.9075	M
2	>428667e3-ce64-83bd-64c6-67d8183f72e0	0.9081	M
2	>94a37a2b-ed89-acd2-5d51-8f7a3b9927d7	0.9243	M
2	>28c6fbeb-0006-d79f-a82e-7a93add8a6a3	0.9955	M
2	>fd1dfdc7-a56b-38ec-2d95-a49e1548d8d0	0.9863	M
2	>db8e5954-96a6-11cd-09cf-8c8ff1b1dccc	0.9533	M
2	>57e66601-6bfe-1467-3f1e-147de4243032	0.9198	M
2	>0774f337-2168-67e3-84f9-106eab22bfe6	0.8943	E
2	>ecfd0e84-0897-c9e9-2aa3-6a77e53da4d3	0.8923	E
2	>cc306fd6-39b7-a980-bb7e-881485391c3a	0.9209	M
2	>7e0bbd24-14fb-44ca-dfbc-a6988566c98e	0.9873	M
2	>1f42a30f-58ff-5578-9782-8259f85aed23	0.9952	M
2	>5dd7a226-acec-0ded-d688-62f7290ae32a	0.9829	M
2	>09fd113f-3cb8-793d-f167-1f3b6ea8466e	0.9161	M
2	>ca7e59ee-543b-19c4-8e1a-216184520c48	0.9981	M
2	>8ee1889c-b373-b8a8-c216-c5168ecb3f25	0.9756	M
2	>4298cc1d-f7d7-d2b4-d45a-fa36d6921590	0.9246	M
2	>a7a27534-9c21-5924-b4f2-849c9b8f6dd8	0.9210	M
2	>0149ced3-7a34-7267-8f54-b6dacd1cc199	0.9894	M
2	>3e090930-3438-60a6-376f-c20551627016	0.9851	M
2	>70838878-52b0-bc0d-2340-35b1c8e60214	0.9657	M
2	>fc993a67-870a-0199-4849-b16adee4159d	0.9709	M
2	>d7601f74-f3ce-ab55-f5e2-31092efde434	0.9085	M
2	>f73f588a-baf4-bd36-513d-678fc3f2887d	0.9414	M
2	>250504af-615c-0b94-4ea2-d112243d06ef	0.9178	M
2	>323e384f-b65d-6ade-2036-36196358c886	0.8895	E
2	>5efd26a8-33f1-152f-a5e0-8b3f79b3dfd7	0.9043	M
2	>b831aebb-c4b4-b088-76d5-6af08690a979	0.9131	M
2	>2a055592-582b-ed4f-1d9b-62c90a810699	0.9830	M
2	>09b3b21b-16c3-d8f8-c79b-a8f716b31b2b	0.9797	M
2	>9a9fab7e-e8a3-1ce3-3512-f93e316ea259	0.9090	M
2	>cb1526e4-a00c-8314-36b5-9aff62fb2148	0.9062	M
2	>74570643-34df-ce91-d18d-178b86234e05	0.9656	M
2	>1b06e606-f362-2d66-bfe6-8282c721c070	0.9275	M
2	>fee84242-7021-eee6-97a3-36e8b30887b5	0.9528	M
2	>1373e866-4008-4444-92a3-18e234560de0	0.9143	M
2	>27f42b4f-9665-77c6-56a9-c99734cff822	0.9195	M
2	>9654c6c7-cc6b-bb80-9c29-986477c9d06d	0.9702	M
2	>d9940f2c-a004-7ab4-d314-146c3e9cd17f	0.9876	M
2	>0b5d091b-641d-4640-bc1e-46856b69c0c7	0.9177	M
2	>9a518343-dd9a-b908-f33b-ef583b6fedb9	0.8893	E
2	>49a3d6e7-403d-3bec-d130-49fbe3b611cb	0.9836	M
2	>0d715e32-c5e8-bd61-ce3b-71a40633ea7f	0.8991	E
2	>114c010d-3604-fa1c-9b32-256b4b7752e7	0.9682	M
2	>5447eca8-0d5e-51d8-eeca-24ddb20cfd72	0.9898	M
2	>a7428365-a213-ca32-18c2-ad601ffdde7e	0.9798	M
2	>6d8883d5-f64e-4edd-7069-b3c80c58886d	0.9194	M
2	>3bce6393-9622-64a6-be29-07f734466660	0.8988	E
2	>e453635f-bdb8-4512-2f67-11d8e9ad6068	0.8882	E
2	>b8b99fee-638d-278d-2445-68c930557e06	0.9213	M
2	>91229cf5-0708-646a-7a76-4e8c3f9ba8b7	0.9913	M
2	>a62da2c4-01d6-9a0b-3020-ecc41f0ba584	0.9263	M
2	>d6582b5f-4a11-55e9-2d57-f4fc7f1e6e4b	0.9870	M
2	>62125966-d29e-7f19-2cc5-b2909a20079d	0.9255	M
2	>6de7d869-6ae1-0ac1-ef5a-5329342946a7	0.9246	M
2	>08a6fc34-c44b-2d50-f39f-fdeb112ab989	0.9891	M
2	>413e41ac-04bc-6f96-987e-52011aaea0b5	0.9183	M
2	>bdc3ea8b-0fa3-4c3c-b66f-dfae2652d1e1	0.9264	M
2	>7ff308be-5551-f92b-0541-1beb833cfb4a	0.8937	E
2	>2b0665af-16c2-30fb-e27a-727a25ed796c	0.9032	M
2	>cae58f05-4d55-421d-7e9f-0fc9674c5a3f	0.9089	M
2	>71d3a70d-1489-d2d3-3dec-0cc96c25c89c	0.9676	M
2	>8504bb5a-1a25-3e40-7315-7a8ba0f0536b	0.9413	M
2	>ccfd8a5f-7def-6d59-da82-647de62cbb08	0.9671	M
2	>4f37bca7-2d00-f934-1feb-64b02c0fb3ab	0.9002	M
2	>2fb4b1eb-6c1f-22d4-00a7-3e9376a9b863	0.9110	M
2	>01b4a220-d3fc-6225-f783-37c1547df467	0.9757	M
2	>958ef841-253d-06c4-6b36-c139171b3c48	0.9150	M
2	>28e0ee02-792e-9915-0d9b-8a00f5fcb920	0.9702	M
2	>999be23f-476f-a023-b8bf-80962ce03276	0.9958	M
2	>388ba6a7-db51-0990-bfe8-ea98db097b15	0.9769	M
2	>b9c18910-2dda-fe5d-e338-576472d748ef	0.9241	M
2	>7af23d8a-a0a9-43f5-caf8-82cb6f184aa8	0.9261	M
2	>235caa93-d723-a923-f59f-ba9c40ae97da	0.9865	M
2	>f56e522f-f2d9-20ef-0647-cd1aacfcbe4e	0.9069	M
2	>343e31a1-8592-7b36-7d63-051164773124	0.9924	M
2	>f6ea2378-4eb9-907b-7af2-c75e7675aafc	0.9943	M
2	>d2169060-c754-722f-5b21-767bf6b4d536	0.9907	M
2	>0420f022-e6ec-4472-508a-0eaf182fc215	0.9777	M
2	>160e9540-33e5-31ec-811b-c49dfa7f705b	0.9179	M
2	>7ab75fe2-1825-adf8-0bd3-f8bbf8860b0b	0.9953	M
2	>0b99e7bc-5179-9705-2bb4-3a46f0a59159	0.9605	M
2	>b7599883-57dd-5831-3d1c-afe59b5acef2	0.9699	M
2	>34de487b-3850-0976-fef1-7eb0dfe7e29b	0.9334	M
2	>57eca558-37d8-b0f6-3f7f-c8de987c3872	0.9954	M
2	>b4ad2925-ce33-2e29-a869-f12186c54183	0.9175	M
2	>dd2a4863-321e-4e0e-9907-b199e6c7e58a	0.9283	M
2	>50acb661-0775-7ee5-5a9b-3834bd7551ce	0.9174	M
2	>5769443b-72e4-796f-3242-09ef1d342250	0.9244	M
2	>b5d7d860-44c9-5e77-e709-eac4bb32473b	0.9152	M
2	>848498d0-26bd-8eeb-4d1e-5844b44b9f8e	0.9791	M
2	>565d4dd2-d7db-ded1-6b83-de30fae2b48f	0.9100	M
2	>50155b7d-caba-d79b-361b-345d3fd7ec7f	0.9274	M
2	>d26a8979-a4b7-1843-7080-30f3756cfc8d	0.9713	M
2	>8c839fb3-dc83-8be5-28a2-365657af9e20	0.9592	M
2	>0dd19351-979a-6890-4307-552d35e4c920	0.8984	E
2	>35ee266c-7ed7-2a29-0e4b-81dbdeda7583	0.9722	M
2	>675eeb91-a6b6-d810-d425-5873e0f0b776	0.9443	M
2	>abb0d7f9-ef00-8ad5-5fad-2962c239bb1b	0.9177	M
2	>417414d4-50b3-bc04-8673-9a1990629b43	0.9054	M
2	>e86fde3e-e227-8fd7-8f35-f24354fed4ad	0.9060	M
2	>14a9b31e-0ae2-9994-4762-34af26b3901f	0.9873	M
2	>bd734890-28cc-63cc-5ac1-b030a23e08d8	0.9526	M
2	>b6e72399-fb49-9f42-846f-c18687240a28	0.9709	M
2	>df3c61ba-8d02-b1a4-4551-ec1729d61cfc	0.8875	E
2	>7c480114-fa75-e4ae-320c-fc5cfced6f82	0.9214	M
2	>bd268660-2558-fe80-9242-8044959361bf	0.9864	M
2	>f127a421-ef3b-8706-5718-93038ef48cd5	0.9959	M
2	>bd74170a-6de3-b970-a784-c31ed9cf6103	0.9016	M
2	>bb6f61c9-b80e-996d-26b4-908eb7f15f99	0.9169	M
2	>617caa30-5e60-7daf-119a-bed19e800996	0.9846	M
2	>217e3bb4-5790-9798-6621-f245444bc4bc	0.9292	M
2	>37ea420f-2b6d-6493-ac98-ea96c78ec6f8	0.9725	M
2	>eb72daa6-1d72-ab0b-f0df-bd572dfd3d07	0.9204	M
2	>99914039-f9ed-340d-dba7-865c52104768	0.9896	M
2	>8224c2f6-6f2f-d8a5-6855-595fb52c030d	0.9838	M
2	>0d72646a-97f9-34e9-f63f-6a5ca3a5d7fb	0.9030	M
2	>cd08c10d-81cb-6bee-bde0-c845717a1446	0.9124	M
2	>1d714a61-b1b5-9b80-243c-4dfcd5eab312	0.9425	M
2	>50e39358-8e06-53bc-57de-32867b716f58	0.9681	M
2	>5c40f68c-84d1-94d8-4674-2e762aa22163	0.9187	M
2	>35244ac9-bb62-eb4f-95b0-fde10e0c16ec	0.9257	M
2	>cdf08bca-fa88-2b36-2bcc-f711089fac0f	0.9973	M
2	>a0da2c09-a154-bf02-41da-916e99771d5c	0.9975	M
2	>08194048-dcbe-e554-cca3-04287750347e	0.9710	M
2	>fe853768-5a25-6966-09dc-a577e6fa369f	0.9002	M
2	>909a4b7d-d77c-6146-066a-46a08395cf0c	0.9225	M
2	>dc9ea672-cb96-b143-662d-7d60839e98a6	0.9137	M
2	>801ab210-bb8a-9e50-2c3c-e7cba6df3a6c	0.9618	M
2	>160b6b6d-3bc6-7fcf-e615-c9959ab6e497	0.9946	M
2	>8a178d0b-71e7-dde3-975b-f38b1f9053d4	0.9238	M
2	>2bda2c21-8ade-72c3-d514-3026f50bc8aa	0.9624	M
2	>b5ebecf1-7f9f-76e9-3959-2472edd5d649	0.9062	M
2	>2a74bae0-9c65-1ccc-ae58-5ac7c17556d9	0.9929	M
2	>aa9495d6-d7ed-6e0d-d88d-10fd3801059e	0.9203	M
2	>6edddbd3-4936-a9ea-4b3b-6bb5f7150e95	0.9290	M
2	>e87efb54-4767-576f-496a-fc2de98edd65	0.9605	M
2	>ed03505b-d48c-4d49-8205-7594a4aaaf0b	0.9136	M
2	>ea991c5f-5a61-af93-d6fc-369a3ad032c3	0.9921	M
2	>0e7e07a5-21dc-acd4-f3aa-87a201af8d69	0.9122	M
2	>ce818729-70f5-fbe7-2807-8cad14a9e760	0.9139	M
2	>cf33acb0-7b86-326a-f5ce-e83d905ed6e6	0.9260	M
2	>1ca18742-e7c0-8626-71be-0cdf72be830b	0.8997	E
2	>258c673b-e428-5c3f-f21f-633f908b34d8	0.9157	M
2	>7b9fe982-78de-1497-a9cf-6b5b360334ac	0.9932	M
2	>711731cf-4dba-c104-87ac-5f16c365f286	0.8859	E
2	>518c05b4-b31e-f85b-b55b-fbe285c5b3f0	0.9104	M
2	>a35ec06e-ee71-d209-f4ac-62e2e8078bda	0.9150	M
2	>e2f3dd1e-b0bf-a449-bbc5-09a3ed986688	0.9194	M
2	>b2bc330b-64f3-7e57-af87-d8516c055731	0.9356	M
2	>56148db0-75b9-7ac5-5dab-3e9f8432f90f	0.9246	M
2	>b5c09c3f-19d8-1583-6f47-c53848eccfa0	0.8986	E
2	>c2481770-3667-3a99-3cfd-47089999b55f	0.9240	M
2	>7d1f592f-d5ed-ede5-efd5-587701c890c5	0.8981	E
2	>4379c95b-55fc-7833-c751-a518cda5e314	0.9691	M
2	>e35fe7b2-c990-4f91-b80e-5c20da3f9665	0.9703	M
2	>e5af031a-f1ff-9239-d2d8-a59c6680f941	0.9142	M
2	>8156d261-fd70-5566-fbbd-c9ebf6c62e62	0.9907	M
2	>a88a3a11-4424-8a94-4b28-4e64c332540b	0.9163	M
2	>cfdf7b5e-57c5-a1d2-4ee7-cb3c0ed6e54e	0.9187	M
2	>a85d3d23-d17b-91ba-5bf0-67e912d53d32	0.9223	M
2	>da1eced6-7f61-92bd-d274-26789da30ebe	0.9445	M
2	>b2da049d-5dcd-73c1-9e84-ef5023dfb273	0.9738	M
2	>e0389238-1f2b-32bc-8721-af77c46cc064	0.8954	E
2	>5fad2379-3b74-057e-6141-57e5c8bef58d	0.9890	M
2	>6ef07c9c-6165-39e6-b92d-13a2c7e2db88	0.9926	M
2	>78850e73-2885-7fa8-6528-358d1cbad747	0.9195	M
2	>46aabe6b-75c7-462f-e4bf-9133367d75db	0.9213	M
2	>412d86e7-0f06-beb1-722d-fdabe3f942a4	0.9714	M
2	>b9814308-1e18-bd45-258f-0b8e529b1969	0.9818	M
2	>02310caa-cfa3-c5fd-7643-adce98d69de6	0.9074	M
2	>f5ed3a83-e40d-e545-98a6-67b43758163c	0.9123	M
2	>cae7dc9f-1246-0d27-9cbf-95c7402cb8b9	0.8950	E
2	>c6852374-5d68-ba73-6a4e-bb0a1c859246	0.9880	M
2	>e7c4caf2-2b86-02b3-cf96-d1b34d9ac1a1	0.9694	M
2	>74792803-55db-4b59-f30c-d06d9ec377e1	0.9722	M
2	>f66d7893-e12c-0f55-b36f-442e509a605d	0.9194	M
2	>8ed336d1-8173-f4d2-88b7-480df83c2750	0.9390	M
2	>123e9416-9b72-1d8c-b027-bdb0e8b54e7a	0.9704	M
2	>e857ddf8-44c6-0b14-9767-914cdd3ef5ae	0.9281	M
2	>8ccfb634-d0e4-31e8-ebee-de216c994d40	0.9697	M
2	>3f1a47b2-3da5-78c5-51e1-eaf02aeb3d45	0.9880	M
2	>d16c53d6-57ce-c653-1567-282d87dcbbb6	0.9406	M
2	>ece6191f-9534-b63a-a9fd-dee084c694b7	0.8871	E
2	>5a3c36c1-77dc-c112-bb92-40c5e22f7cd5	0.9285	M
2	>682caa38-d4af-853c-e5f5-751ed3a55ec5	0.9558	M
2	>4579f14d-790b-d4fd-242d-091e8a510e78	0.9114	M
2	>1ded05f3-0d88-ad04-c664-fdc76141649e	0.9167	M
2	>175657b5-8e4a-69cb-7933-1b80849b9081	0.8887	E
2	>175e701c-a12d-55dc-83c3-61912c193e72	0.9798	M
2	>e9fa491e-2cf0-fe50-5401-9cfeac798750	0.9184	M
2	>9eb8e945-d80c-00ff-a3f8-102aedec5627	0.9132	M
2	>8b3c2e28-998c-e0e9-ceee-2ec9489d69f3	0.9924	M
2	>1b2fbe0f-801e-62f9-31d0-0db99b15e92b	0.9083	M
2	>28849e50-de05-aa35-2cec-c36b798ec501	0.9187	M
2	>2e702fda-7541-840c-27c9-b52481bfc91c	0.9180	M
2	>b4684aba-a10e-9002-611a-acd13525b0e0	0.8921	E
2	>52d5b3f0-ec77-f1bc-4f7f-4c8f716098c9	0.9213	M
2	>4f37a9eb-194f-559f-cee9-a7ab742f6651	0.9106	M
2	>fd8611b3-751c-133a-f4cf-9484020e44e5	0.8871	E
2	>a97378ae-4607-c2d2-8cd6-cd96f116aa0a	0.9397	M
2	>3cb9768d-de76-c14d-36ac-35f0ba8de5c2	0.9789	M
2	>dd1e579e-0ca2-8b55-7eab-d395fe802346	0.9202	M
2	>fcfc4f0c-009e-140e-5227-4961f3189d5a	0.8955	E
2	>97540d2e-315e-54ed-5693-8be435cef2c8	0.8959	E
2	>e347fa41-4dd5-3107-bbbb-3a8b37d9c31d	0.9856	M
2	>f58ab262-1e08-3d86-a6e2-72d69c8ebaee	0.9888	M
2	>09d23801-08ed-6126-cb68-b50d62a23368	0.9168	M
2	>b0a1c201-948e-e82c-7c28-ef70e04421c2	0.8837	E
2	>515e838e-631b-ca29-c7dd-d36bff4626eb	0.9781	M
2	>4d6c7897-23a0-09d6-523d-40b2ae8d70f7	0.9231	M
2	>61336f22-78bb-7b5d-85a9-ba52930a1cee	0.9794	M
2	>5f498868-d3c5-7072-ddba-f92fcb6f6cb4	0.9274	M
2	>cc152745-d11e-86dc-a3ce-354d4da68686	0.9417	M
2	>2bbb3cd7-4774-964a-44c8-dd84943e4179	0.9464	M
2	>958d3737-8bde-f107-f34b-e85dfacee23d	0.9433	M
2	>a190e18d-c17f-10cc-c73c-43a20374ead3	0.9865	M
2	>e09b2e1d-e2d1-d53e-c8bb-bbba1840e6ab	0.9289	M
2	>9c28ea73-c4e8-4f6e-18f8-de760d95fb05	0.9595	M
2	>8933837e-1d5e-0dcd-6e1f-a11a315ccab6	0.9697	M
2	>4d167988-537b-5772-3750-39fe9e813e3b	0.8970	E
2	>4e444ecf-e693-4fc9-4509-3e7f2c3fa621	0.9445	M
2	>f24a6a76-4bc2-4370-f4e7-7a61db4ee4d8	0.9548	M
2	>27dbf815-67c4-8f52-d60d-621dc52a73f6	0.9701	M
2	>30a709cd-e60f-33d3-77d8-6e6f797fd053	0.9869	M
2	>e1f00c6c-dc70-4060-38bf-3b30f3985e78	0.9171	M
2	>60908582-b408-3f3b-ae63-37bc5efe32bc	0.9940	M
2	>b4b01764-6718-abc0-dbac-5da2876ffcad	0.9787	M
2	>0b699d8f-4475-9744-80ce-09772a07840b	0.9797	M
2	>3f9292d7-f7b2-0156-9e24-54a048cc14c0	0.9751	M
2	>466e793f-90af-2fdc-6d16-ab8c77c40ccf	0.9646	M
2	>c239444e-0283-e1cb-b2d6-70cc89ee3b6d	0.9286	M
2	>ac1a841c-8fe8-49a4-0a72-1adb471afdba	0.9712	M
2	>7e1858ec-5ab9-1cdf-73cd-04a4893c4a99	0.9708	M
2	>8823ce3e-d039-b169-bcc2-5b8c17be0648	0.9814	M
2	>8c91c2fb-4403-d086-530f-619f29a0a158	0.9229	M
2	>7f85b179-4962-cd04-74a9-9f9915f8ddd1	0.9935	M
2	>676b6b2e-ae34-e597-81a9-f75f077fa513	0.9288	M
2	>33978843-7303-5766-f019-fb5024dd80fa	0.9738	M
2	>e63d223d-7531-4eae-8813-9492b0a129d3	0.8922	E
2	>0de85ca1-9de1-92b8-de8f-1377099cc9f5	0.9917	M
2	>f7a9973e-6264-440f-7e2b-d6edeb57705a	0.8889	E
2	>88e58115-88ff-ca00-5edb-f876be2fab8c	0.9042	M
2	>457686f2-bbc9-7246-d6d0-efde5d16efd1	0.9247	M
2	>cde53285-a3e9-b54b-7861-545c0fe821a5	0.9231	M
2	>01678924-9671-81a6-29a5-9a8194a96ae1	0.8961	E
2	>36b2c17c-395a-2b45-f55b-0d4aa382459f	0.9061	M
2	>db3399e5-78e6-2016-8aad-f2a97027eced	0.9254	M
2	>c62a664f-52f6-747f-89fd-d445fab2c219	0.8902	E
2	>306558a9-acb7-7af4-1ae3-aab91cdca272	0.9817	M
2	>0438e70f-9a6c-87ef-b194-a262a1c6671a	0.8931	E
2	>a9b31d27-8c14-cdae-1f2d-012a6e1426f3	0.8963	E
2	>4acda06d-243b-47c4-f82b-1a370e2a024c	0.9376	M
2	>4524ce2e-d8d0-dca4-1361-0f4d00c9572f	0.9883	M
2	>e2cfbbec-a2df-36cf-e26a-533ac0a2ff25	0.9742	M
2	>2a854d80-9296-5946-2530-707574fcee84	0.9194	M
2	>a43e67aa-7384-2069-80ab-8cacf76757fa	0.9797	M
2	>0725ce92-9ff0-22c7-154f-f38fba1bd262	0.9678	M
2	>449c3e58-54ed-42f7-bf90-d63987f0f5fa	0.9850	M
2	>9ba0d9a7-b513-39aa-aa76-027567b2e895	0.9262	M
2	>b6df1ac3-69a5-ad88-ce51-f3a4b9fd4547	0.9215	M
2	>f4b1c51d-a982-6a7b-1bf3-f4af52c12753	0.9694	M
2	>2ccd0487-da8a-b617-39bb-d31fc85e2f92	0.9903	M
2	>a5406778-3b53-7ae5-fe0f-08f922ed0968	0.8903	E
2	>8b9bd13d-4f4b-af2c-43ef-904ece82bc92	0.9151	M
2	>e5d16af4-0e12-c880-af4e-6d85dc5ed50c	0.8974	E
2	>f4379bf2-86c1-4527-0571-2003295f4dfd	0.9136	M
2	>7c038b2e-6d33-ee82-13cd-d19ddca2ec6e	0.9898	M
2	>6f1bba46-8813-ffe2-629a-902dd9e26fb0	0.9152	M
2	>6900f07a-13f5-a440-e992-4e8c77794fa9	0.8939	E
2	>cb59fc76-213c-fc87-bda7-f0f4f3829798	0.8887	E
2	>03cdb0c5-ebff-b0e2-51d9-0f0e420ad33a	0.9942	M
2	>55fc39df-421e-d01f-3fd0-c3529814ff94	0.9071	M
2	>77a94d6d-36ce-f21b-a6ea-81de2ca0a057	0.9353	M
2	>d21bb18f-18a7-ef05-204c-49f0072d634d	0.9422	M
2	>d2583d37-d53d-234f-6cab-997a1534ecd0	0.9731	M
2	>0b7f736e-9c78-8f49-4e8e-b124be017fdd	0.9231	M
2	>ef0a6e76-9902-1047-bc92-946bd5f998c0	0.9278	M

3	>57c2f623-0e5e-4520-bb15-ac20f69ad90e	1.0000	C

4	>36fe032d-f84d-2965-a04f-6506ede874ee	1.0000	C

5	>9a0e5c9a-5f97-2e3b-4978-39e9a037286f	1.0000	C

6	>80a0b026-09e0-c060-b69a-d9f0598f989a	1.0000	C

7	>1decd979-8693-369d-eb6c-bf938bdc07cb	1.0000	C

8	>c7b1d09b-d871-7bcc-d865-3a3a1ef557e2	1.0000	C

9	>99602ccc-9de6-4b98-1c2d-546fef550e12	1.0000	C

10	>3764138f-0a5b-272c-50e5-85a626dd74d3	1.0000	C

11	>0644151a-c9e8-18aa-15e4-1ab01c1fc8cd	1.0000	C

12	>4c42e1e8-cd95-d516-942a-0f02ecf0f2dc	1.0000	C

13	>49802fc8-58c3-84f6-8555-7d3f92187e68	1.0000	C

14	>669d7525-6a52-f8c5-7a43-21e07cb982b7	1.0000	C

15	>f96cf168-5d07-ce5f-e313-3e7cce57479f	1.0000	C

16	>8a1ca5e8-2371-a65f-642e-d3382e43fc60	1.0000	C

17	>90131f07-3b36-2f77-05ed-ce22eec5762b	1.0000	C

18	>ca1f382e-890c-d78c-e936-272b83491c96	1.0000	C

19	>b939a2e9-6730-6f8a-d1fb-df808eafb257	1.0000	C

20	>e978eab3-02fb-3d37-a23e-7e865171bb11	1.0000	C

21	>f7bb5dde-29e7-3437-23e7-8b484801b732	1.0000	C

22	>98fdf0db-5528-272d-8fc3-ffe7dbe50696	1.0000	C

23	>7e6a2caa-c959-e8ad-6ba4-51d41c165071	1.0000	C

24	>3c2f3460-d59f-3b04-8f5d-4191595e25d5	1.0000	C

25	>ff999f52-121a-b449-02f8-e2495e837dbc	1.0000	C

26	>fdfe298a-bd49-11ac-05fc-0b9852c4f5ad	1.0000	C

27	>ec9423ee-cf5c-6ccd-d25c-fa4d543fdbf3	1.0000	C

28	>5e1cb0f2-3cea-3fd5-1c56-6d3e563e2f12	1.0000	C

29	>67200707-0508-c139-1159-678c669d00c9	1.0000	C

30	>c9517434-b891-cc06-bcea-5473cfbefaef	1.0000	C

31	>199dd5fc-20cf-3d93-0873-6674ed264ef6	1.0000	C

32	>37bab8c5-d0d2-4594-d1d2-67ba246eaa68	1.0000	C

33	>fcbab479-6e85-ce06-95f8-eba5d1d9778d	1.0000	C

34	>fb07e23c-76cf-45b8-7842-4dc1fe8af1a5	1.0000	C

35	>f76a0862-6f13-5014-1570-4b02454d3661	1.0000	C

36	>e1de3cc2-68e3-2219-d302-ffbb16e34598	1.0000	C

37	>e4720720-1359-8ab1-c051-81da7db37c7d	1.0000	C

38	>cc409388-ffed-6b08-3bfb-78c8b6b6b602	1.0000	C

39	>92e7dd39-5216-831a-2f31-1eb83837e1bb	1.0000	C

40	>b0244459-9b31-5a25-0dd3-065860b4cbd9	1.0000	C

41	>2f0b2d15-9f76-66d0-a38d-2e31f18569cf	1.0000	C

42	>3572f751-46e4-b8cd-f721-e48564be9d16	1.0000	C

43	>d7995fc4-c57f-22db-271b-682b89b30a1e	1.0000	C

44	>e60a1b65-c465-a5bd-7b35-ec3c1928c1a1	1.0000	C

45	>a20ca6fd-136a-7e44-a139-b5f4e3b2208b	1.0000	C

46	>6da317ee-e542-6036-3d92-eab4d8602172	1.0000	C

47	>ce372cd0-8f48-d61e-05d0-35a0eaba89a2	1.0000	C

48	>cd606adc-2ac7-3e14-83fe-7d5cadaf778e	1.0000	C

49	>ba04bcb3-f643-777d-4d96-48ee32e2f5a7	1.0000	C

50	>83907d2f-7b8c-9fc8-85c0-00609c9e0df3	1.0000	C

51	>2037f9f4-1374-fbab-2c59-d8532fe4cd00	1.0000	C

52	>8b6d7199-2b55-8e02-e3ae-38c6ef609bb7	1.0000	C

53	>c6d3ecb4-af4b-74ab-2e84-255c1ee8ae91	1.0000	C

54	>3bd4f073-d4c7-29a1-374d-3078ef087a5a	1.0000	C

55	>92919c4e-8ec8-7053-95b2-9c564123c6ae	1.0000	C

56	>a5d15206-1901-f697-ecc2-0f88df7e4dd0	1.0000	C

57	>a22f88c7-97e1-1de7-01b6-63a64827b669	1.0000	C

58	>1f87407d-1ff7-48c0-abda-b1b91ce9a83f	1.0000	C

59	>0ffc8d75-9921-59e3-57d4-0cb03f582869	1.0000	C

60	>2cd431a5-6b39-1fcf-aa9b-e5726513ef1f	1.0000	C

61	>1733780a-06f5-0ed2-dabc-787b4c484b7d	1.0000	C

62	>a2d5d0f6-6670-3e47-f97d-40960ada7fce	1.0000	C

63	>fcc5fccd-82a6-5202-14b0-f6d960ccf567	1.0000	C

64	>e22c930d-b25c-7b3e-7948-c80f88d05b0b	1.0000	C

65	>d512f28d-69d9-969b-5d64-f968ca0dab67	1.0000	C

66	>ff2c3355-9d40-0f0c-5753-b54633dfbf9e	1.0000	C

67	>dfd088e2-c72a-5f12-ff5a-13708deda75a	1.0000	C

68	>88aeebf5-106a-6c4d-0503-928bc04f997f	1.0000	C

69	>ea76d0fc-7a4c-3f67-4582-643bb404d13f	1.0000	C

70	>6fe566f9-5c48-5560-498b-ca8b4aa84407	1.0000	C

71	>059142b9-7ad5-2d3f-0d9f-1e5b7ca34177	1.0000	C

72	>0551a9e7-da03-4ab8-3dd3-ca890b0bd4a9	1.0000	C

73	>1f35dcc0-4c7e-29c3-9e82-3eb227a9ef50	1.0000	C

74	>53f096a5-f1a8-3a59-3e26-93dfd5c7fd35	1.0000	C

75	>c5dab21f-ec2d-4b05-7688-31e638af8d9d	1.0000	C

76	>d14b3c32-23de-1f82-5512-7fda47ee97b5	1.0000	C

77	>96f1ea44-b109-5776-9f73-3c14f62c7359	1.0000	C

78	>d06241ee-1c81-4b74-e026-84ae1ffe4799	1.0000	C

79	>da12ccc9-43af-818d-a96f-d9c266165c41	1.0000	C

80	>5af5add2-8933-199c-6100-1977ad03eb5e	1.0000	C

81	>7fb58acb-74e7-3f1a-5add-3c57f11995cc	1.0000	C

82	>0a7ab3a7-423e-a8fd-2995-46e8393cb934	1.0000	C

83	>2549a6b7-e24d-9008-7350-25ec0fe7c28c	1.0000	C

84	>5a624cbc-5a7a-1cd1-a257-f0f249ad0f1a	1.0000	C

85	>2fc59f3b-99f3-5ba7-1326-b25f0e01c594	1.0000	C

86	>2b076f95-dc7d-a82c-1a10-4967d6139826	1.0000	C

87	>a1a1f666-3ae8-63d2-687f-7504361e304c	1.0000	C

88	>0c97e8e1-1571-7fb3-31d8-44a0ccd878fc	1.0000	C

89	>3a76a309-f168-1f02-4ce6-c58556e196eb	1.0000	C

90	>8f8fc9fb-78cb-720c-3d9c-4c73fc641bc1	1.0000	C

91	>73de26fd-8ddb-28a3-e69c-fed80fd12817	1.0000	C

92	>f4292826-13cd-626a-68cf-8ffe09920440	1.0000	C

93	>5a0af745-db5f-6b0d-3aa5-168205ecff01	1.0000	C

94	>f29fb7df-a969-4ec7-63ab-3a8eb4e922c3	1.0000	C

95	>00975d7b-8623-ee51-563c-6cf6a6b9b469	1.0000	C

96	>a8e9e152-dd6b-f4ab-d53b-05a5892d3180	1.0000	C

97	>529eb5d4-ca65-ed9c-401c-5cefe8bab236	1.0000	C

98	>9842bbfa-aa9e-29fe-27f7-c520ed86aaad	1.0000	C

99	>178b93c0-b526-95ff-ec1a-2f2118666441	1.0000	C

100	>374e1f23-4984-879c-56a5-90fce523c911	1.0000	C

101	>3fac3e30-3a35-c12e-8a73-d141c77f7452	1.0000	C

102	>719107c8-22cd-bc9a-75df-42ce3f1d17a0	1.0000	C

103	>36b763c0-7858-70e8-8119-66ab3bea67f8	1.0000	C

104	>243347fc-65d0-a3cc-4989-75258fb2cdfc	1.0000	C

105	>b4a57412-4c22-e757-5700-b69f6d8ef15c	1.0000	C

106	>79b88a45-6e82-2671-3263-f9d18f7fe33e	1.0000	C

107	>ec0e19c7-a2b0-b52f-ffeb-a360ddae33f7	1.0000	C

108	>e2903ee5-7456-4942-ba2b-f213dbcb494c	1.0000	C

109	>32fd75ba-154a-5d01-e36e-8838235f4863	1.0000	C

110	>483f66be-1207-c3da-5519-700eee8a54b6	1.0000	C

111	>55bbdc55-aa5b-5a49-1ebc-fc4e0cc3d342	1.0000	C

112	>3ce7843f-d939-b289-85bf-807ace3d50bd	1.0000	C

113	>c207b1fa-00b5-c5e3-5564-a686f6f2bd52	1.0000	C

114	>1b0237c5-1ed1-9fa0-e84f-8bf7204116be	1.0000	C

115	>0ecfa593-e0ae-b7f3-d446-4bd2027f3b74	1.0000	C

116	>60a95537-0784-ec70-eb88-9cbb4734952b	1.0000	C

117	>c84727a8-321e-8bf2-0178-9ec0cbaca189	1.0000	C

118	>2b337f87-a089-a9b0-827d-2f929298a34c	1.0000	C

119	>a944d763-c906-0a9f-9b3b-88d4272a52d1	1.0000	C

120	>ebc92c2c-70c0-52f3-cf1c-bd2c51bed006	1.0000	C

121	>75e8bc7c-742e-2f0d-23e0-afe47610ea5b	1.0000	C

122	>531b22be-05fb-8c30-bb90-d07497c40326	1.0000	C

123	>1071ac1d-f15b-4efd-8be2-91da0b80a26a	1.0000	C

124	>64b30ae9-0bc3-9a2c-c3d7-cc0df9dd1f74	1.0000	C

125	>2a8671b4-909a-5a92-e89b-8732f992b94b	1.0000	C

126	>2c73945a-bdbe-b633-f495-0bb57403d80d	1.0000	C

127	>adbf08e0-7591-ea51-ca2f-93ccef2f9e73	1.0000	C

128	>45bfbed8-8beb-2e58-2116-32d84c23d95a	1.0000	C

129	>845ca952-1ee5-69de-8025-85e3689c5bb8	1.0000	C

130	>b72da1f7-dc78-83ae-b8fc-dc0310305cea	1.0000	C

131	>7d3aeb37-f344-2f0a-57f9-045331c335b7	1.0000	C

132	>3289e5e7-9de2-0255-6ad3-f93a220d14a4	1.0000	C

133	>f5f65bfc-f038-0927-d6f0-63d982932e15	1.0000	C

134	>671b3893-82a5-17c1-50c1-3659afda186b	1.0000	C

135	>bc296bf5-e34a-5f90-bdb0-b972984fad88	1.0000	C

136	>3ac41b49-5a36-3905-3157-ad232c89bb1a	1.0000	C

137	>67fed8a4-070e-a919-2b43-e7f0048e94a5	1.0000	C

138	>fa023894-3d23-37a2-22fd-8b5afa3d0bef	1.0000	C

139	>d34f9e8b-b4bb-6f2d-e2d1-8073b278de52	1.0000	C

140	>902364e2-bd1f-4743-172a-d8aaa6f2a5f8	1.0000	C

141	>2dd986be-87b8-68fc-0fc1-aa72556fdb7e	1.0000	C

142	>abd56c12-a0b1-a4be-725e-bb444841422d	1.0000	C

143	>bf5e360b-1350-40f6-dca7-e2a85d29498b	1.0000	C

144	>23db3b2f-966c-2899-64ae-8c4f71bc926b	1.0000	C

145	>80413bf0-20dc-787d-676f-776401e1bdb2	1.0000	C

146	>ec12f18b-c728-b237-3b33-29208ee0c5e9	1.0000	C

147	>c17cd79f-bb4d-1fd7-8c5a-56d4d3d0e2e8	1.0000	C

148	>6f994e94-3176-f59a-2891-80484bea0e60	1.0000	C

149	>cda8e41a-16d5-2fd7-82cc-8becb348d97d	1.0000	C

150	>b1d3378d-6973-d515-cb93-8a0dca5dc71e	1.0000	C

151	>5001c467-de2e-ca05-bf3a-ddd21418de95	1.0000	C

152	>c09603d4-ca9b-a234-3497-6d7e56378119	1.0000	C

153	>dd410351-7677-ee6b-e04f-f8e571c1968c	1.0000	C

154	>42d083f6-1fe1-980f-7d81-2594d1180837	1.0000	C

155	>6449269f-253b-1378-d54b-1f48bef1e964	1.0000	C

156	>f1ede358-4c21-f483-138d-63343aea299e	1.0000	C

157	>75aa9ba1-3c0b-ec37-e4e1-778a8e2b538a	1.0000	C

158	>71731064-a110-1c43-3c6f-4e4d755204ee	1.0000	C

159	>eb6d881d-5fd5-747d-c0b5-8c1c67b4d08a	1.0000	C

160	>a5f29e6d-eac4-e3d9-6b95-37791ff40ab4	1.0000	C

161	>7ced3b09-3d9d-a38c-302b-9fd829e1a513	1.0000	C

162	>e7a2acac-91f4-fb14-5557-9677cb2d4ebd	1.0000	C

163	>6e0313e5-0f8c-1ddb-60aa-3d623afff132	1.0000	C

164	>4c21edd1-5c1f-25a5-76bc-6567b95555fa	1.0000	C

165	>1a93f823-854e-c8e9-d300-8bdbca5c05c3	1.0000	C

166	>e6a58b63-fbf1-73d3-5bd0-9b5d72bbf415	1.0000	C

167	>b26ed261-27b1-70e4-e774-63a73596b23b	1.0000	C

168	>d9f368eb-34ad-9657-4e0e-86371fc8e870	1.0000	C

169	>1f8ff810-f62b-abb0-1221-eef091860cbc	1.0000	C

170	>d25c5616-887a-daee-8b21-4e7a21eef3ad	1.0000	C

171	>a6bab903-41bf-cd07-22fe-24a7623dc611	1.0000	C

172	>3c0b13ea-6384-4f68-bef8-40bc9bd562e1	1.0000	C

173	>2a44b622-1ef0-5238-d390-52412ac3eba9	1.0000	C

174	>f360e466-708e-fc2f-1ac5-b70b0a4107af	1.0000	C

175	>18e2ae0c-a0ea-f714-f5a8-551cf2887488	1.0000	C

176	>0b601780-0b65-bc84-cdbf-b4270da56236	1.0000	C

177	>0f8977f0-2e1d-6365-9759-8986c06cccbe	1.0000	C

178	>7b9b8d60-3e43-53ad-4ebc-2cc80141fbf5	1.0000	C

179	>2a31078d-c483-0555-0b3d-6029753725c5	1.0000	C

180	>2f88e340-7bdc-7e3c-a899-59b34cf9803d	1.0000	C

181	>a43ed074-60eb-10e4-c743-4ff7695bc2b5	1.0000	C

182	>817e2756-473f-5a47-0721-a7eb36b6bbd6	1.0000	C

183	>72e1429e-9d0e-ad4c-a37c-69afda814d77	1.0000	C

184	>27b2e4bd-df5d-629f-e3f7-dab480222fcb	1.0000	C

185	>872c13a3-a9f2-ef56-0d01-8c6cdcb0569e	1.0000	C

186	>f255279f-e020-690e-3cc4-07c7eeda7a27	1.0000	C

187	>98160766-cb24-d442-2a9d-9235c36a3ea3	1.0000	C

188	>52dc4faa-697c-c2c6-7408-7971b678f31b	1.0000	C

189	>0adad230-a4db-00c8-bc11-7a367da8223e	1.0000	C

190	>8d242cba-7bf5-68e3-eaed-9c3ca5f49b9e	1.0000	C

191	>f16b6c27-6c3a-ab5e-2ffd-3e3d2a064fd4	1.0000	C

192	>427df6af-2f4e-9972-fa12-184ac0d3740c	1.0000	C

193	>09d911a5-c9d3-6e10-ee81-86fdee15072c	1.0000	C

194	>0074c33a-d64d-c2a6-b9f6-94c5b0f13e7d	1.0000	C

195	>d15ba6dc-a64d-d594-1979-400c7f78bab5	1.0000	C

196	>9392de8e-fee9-c0a7-60bd-2edfd1a2c767	1.0000	C

197	>b54ed0cb-c3c0-8ffc-a80a-5a14fe41a953	1.0000	C

198	>048d53ec-ae12-1e6d-334d-7cbacbf2c66c	1.0000	C

199	>9f0ac429-16ad-6ee0-a3e1-160f320c9607	1.0000	C

200	>441f2d29-0d88-d7c5-5021-165dbd105b93	1.0000	C

201	>ccf8b855-40f7-a95a-1914-0fa6e94aacca	1.0000	C

202	>0ecda28b-0d72-00ae-5298-645648d4670f	1.0000	C

203	>e48970b5-89e0-208d-963d-88fc14d40abe	1.0000	C

204	>00e23845-9978-4abc-6341-841f68d0e7cc	1.0000	C

205	>60b75bfb-c795-ff44-c021-b6ab91a73942	1.0000	C

206	>aa285008-d7ae-3474-be83-85845ac9a25d	1.0000	C

207	>d690cb04-d8a1-bd71-f8b7-3023be58c611	1.0000	C

208	>1218dec1-4024-19ff-aeff-b39c86923825	1.0000	C

