1	>83e6aea2-f10a-1709-fe0c-8b9e6e3834c1	0.7776	M
1	>0f21a3e5-e48a-ba3d-09a8-30b7b5c3da19	0.8923	M
1	>b1061a97-987e-8300-17b9-276aac03da33	0.8758	M
1	>fe4f56ca-c7a4-7b91-ae11-132bcab5fead	0.8821	M
1	>edf8e98e-7964-c678-7e0a-f69b4b38cf1d	0.8874	M
1	>ad4feda3-c5c6-e1eb-df9a-f2a9a626ac55	0.8709	M
1	>2fb2ef58-41e1-7d2f-2e84-a8a753ea3d53	0.8994	M
1	>518474db-bdf4-6f50-a544-38b17b18cb6e	0.8850	M
1	>73d15118-c07e-ec97-e693-dc00aa093e37	0.8691	M
1	>2798ebd7-aa59-5e84-b334-ca2dab186673	0.9017	M
1	>5ef82b36-b2cd-28dd-48d6-08fdabe6fd72	0.9019	M
1	>77e4dc18-8727-1fe1-316a-a74f2f76effe	0.9004	M
1	>092ede21-2d57-ff78-ea80-fbccd0a7f722	0.9015	M
1	>3bdc91a4-aa1c-e560-f61e-efdda3764e51	0.7739	M
1	>491a3a91-ccdb-86e8-7a15-e5fa1f2633bd	0.8894	M
1	>4b85398a-0197-d4e8-1cc6-57e3720a536d	0.8342	M
1	>029cc28a-88c4-e1fb-639b-de1d5c360967	0.8827	M
1	>ccc1c8b6-c654-2fb0-1d02-535c22dbfa48	0.8663	M
1	>1ced0e17-210d-af5c-3582-bc9eff15d3d3	0.8825	M
1	>0bd23c04-1c61-5a99-9719-d7f3e35d772c	0.8789	M
1	>240a447e-d26d-1ca3-2fa1-471864f383ec	0.8536	M
1	>9e4d0b7b-571f-7526-7787-3b8f5e70729e	0.8780	M
1	>13041698-7aa8-cbbe-afba-3a2150d6962d	0.9154	M
1	>0254fecd-9b15-c26a-9247-ed9d8363ea84	0.8643	M
1	>e8aa57fb-5f67-4082-8e5e-098989e33d9f	0.8288	M
1	>605ca1bf-1e74-7943-cac7-b6a57416eb4b	0.8927	M
1	>66d8c2d2-74ad-eec1-f306-29feb754d97b	0.9319	M
1	>b03f38fc-64b5-3d54-f5da-bc456c14d394	0.8797	M
1	>9a52df68-1638-b0c5-87c4-972ed545729a	0.9009	M
1	>620ef5b1-ecae-a32a-bd79-15ded4377a55	0.9005	M
1	>cd69baef-5a23-d81c-fb83-c16ba39835bf	0.8101	M
1	>b5dad98d-d08e-7adb-b61d-bdd313cba3fc	0.8931	M
1	>7cf6aacf-34f5-23a2-5c6e-885b8e38a733	0.9231	M
1	>ac273fc0-bd45-8b58-8679-c62cc2086d45	0.9271	M
1	>2d7f9748-ca9a-1188-e911-15e8f6994cb5	0.8737	M
1	>a7f0e24b-b756-8daa-ce6b-6d77b4a437fe	0.8800	M
1	>894a48cd-b825-4a00-5370-5e55ca9fbac0	0.8224	M
1	>c71429ff-2a46-c85b-5eed-c9aa830f7b5e	0.8913	M
1	>2bdf7476-804a-d62a-0ccf-45eba9abe8b2	0.8456	M
1	>7c2d9d57-3ab4-e229-9b49-39072f69ad04	0.9009	M
1	>1a29fb3a-712a-9614-657b-fc6f5017a61b	0.8901	M
1	>7b26f0b4-1d36-2262-19c8-ae52770f793c	0.8088	M
1	>ee1e7933-6d2d-62fb-7408-8fdaa1d20e23	0.8794	M
1	>c7342ad2-20d8-7dbf-24e8-24cd3cb1423c	0.9224	M
1	>d9f2db3a-bb3a-4b8a-5612-c8fdb28854e2	0.9167	M
1	>31053179-cab8-44d0-eece-48320226b3d0	0.8137	M
1	>abd89ccb-a89a-ddb6-d3fb-b9ede395384c	0.9018	M
1	>ed0bbc47-9a66-5878-1af3-9fb9054164cf	0.8910	M
1	>4a98ee87-3aa1-10c2-ee01-44d0efc9bdfc	0.9026	M
1	>277c59b9-0928-5d3a-16d7-6c66268008a7	0.8841	M
1	>6c04b59b-7411-c27f-ff7b-ed22a957b5f7	0.8408	M
1	>d25ba315-b92b-e16f-53ea-d48ec7410223	0.7795	M
1	>cc3bf6cf-d6a4-2c46-fb82-dccdb001c662	0.8985	M
1	>ec75676b-acf3-566d-1d65-ab80e792ec3e	0.8868	M
1	>eb2b7e2b-712b-0da1-9745-acfa0fa35f05	0.8233	M
1	>99a32938-d6b6-2e5c-3302-966744f21dbb	0.8700	M
1	>c0dc87a5-4145-a310-82a8-6472bf27bdf3	0.9109	M
1	>fa3ceb15-259d-5624-0d3e-f1748cd3ceb2	0.8646	M
1	>981a5e2a-2034-7d09-6a73-9fa78cb6422f	0.8768	M
1	>735c3fa6-3b94-87ff-348a-0bf1e76ab9b3	0.8103	M
1	>78b629e1-d332-cfd4-7f1b-35c3f508b2a1	0.9056	M
1	>f057a338-c408-6899-d5e6-7d90db105c24	0.8868	M
1	>46baceb1-1027-59a9-6e9c-546afe8b1300	0.9027	M
1	>2a72b15a-8ea0-cf87-47de-6d3edd715299	0.9039	M
1	>f6cbcd7b-74f2-7d7f-dc10-d69490a53be7	0.8891	M
1	>4786c1d0-69a2-1803-5a8c-f7a334c0a5f4	0.8766	M
1	>d71bfc7b-2bbb-2910-937e-ac48f45815df	0.8579	M
1	>858b2f2f-22b0-44dc-4ced-e1b44376d83a	0.8676	M
1	>f4888402-5775-0369-f5b4-e156808e8bfd	0.9042	M
1	>d4de28bb-4916-c33e-c198-f01871a3b530	0.8360	M
1	>e7276f15-bac2-292b-8104-b953121dadae	0.8954	M
1	>5cdaf482-eb9e-b427-ebbb-4acf497f2ee3	0.9059	M
1	>87da9a59-0b1b-541f-884d-62c2d92df336	0.8697	M
1	>78e4667b-e3f5-4ec7-c0ee-5d76216edb21	0.9219	M
1	>65e59338-82fb-e407-7b6b-4663ed9ca6bb	0.8103	M
1	>9b387fc2-128e-d71e-c69b-78bfc1331209	0.8491	M
1	>7a19f867-081c-0dd0-d6d9-a6108823c2a8	0.9288	M
1	>84086ec6-67ce-d8c6-e71c-a417324d4a8b	0.8677	M
1	>d4a170d7-d2e4-13a3-68be-dd05f2ae16b4	0.9041	M
1	>676dfab6-b333-b095-9132-1b37f393f862	0.8152	M
1	>0e8f7a01-e56f-85cf-a266-5ce2b87311b6	0.8482	M
1	>55b00971-80f4-82d0-2f7e-23c387f8943c	0.8797	M
1	>178a766f-da60-3926-f46e-b1d9e2beabfb	0.8223	M
1	>c76ffeb7-d7b9-9f39-6721-c268deda2f09	0.9231	M
1	>d8df4726-5a70-23ff-6b23-2050a0bdc6f3	0.8664	M
1	>46dd216e-28ff-c2d7-719f-2f4cfc646c28	0.9147	M
1	>39f57697-c105-a446-dca3-c8108a77db13	0.9040	M
1	>7000abb7-5d1e-c759-73a9-10dd6dc6aa36	0.8459	M
1	>bff6f8d0-0258-6c44-39d6-57994f357923	0.7720	M
1	>2662096d-7c1b-d2d3-5797-941d94a44245	0.9152	M
1	>69fc9949-84f1-ce77-0279-a221c2dca2e2	0.8793	M
1	>a4651b14-6dcb-6373-9c65-cfe781485deb	0.8673	M
1	>38788d4c-6605-dddf-5e0b-50e5e511d246	0.8646	M
1	>3f6f7951-8c0f-7a0c-8ce3-0068854d55b4	0.9195	M
1	>6d52a254-fec8-1e7e-ce92-2c021d4e7e11	0.8444	M
1	>6b1df176-2adf-bbaf-5ad1-a93364ea5455	0.9160	M
1	>9f49b618-9868-7552-28f4-0d0134eeeee2	0.9283	M
1	>4203aad1-8452-2f4e-32be-71858e075b68	0.8729	M
1	>d8f2b638-a1ea-a9ec-c532-3700f9b9744f	0.9099	M
1	>6d2583f7-de0b-fe15-faf1-22624e17389c	0.8794	M
1	>80cc8457-0f5b-3a34-a2e9-2bc3e4445ef8	0.9184	M
1	>9ae2f3a3-0410-84f9-92b7-105fa70f029c	0.7724	M
1	>e9d4d4a5-3932-4fc4-8533-40689a393e36	0.9059	M
1	>edf393c9-1576-3082-ae03-0bbdabc3849c	0.8279	M
1	>01624494-abe6-cca1-149c-65ef525fe253	0.9117	M
1	>dcfd6f82-f423-e4de-5fea-18c10f2d8699	0.8661	M
1	>dd105cd4-82e6-4a0a-648a-2d99b9418761	0.9052	M
1	>af6d999c-9dd7-36a6-2dac-176d7fbc747f	0.8646	M
1	>769f407e-00cb-65b6-29a5-f42c2ce8e3a1	0.8270	M
1	>fb638220-62c8-aa41-b102-fa486c1ec8d2	0.9181	M
1	>42d4f7bf-0bb0-89a0-9902-9c3198135519	0.8829	M
1	>5d219818-b4ff-7a13-2bcc-73cf9c164261	0.8688	M
1	>6a2dac29-5ad3-4e5e-c746-8df2feeb2268	0.9081	M
1	>3d9a9f69-442c-09d8-df19-c056e7bf03d8	0.8629	M
1	>bd0930c3-e83b-bb05-a9ad-b00fa552c662	0.8520	M
1	>3df8eef5-f80e-b1f5-3ee3-1ffe8bab4687	0.8641	M
1	>9a1369c5-b185-8c73-c1ed-94f360e762d7	0.8443	M
1	>14b49011-ea0c-1e56-eaf4-735002d48363	0.9214	M
1	>755b6f5c-7bb9-ef40-6f6f-378a42dc22b6	0.9197	M
1	>d4dbf7a5-420f-47e2-f8df-cfdc9fae39ba	0.9218	M
1	>82057521-4c11-879d-f07e-fa2884ef1ef8	0.9141	M
1	>2dd14db3-9360-713d-f830-05de3b04babd	0.8485	M
1	>bc5fa3ec-b84d-f6dd-29ad-cfdcb95be4e6	0.8632	M
1	>03743c1c-d47c-a860-3c4e-28ee4d403019	0.8421	M
1	>c68aef26-4d3d-3032-18a3-31f56e9cad1b	0.8559	M
1	>3ed8c385-dcc5-3fbf-ee89-5750bd54c408	0.9413	M
1	>665b4d6f-d801-a44b-7a64-1fcaf024b85e	0.8855	M
1	>b37dd0fa-b37c-5740-aed8-12aef1c4dc89	0.9040	M
1	>a6e03e77-5363-d4d7-acb4-e988dcde201a	0.8750	M
1	>b73bcc2c-23a6-5a0b-314c-e531643c7806	0.9118	M
1	>08d0e9c3-7731-addc-7135-2c624d185e28	0.7874	M
1	>4c141c0f-5e93-7b77-4757-00ba85e1a930	0.8617	M
1	>93d2a1c5-e1e3-2145-1cc3-bd0ee2cd1cb1	0.8865	M
1	>1b2a06ba-a5fb-380b-cab7-da5d3a0bbc84	0.8805	M
1	>a988f86a-ca8a-afbb-7444-017c6783e5c2	0.8643	M
1	>39fc7f73-b05e-0d92-46df-b0f4f50af458	0.9074	M
1	>880cf100-329f-1ddc-ee4b-dc99311a6836	0.8097	M
1	>f6055e3e-684b-b774-2370-d0f94c2e5406	0.8909	M
1	>2e2427d9-56a8-bd84-69bc-7f74faf5f458	0.8479	M
1	>86e2ccd1-df0c-fa3c-e0b1-04f550e5c8f0	0.8832	M
1	>6717ad2f-751f-9e48-cada-1f542335dd52	0.8967	M
1	>b824748d-f42f-335e-4b64-c0256ceb7f6f	0.8617	M
1	>147fe8c6-1316-c2d4-cac6-3997297156b3	0.8478	M
1	>a4b1fe18-9b66-adf7-2600-99605c4fd1b0	0.8545	M
1	>7984eeb3-9dd4-e80a-9252-ddea8184fb75	0.8300	M
1	>f5af6e5f-5fa1-7a95-dbd0-0ecd5ef0764b	0.9027	M
1	>f2e9be32-29ae-a454-4b7f-6f652fda6734	0.8870	M
1	>2401b000-d8a6-03b0-9f06-c564c0347d4b	0.8797	M
1	>e8e710ca-7904-329f-15b7-cf7008aa33e2	0.8852	M
1	>4b07c095-5498-2674-2a89-4fd526ba4353	0.8907	M
1	>65cb26b6-33e4-b9c6-0f98-33071427e52c	0.9084	M
1	>59f737f9-e8bb-79b3-b689-e3087ea48a5a	0.9264	M
1	>69da0d0c-a2c6-e8f1-56f4-305cb077e81f	0.8546	M
1	>bb19b453-ba9f-0cf6-2b62-7b11b6c2262b	0.8456	M
1	>7dd22745-90f2-1c96-3ef5-7b488ea52ac3	0.8864	M
1	>aa8243a4-4755-7fc4-2a44-c3479bff8045	0.8689	M
1	>349b03fb-67e2-0527-a467-eaad9ef49023	0.8720	M
1	>591f137e-6a20-efab-636c-d9032d755f23	0.8372	M
1	>5c8c4727-d2ab-7588-9c29-94b64ad555bc	0.8739	M
1	>cd916dd0-7723-a6f0-c093-0d735f8a9730	0.8723	M
1	>a9f03d85-b63c-e379-5878-935a03a8f03a	0.8785	M
1	>8af2d1f1-b028-2380-4a2f-412287ae27d7	0.8366	M
1	>9d970aa4-3f8e-2c5a-f68a-cef12d4a0fce	0.8907	M
1	>f3b9241d-e615-9e5d-4684-2af4607c6979	0.8925	M
1	>7fc645df-cd4f-4c9f-256f-f9b676ce294d	0.8943	M
1	>10af5e04-fb1f-70d3-87a7-e3c91b39a258	0.9094	M
1	>5e767985-7a49-e255-588d-9ce34c36940d	0.9088	M
1	>1e4a1a06-eb03-40f6-0032-a10f9b10e79d	0.8740	M
1	>a3547477-dfd1-e064-11f3-9ae2d9a87d2f	0.9074	M
1	>f5891c6f-ef7c-e0af-e7d7-a648b81e5c88	0.9073	M
1	>1dfec35c-a1e4-1624-f1ba-acd742a8dd5d	0.8774	M
1	>9a4d1673-b707-de11-664c-d5e5be4863af	0.8921	M
1	>290a2670-4c58-0001-0ce1-ce424605635a	0.8590	M
1	>532dab3f-6765-9e66-bb7e-46f3689f593d	0.8120	M
1	>e863a9e3-b527-8168-cd96-8d5d7b0182c3	0.8499	M
1	>c14b27c7-01a2-4e30-7450-40a2b432c905	0.8553	M
1	>e5d00dd1-c9a7-c579-0efc-f395009cc87b	0.9204	M
1	>fe225ea6-a130-4110-446f-2195b0c7464d	0.9144	M
1	>888c4af5-2c7b-d793-1e69-4ee6d39dfc41	0.8811	M
1	>b50e6fc7-f600-1cef-8d1f-44850047e3fe	0.7856	M
1	>c1429a9b-bb52-c8e1-9613-3ce9f0bb4b3f	0.8673	M
1	>4fe4c77f-7ec0-24d0-a5d2-cbd3f673bbe1	0.7648	E
1	>aa38baae-2224-c327-ca73-aaeea128dcfb	0.8093	M
1	>b80efb43-dd53-7ce7-04ac-c4ac03ea7924	0.8818	M
1	>a58fabc7-5be6-5cbe-c94f-2cc36854e58e	0.9129	M
1	>787178a8-f802-e668-c565-cb09df35ea1e	0.9249	M
1	>6c4d70c8-356e-148b-65d8-0911afebfc79	0.8856	M
1	>d514b1c7-7673-be02-36f6-9f0300104ebf	0.8916	M
1	>1d01d418-bbed-2d13-a207-0711e37e0282	0.9366	M
1	>883dcdba-105e-7819-11a6-802a59e9d705	0.8836	M
1	>66b5d3a0-03d6-3e9e-1f06-a00ecdcc3008	0.8684	M
1	>0dc5abf1-6f8d-9dcd-3fbe-5003289ccd2e	0.8725	M
1	>8b0c3945-f05c-deaa-9511-b8e50136226e	0.7827	M
1	>62172882-6ae0-0e3e-d948-a0747d238804	0.8221	M
1	>b80c940b-da90-700f-784a-020c85fba3c7	0.8477	M
1	>973d16e1-319b-6859-d27a-1f3cd9fb5979	0.8955	M
1	>c11becfc-aed8-a9ee-c7c1-7e17d8a809b0	0.8508	M
1	>e735f02a-d1a9-e400-7760-1e711803a7db	0.9128	M
1	>e8b03080-a234-dfef-a22c-0de744ab1966	0.9054	M
1	>d0d6716c-10db-dea6-ccd1-8e2baeb7af9e	0.8630	M
1	>77003350-230c-876d-998e-f62fdefdcde0	0.8557	M
1	>c2e0cead-18de-da70-3cbf-af7956d8919f	0.8805	M
1	>54f27f55-eb3b-2b33-47fb-53a94fd757ab	0.9099	M
1	>43e4fd3d-1d9a-423e-c3be-6f0c37bf9fe0	0.8659	M
1	>4b7d0340-a59c-17bc-db0b-13cecaeac4e4	0.8537	M
1	>b28412d3-684a-2479-8015-9e1ce989f7fd	0.7921	M
1	>4d07d775-971d-074c-c02a-22ff7e9e41b3	0.8227	M
1	>7063ee36-4267-7cf8-b0f9-4fc7d895b07c	0.8497	M
1	>48c0a5e1-a351-4e1e-74fa-d847765837bb	0.8429	M
1	>291a5bb9-933c-8011-e0b0-86746629370e	0.9017	M
1	>7ba9b06b-7f66-7443-8520-2c99efb98d45	0.9196	M
1	>fa785fe6-3926-296b-3d3d-8a3946788828	0.8186	M
1	>5fb13dba-89a2-2348-a174-51693c8bf726	0.8746	M
1	>eb5e13c8-52fe-702f-3342-079abf357f1d	0.9100	M
1	>08c91739-470a-0d86-0d69-ea67abe9db57	0.8034	M
1	>e9eae110-bc47-183c-3774-387ef37766bc	0.8804	M
1	>64fd1c91-2e6b-d68d-cecc-61c522655fea	0.8805	M
1	>52dc5a65-fc53-1282-d2fc-51a9c00ffaea	0.8345	M
1	>a7121c35-f378-3941-ca3c-6aae1ed8ff63	0.8646	M
1	>87f7558f-a675-55b0-7534-2620ac97a699	0.8017	M
1	>ce52ffd8-397b-a606-c2ad-b402fa7c2245	0.8610	M
1	>770c690a-45bf-40d2-1fb3-ce2d4d4e49fe	0.8409	M
1	>61fa1a5b-60e2-4d85-1c84-5269b78fb8f9	0.8898	M
1	>70760e72-56af-5183-c0a8-3caaffc48786	0.8638	M
1	>14afab9e-60bf-1d31-89ef-6ee73f030dae	0.8749	M
1	>21aa0cf9-ca5d-1f7e-9ab7-c673759a942d	0.9072	M
1	>f2d03bf9-54ad-fcb5-3fb8-7531cff4d372	0.8936	M
1	>e3dea0f2-2b12-e7b5-9bae-7fc3aab9a3d5	0.8918	M
1	>f5b1f604-4092-9c24-e543-50e17eafbad6	0.8023	M
1	>7e09fa24-b308-2231-7706-22c5c185d422	0.8069	M
1	>7dcd4552-3d7c-47c2-1d22-589fdcefb753	0.8888	M
1	>bc150bf2-c912-8b2f-2939-bc5eb39aafe4	0.8329	M
1	>9b555a23-bea3-2629-6222-11c49a4b794b	0.8578	M
1	>dd309710-ccce-8cca-a118-b5c03b432dd4	0.9045	M
1	>69dc45d0-cb60-82d1-dac1-4d843ee1cbe2	0.9457	M
1	>e0fcee78-c0e1-d1bc-4dd7-afca72010943	0.8549	M
1	>2acf7b48-ca9a-bc00-aebf-cfcfe2c469d8	0.8649	M
1	>13ed8883-f1ed-1629-812c-8d943e093401	0.8998	M
1	>c810b0e1-76fc-f5df-5f4f-d46aac3a3165	0.9217	M
1	>6d7b650a-b898-06f2-b1dd-ba912bdf22fc	0.8986	M
1	>b08dedd2-1565-5312-1ee6-1801249dc57e	0.8915	M
1	>a2e7fa2b-06f1-4333-9dfd-3e359adb4fbf	0.8491	M
1	>d65b6e89-be6b-b3c7-6fb4-b1eebbdafa78	0.8244	M
1	>36432cdf-523c-327d-f86d-0c453cf97af2	0.8765	M
1	>c3491267-06de-9e8c-4b21-373be83a477b	0.8687	M
1	>a6dd2d5e-a67e-2e50-7cc4-564fc1861486	0.8798	M
1	>5db17b43-59de-7226-ee6d-bb260d8fc56d	0.8510	M
1	>9bb2db91-0606-4fce-f0ba-868c91c7a4d1	0.8505	M
1	>ef97c67e-68a3-74c5-cec3-5b5845ddf4d1	0.8493	M
1	>a70a3a94-01b0-6265-9fcf-ad12a250e7a8	0.8751	M
1	>ff3038c9-328b-762f-50db-0d3efb9207f2	0.8530	M
1	>c6f3c671-e8a6-4855-abb7-eb26123cc8cd	0.8116	M
1	>0fe2f742-f8db-b135-9130-5b36ee1731a0	0.8845	M
1	>019f3bd0-2e2b-f97a-a8e4-0a34c43d4cd5	0.8968	M
1	>83a8b11d-340e-2b79-726e-3ed58bf08fa8	0.9134	M
1	>d2b45d31-9f1a-a5b9-8b6d-d9f533407884	0.8554	M
1	>2f6c0484-fe7d-3262-c116-92449507e19f	0.8332	M
1	>c916f50d-692a-1ea2-fc85-69bf9a8e2c7d	0.9153	M
1	>865a699d-f816-b040-6c1c-1faf43764ae4	0.8339	M
1	>10ac110f-117a-4469-a176-463c255948f1	0.9078	M
1	>6a7e0fa1-31ad-1f9a-589e-9b8e3f7d9c08	0.9004	M
1	>f9d249e5-95d8-367e-b035-be3d07599a14	0.9057	M
1	>56985d42-439b-f90b-f8f3-d5e6e01d7c80	0.8938	M
1	>a2fab2c0-cd8f-b3ce-d0c9-eb3599be98c1	0.7775	M
1	>2b5d7d8e-29df-0551-98b5-3cc2c4ab0d44	0.8918	M
1	>e32f4393-51bf-0809-0da5-537296680dc0	0.8505	M
1	>224a79c5-9f1c-bd19-1c3f-58fed9804290	0.8865	M
1	>1647f04f-e129-05de-0eb1-fe8c98dfa80d	0.8239	M
1	>5ea591d5-da9b-16a3-11e1-a8876423804a	0.9005	M
1	>03fa6f9a-7892-9582-a60e-81ba877243b3	0.9175	M
1	>e00919c6-4d90-e0bb-41ff-997df086379b	0.8943	M
1	>1a0f7ab6-172e-0c7b-c7c0-693502bd7626	0.8910	M
1	>b0a0a13f-b2fe-49fa-bfee-6978946e6fc9	0.8464	M
1	>a1e1722e-6a88-5c1a-ecaf-cbd544a5ce8d	0.8741	M
1	>14f3cea5-bc5b-a80e-ed94-ac412ea0b10b	0.8297	M
1	>46a884c8-dc6f-3086-a9a4-4aa42a29d2c4	0.8806	M
1	>7c7880f0-5afe-cb89-d1b8-5cf361c807fd	0.8428	M
1	>45a44812-028f-3dcd-091c-cbfc752ee1e0	0.8785	M
1	>ff6a509e-b8ad-fdaf-2c2d-13db6635253b	0.8694	M
1	>b094a10e-e033-36bd-0597-cda692403da1	0.8407	M
1	>f65367bb-443b-222c-966a-281e21efcbed	0.9171	M
1	>b337e677-a871-c9bc-e354-d3197ef92560	0.9123	M
1	>e3efd18e-bbef-a437-ba3f-3b712756f3dd	0.8074	M
1	>6dc4c1db-1f0b-cc16-c3a3-6db785e2011b	0.8791	M
1	>9b6cd32b-20b1-975a-beee-665884ef64fb	0.8816	M
1	>787cb4d1-54c4-7ce1-cf10-4899416536f5	0.8988	M
1	>b5c48e7e-dd0c-3163-aa2d-9394653cb4a3	0.8667	M
1	>375834c4-8d1e-4d10-d640-ede09e1254e4	0.8600	M
1	>64968dfc-b746-bbb2-223a-c80e2971a0e9	0.8503	M
1	>1f635e3f-7306-cfca-dd02-ef1deea44448	0.8406	M
1	>b0529682-42b5-a4d1-565d-164d998fabe8	0.8870	M
1	>fa19c3a0-537e-da83-c84d-3ea507187bb4	0.8492	M
1	>89eca05f-8aaa-cf9d-583e-cc73b3723b67	0.9108	M
1	>2d6e7e4e-6a00-1dbd-76f1-ce07450f54ca	0.8736	M
1	>a4b66f47-66e6-cac0-e600-b247ce2c1dbb	0.8621	M
1	>7b1701c7-7a77-3cc0-5c97-0dab6321cde1	0.8345	M
1	>d5f8eedb-4c59-588e-f229-28893050a926	0.9077	M
1	>099397f8-040f-748b-ce6d-f7f038c49fc4	0.8548	M
1	>080bcd6a-5afa-c6c9-0ccc-70e9ae7e16f9	0.8614	M
1	>245d521d-b49c-aedc-d163-a62acebf08b0	0.9017	M
1	>502c5f7c-a76d-29d0-0ddb-5b5990d3dd51	0.8814	M
1	>1eda141b-0d67-baf5-4862-882d8ec0c3ac	0.8510	M
1	>a66d9000-7aca-3729-d0db-20305ad6e21e	0.9182	M
1	>74a522b1-c64a-3b2f-497c-7be1f670ad99	0.8753	M
1	>dfc1933b-3600-6ce1-3b17-8057998b818b	0.8709	M
1	>19a5a9fe-03df-efd5-da72-0a51464c8432	0.9173	M
1	>2fab9c88-828b-40ec-a18e-c2b8cfe22d56	0.7771	M
1	>34c29ec6-feca-3c73-7a34-45d48d28b24d	0.9278	M
1	>2e47b76f-9e0d-31b8-7358-81c546817320	0.8772	M
1	>b168dece-1dfa-ce57-0d59-0b9b846d3348	0.9110	M
1	>d6728017-b8e3-adf8-aead-45860a451927	0.9234	M
1	>b2bc9abe-bd10-5f0c-a991-29eb53c3ad00	0.8857	M
1	>27472cf0-4aa9-bb54-a7fd-20b101b6812e	0.8960	M
1	>8a1ea6e9-2a4e-4527-d2f5-ed0acea36ff9	0.8724	M
1	>bcc6bcd0-621e-81c5-e9f5-a486e6274c93	0.9247	M
1	>333f4d44-5192-a7f8-b177-d4c41629d8d6	0.8901	M
1	>d40a6203-c83e-9538-109d-c7b2d7387e3b	0.9231	M
1	>b8a1e4a7-0386-7093-7139-a3c7ce0d4e1f	0.8272	M
1	>ff5b049b-278f-171c-35ee-8c9e7f794307	0.8806	M
1	>660531fe-3b77-f502-5ef8-4d4e854d3c94	0.8763	M
1	>6b493280-dc7d-dcc4-601a-951f4e3feac8	0.8927	M
1	>1de25d94-ae33-44d6-74c4-ebc6397a53eb	0.9014	M
1	>e65fc0ca-bfc9-e036-b7e9-41623e63b83f	0.8828	M
1	>b0d5842a-d1b2-55f6-4dd3-b503957c64f8	0.8783	M
1	>ab0b2d54-5e19-c597-4cef-abac94cb2a9b	0.8660	M
1	>0892b0f8-63d8-5d79-6f82-5bfd3e4b52ef	0.8533	M
1	>52ef2145-f117-78b3-73d9-3fd4d1dd6309	0.8703	M
1	>46ba5e53-cd6e-c313-d122-7cff60c16190	0.8205	M
1	>42ff97f4-6d78-fdd1-7aac-27f8bf38f057	0.8857	M
1	>d66cb366-b99f-c826-e305-21e0b2ef680f	0.8837	M
1	>3657365b-aefc-59b5-c13f-dfa32e5fe338	0.9393	M
1	>536d6d87-0482-0bce-9705-5e189e3ec07d	0.8973	M
1	>ea45050b-0fbc-d6fb-1c80-8f567ac9f1e8	0.8410	M
1	>0c178832-c640-f57d-5510-d0e8a3d6d6d3	0.8413	M
1	>b1a61c07-235e-c49b-2404-e827ea7bf62b	0.9079	M
1	>3acedb6d-0b21-cdb9-bf92-b796ee0dcd7e	0.9025	M
1	>5b941e6d-bee8-01f2-5414-e7362743117c	0.8360	M
1	>5002384f-15fb-e03e-6cf5-618104306080	0.8771	M
1	>560652f7-f6f7-b403-494e-1b9db41c2a07	0.8873	M
1	>01b4c1f6-e276-e599-d0ad-8a8a99fe37b3	0.8617	M
1	>7ca8a63c-27c5-c794-7823-8b4263e32721	0.8560	M
1	>96247d1d-1015-c076-71cf-34f1e4f87653	0.8818	M
1	>25cca143-617a-1394-5554-09bd123ed514	0.8831	M
1	>6f5f787e-4782-7fac-b7ad-a4a60d631a0a	0.8950	M
1	>95ef3ee0-6ee0-3d39-a157-c7c405df3894	0.8149	M
1	>f8653219-70f2-6f45-2ff4-50f07ab9d3ab	0.9009	M
1	>f2e2f8d5-ee0c-b77a-d917-41e14a980fdd	0.8745	M
1	>5d2e4b69-e6c9-092a-5337-959c637e22da	0.8301	M
1	>0a170be4-887b-9aff-538a-f8e04b3dcfd7	0.9098	M
1	>1609e7f1-9312-d482-6f1c-f88eab8897df	0.8358	M
1	>409a7a7e-2abe-5b22-7ae2-8ae7d8c8728e	0.8175	M
1	>d39b62b5-1074-fca8-b068-0c563bf19141	0.9034	M
1	>9a151bcb-3c7b-754d-f19a-da2eb7296c88	0.8912	M
1	>7762297b-4877-6324-2d61-e90dab3eada8	0.9151	M
1	>907d2f29-0bc0-7892-2ce4-5cbb93b1da23	0.8067	M
1	>337f6700-9134-a26d-ff9a-55f8f06b7c5e	0.9177	M
1	>e15861a6-e545-9bbf-4b19-2d92e0dd3dc8	0.9049	M
1	>3ba27030-3577-68d9-8489-be84f5033b45	0.9002	M
1	>40dc3bff-5a79-7f74-334e-bdd8604e960f	0.8630	M
1	>1d7c1a79-03e6-4701-b171-3c999d5da0ce	0.8895	M
1	>23be0897-982a-8355-9ec3-451fea1adcb5	0.9025	M
1	>a390541b-02e7-0f3c-5a33-158336c04f6a	0.8878	M
1	>4c1b3a1b-b512-8572-30f0-e0d6329f6723	0.8916	M
1	>394c9423-1567-deb5-effe-add67d0907f7	0.8190	M
1	>8aa1928a-1098-2961-a2ee-d5fdf637272d	0.8678	M
1	>c524474a-cdec-27b1-bbfd-968b75313f2e	0.8340	M
1	>f60a22c1-0ebe-3b8a-af8d-f3a83fe21aaf	0.9279	M
1	>364ef2b6-4d40-f98d-d30e-dd5a45064361	0.8773	M
1	>f8efbeb0-823e-596d-af32-5cc2dde33659	0.8844	M
1	>e493bd09-837f-1425-97a7-7990a4e9c388	0.8833	M
1	>a285dc02-5243-d4b7-12ab-3f74e49bac7b	0.8510	M
1	>2d09d8b8-de1b-a937-d5e0-8e02d96e35b9	0.7773	M
1	>e4638179-c512-66ba-dc98-0ad7cfb4acd3	0.8843	M
1	>53950630-e3ed-0c4a-4c9c-0092c69f2100	0.8582	M
1	>5b1cc849-bf31-ea65-ac0a-a438098f2c42	0.9130	M
1	>317bcc04-6fb0-3f0a-e5e8-2ed8df8c4fc8	0.9184	M
1	>ea67ffef-2801-8318-6f30-9f8666276d58	0.8885	M
1	>7d238443-c276-865e-d8c8-f3fdb462db45	0.8739	M
1	>5293f4df-3231-2609-91de-1149089a696e	0.9171	M
1	>690fa833-ea4d-fdb1-f3e1-73901a0fc5c2	0.8891	M
1	>6d0f15a8-5a23-c0fb-9485-a7388b8a1fa3	0.7627	E
1	>71cccb1f-dc3a-c69d-8a5f-0da421118e95	0.8759	M
1	>443a5a19-c30d-3c37-e5e0-8c8d6d271312	0.8706	M
1	>7e4c255f-293e-bc33-bf74-df81371bfc55	0.9123	M
1	>f2d1de0f-0ed1-c6ce-a357-5a834ee04c2d	0.7897	M
1	>89f7e7d9-fc3d-2822-a672-10337edcbd9a	0.8968	M
1	>014e7c8f-6a70-9ed8-e239-e31bb61d90ea	0.8836	M
1	>66961262-351b-cea4-a3be-cae742763b04	0.9168	M
1	>ed9f8664-c7ab-a21b-4780-3580aa639ee8	0.9000	M
1	>efb48c7f-db66-781d-5643-115f6650c6cb	0.8791	M
1	>8ba0f391-95fa-8ebd-93a1-6eab2f75a994	0.8860	M
1	>f6b34315-5dca-f0d3-1350-80b3da1a2c1f	0.8903	M
1	>e5e1db94-0794-6c1e-c8f9-b7b0bd1a3677	0.8955	M
1	>e3133de7-1d6b-47df-fd7a-2f15744ad295	0.7971	M
1	>c631c447-4c23-6a5a-e7a0-23bceec29a05	0.8765	M
1	>8754cad9-df20-98ac-a017-e5bd544e8bf8	0.8920	M
1	>b1f4265b-acd1-0cc4-942a-6ec49307065c	0.8957	M
1	>cdfdb597-a62e-35bb-a238-c76a5850dd2a	0.8879	M
1	>0938965c-5ef4-45fd-3aa5-e6f8b263835e	0.8603	M
1	>d6cbdd3d-a362-86e3-aaca-d818ef68b6db	0.9043	M
1	>33218133-a2b9-20ac-0995-1c156db7204b	0.8662	M
1	>34f0a4b7-d529-fb23-59a0-6890b1dd8137	0.8800	M
1	>a4520960-5bb1-814d-617f-a18f71d721b5	0.8622	M
1	>230c5003-8469-bb1d-1355-2cc8d2da4ab4	0.7682	E
1	>a785c073-e9cc-8bc2-60cc-31d1d5bf2841	0.7562	E
1	>8d6af108-eda4-f47c-3083-230351e472ce	0.8868	M
1	>5e1de43d-6102-4f70-c0ed-ac161930505d	0.8612	M
1	>6b3e5247-360d-4cdf-1d6c-f6432769e8d5	0.8465	M
1	>69827cb8-eebb-88e3-d820-16e10d0803b6	0.9061	M
1	>351d2294-1394-8e43-1047-40144f696ab1	0.8814	M
1	>c8069f54-9e24-58d6-812c-64edd37f3d14	0.8666	M
1	>8e5542d3-834d-403a-a39c-d2e375ca78e3	0.9011	M
1	>91eefcf1-dcda-2614-7ed6-17309865d9e9	0.9335	M
1	>0a66795f-f10a-f441-54f9-ec04809ffbcb	0.8321	M
1	>fff57141-6d2b-ba68-b263-02bcf283b073	0.8298	M
1	>8f7307bb-b0c0-ef38-70d0-a01be5470e31	0.8037	M
1	>d0f91799-c9f1-9412-04d1-77aa9701b7f9	0.8140	M
1	>97b8dbc6-ebd3-f0f5-c8c1-30bb6106e9e9	0.8891	M
1	>70088df7-6804-b660-f557-29e9d4295879	0.9038	M
1	>dd2198b1-0de8-7e3f-2650-0ef8908b874e	0.8775	M
1	>b719c34f-d49e-8a81-0c8e-e5b7b2450830	0.8172	M
1	>de2772c2-ac12-96d7-6c99-6781aef23de4	0.9249	M
1	>518a0ea9-8737-8b30-7ba6-635c25a34ec5	0.8101	M
1	>fd88b568-01ac-973c-4d3c-b53ceb22c34a	0.9279	M
1	>32d4f2f6-9e2b-c83f-0300-2f30d8261d2c	0.8531	M
1	>4492cbd9-c1aa-df29-73aa-f5432dd8be9d	0.8995	M
1	>ec16e612-f927-939d-6190-a983310abadc	0.8988	M
1	>01b5bae3-0bc0-7f5d-caa9-d03823d9f964	0.8961	M
1	>92512cc9-4911-46e5-9411-5c27c91edd23	0.8832	M
1	>f4f60fc1-6b3a-d986-46c4-a95850c7ec99	0.8039	M
1	>2ab27713-a00c-a3b6-2362-f2448fd61c3e	0.8681	M
1	>0089981d-5204-81ac-7397-588742793977	0.9053	M
1	>463ba7ca-d96a-f12a-0eac-3ed7351165db	0.8301	M
1	>b0e66120-c0fa-cbe7-3801-bdffcb7644d6	0.8842	M
1	>43aaacdc-6948-3eb7-a312-ccf261497023	0.8321	M
1	>3dc37bc8-756a-c0a3-e2c5-f196553f732e	0.8643	M
1	>19e94e7a-70c2-80c6-eafd-6a3dd4669ef1	0.9209	M
1	>cb6841b7-ae7c-a642-633b-be3ea2b2d61a	0.8849	M
1	>95ac801b-5ca4-9e2c-6742-867dfb269406	0.8213	M
1	>cd3e6918-3e8d-c1fb-fd4b-dde24940f666	0.8476	M
1	>731f5b04-da96-079b-20f1-01f6a5e2ee96	0.9386	M
1	>513b4af4-5ed0-d543-f49e-13e1540b4f72	0.8805	M
1	>c6ffd899-a162-c9fa-b2da-5fb5c351c21a	0.8488	M
1	>a748cebd-3975-7d02-069c-dae963bce0e5	0.8755	M
1	>d403f19b-7f96-f4c3-6fce-0254d6bcee8f	0.8743	M
1	>5423a572-c2b2-51bd-af9c-4ae2d90ba370	0.8684	M
1	>57dc7421-c04d-9c11-3535-ed6fb22fabb3	0.8597	M
1	>e62304de-3187-bdc3-8703-aa308af5ed98	0.8983	M
1	>940765e6-b56b-234b-493b-d1680d8edf4f	0.8504	M
1	>b967b850-944f-1184-f775-fdc14929f6e9	0.8075	M
1	>48482c67-b37f-9e1f-a22f-411c04f0da9d	0.8222	M
1	>fd17556b-5f6c-9b66-6419-a576ddf4ce2a	0.8336	M
1	>5bcbcb76-fe52-ffc0-acfe-78eb79ebc9d4	0.9090	M
1	>6773eb79-25cb-f1bf-6b00-3e7ada709557	0.8670	M
1	>0a1a5608-7509-3597-c7f3-a8a162ebf20a	0.8626	M
1	>e0de9f48-a774-f47a-f838-dabf5d86e104	0.8298	M
1	>2f6c106e-33cb-cd71-9197-084e140be823	0.8493	M
1	>fe56d746-effe-3c8b-7d5f-ead8497d2af6	0.8900	M
1	>7885046e-d9e2-ac6e-f920-8d13c188c130	0.8913	M
1	>e3cc354c-a655-0a00-4535-4d8bb3c2398d	0.9037	M
1	>d7e6d86e-5c07-b8dc-5bc9-c518aec64d3d	0.8977	M
1	>c0ad665a-4f82-732a-39ff-051fc8bcce3b	0.8564	M
1	>e3eb07bd-cf5e-1c2b-e83f-a428518595c0	0.9043	M
1	>8c751b1c-56bd-0705-4ce1-1b40a0c41004	0.7909	M
1	>1ea6f5d6-0874-7335-31e4-618558f7211f	0.8862	M
1	>c493a5fb-8ddc-ca6c-3e12-9a7133d3c891	0.8908	M
1	>0e3bda0b-23b1-da9b-1d5a-a4ed053103b6	0.8392	M
1	>0a75206e-a6be-9d9f-7fe3-c7cedcfc0066	0.8895	M
1	>155a575e-2924-517e-dd5e-3183fb61f301	0.8901	M
1	>06200619-00b2-b027-2274-ec237b2e2067	0.8630	M
1	>70f19203-63ec-f423-5eab-9103bafa44dd	0.8356	M
1	>1b412bf1-93fe-0977-b26e-cc7a2e27ca3e	0.8045	M
1	>2445268a-d3fe-2c50-42b9-8187bbba117d	0.8239	M
1	>d429dc3e-ab19-a469-f008-b2d7e8fd201c	0.8642	M
1	>6ccc4e53-db9e-25d4-7678-dc0ff3f50dc7	0.8633	M
1	>e247eaab-7a83-489e-e57e-0f4cb4968593	0.9100	M
1	>fb983e9d-097f-5303-3cae-de20877c84cc	0.8970	M
1	>2aec951b-df18-2017-0db5-81d18678014d	0.8793	M
1	>c177c98f-6d06-869a-5c7e-f93b96b6fa68	0.8566	M
1	>a495ed83-f1fe-9e8d-8a53-984ad3fa53ee	0.8508	M
1	>5d9ef4f2-ecf1-083e-e24b-42e1527409a8	0.9040	M
1	>c3d5b1d6-5022-59ee-2bd1-ae2d025048d0	0.8936	M
1	>aafaf426-cec4-c43f-4b6e-6733d6e0bf8c	0.8318	M
1	>1785f518-4924-a16f-5f5a-68902a83ca0b	0.8161	M
1	>20807d13-05f5-802b-03de-dfb063e060aa	0.8892	M
1	>5101db41-efd6-e587-15a4-2f72dd29a8ac	0.9033	M
1	>c03dcef3-bca3-feeb-4f00-53f73360982f	0.8891	M
1	>0c67be7c-03e0-8ee8-44fe-cfe91e2c108a	0.8654	M
1	>6ecc0c8a-e2be-413b-816c-066ce9b364d7	0.8883	M
1	>f190dd03-363c-dfde-5a30-43ae2ffb9184	0.8636	M
1	>94df49a9-2995-f3a8-dd93-a7dc0854eac9	0.8476	M
1	>a3babba1-3c4d-7421-bb03-0b9d9d6be63d	0.8290	M
1	>2d646db8-0b1a-0e66-dfb8-e1d343012ea8	0.9220	M
1	>c34c19c2-87f3-ffd0-f643-840f050513c5	0.9031	M
1	>9cf1fef5-2165-5adb-cdcc-b88b7a2de8f1	0.8648	M
1	>eb40bb77-4ba9-62e4-5ce6-ab0625fe088e	0.9357	M
1	>7a646bed-9e17-67bb-8b42-3c9786ee52d8	0.8681	M
1	>c6363516-402f-ad7b-997d-25eef02d10a2	0.8653	M
1	>f4030e9d-e4c5-763b-9edb-abda4715eadc	0.8746	M
1	>07896929-a36d-9c57-07c2-c90fe05cbaaa	0.8722	M
1	>ac5075d2-7d35-f334-3ba8-ce12c19592d6	0.8773	M
1	>63aef290-8baf-a718-730a-8dbedc4937ec	0.9175	M
1	>c95b9b53-8c11-0e23-890d-cc194fcf0e8d	0.8884	M
1	>c7f06ce3-358a-1156-adb6-fa2632d5fb7d	0.9368	M
1	>9574be7d-300f-7190-859d-f573c26a2c1c	0.8711	M
1	>7be8ba5f-3cc2-1123-b70e-1e83675d8669	0.8460	M
1	>5c7aca74-985a-c914-61f7-ead627bd94db	0.8866	M
1	>0b9b80ed-32e4-9e6c-27fb-a6b65c55afbf	0.8617	M
1	>2cd3abcf-411a-8a91-f959-0f580196198f	0.8380	M
1	>468da88c-4223-6c4b-e9c8-407ad27737d9	0.8914	M
1	>bbce01c0-184e-5807-a256-878f95eb04b3	0.9032	M
1	>2f65d2fc-da17-1de4-23c3-687cc0d4d774	0.8912	M
1	>8f9024e3-8bd3-9e6d-10f3-e23a9959adc3	0.8939	M
1	>e2695aea-0289-15ee-ebb1-9c7375e334d2	0.9195	M
1	>4598b5db-0742-ae1e-653b-28e4c1a85120	0.9081	M
1	>59c32de0-f7cb-b833-fd97-526d1c4383b8	0.8478	M
1	>f93dc763-6c96-9c81-9c21-efdbd41c7aa0	0.8780	M
1	>560ef6a1-94f9-9615-80c4-caeb25de0b85	0.8957	M
1	>8e3a34b5-905c-de6b-da70-735f74bb8d1d	0.8942	M
1	>dbf7cca4-206f-2777-dd35-66f5f61354b1	0.8737	M
1	>235c86a8-36de-5d3e-6c8a-fa9cb5de9fc4	0.9349	M
1	>ee7265c2-d678-44b6-726e-f1d1c3dc1e57	0.8759	M
1	>c884f04f-72a4-cb6e-9dfe-f6bd941f0124	0.9187	M
1	>5c7123fa-4c5a-25f0-03a0-550659c30274	0.8518	M
1	>ccd10ccc-5c65-e6ab-c908-1057c43cc507	0.9153	M
1	>7aa8ba80-0021-2fa8-35e5-393cc89c0a82	0.8585	M
1	>893a9f50-f085-4e0a-4ff0-13ae0b58cd0f	0.9080	M
1	>35a3d583-67f3-0b5d-430b-c8e0e7e9f51a	0.9108	M
1	>023493d8-3f01-5add-2d53-b53007848a2d	0.8576	M
1	>30cd8b04-7ee3-9442-0032-fbe6e54e4666	0.8425	M
1	>0fe1ceec-d9a6-0cd0-6b18-ca66e7581082	0.9034	M
1	>2a9a7c1e-7405-0ab8-eccd-f817f693df3e	0.8795	M
1	>d308866f-4f65-7776-a649-c79296879401	0.8643	M
1	>f5c5a6ab-e51b-4561-996e-6ef756d9c0be	0.8780	M
1	>16995371-4766-e19b-0816-7e1949832fb4	0.8728	M
1	>fae164e8-c869-295e-61f9-9516c703051b	0.9003	M
1	>abb72f2d-31ce-ea23-d143-d84487667257	0.8850	M
1	>e765dd6f-36c1-408b-52a3-420d8b2c76d1	0.9298	M
1	>c4391161-fdf0-b0c1-79a6-0c5c6aa3dd0a	0.8960	M
1	>8d36a130-00de-3965-6eae-e445995e1d29	0.8914	M
1	>c28802ef-63d7-99d2-4188-c3e62aeb8ae0	0.8456	M
1	>84f1be62-4aad-d044-38ce-17bcda7523fe	0.8795	M
1	>683a2344-7398-31ea-4bce-ab58dfd85bf6	0.8726	M
1	>6f24b6a6-cd58-9993-54de-ff00e4e1a32a	0.9083	M
1	>ba81b690-79b7-e2a7-7741-7d00e75555a6	0.8860	M
1	>3b1e137c-3326-541f-5edf-5c4aefb907a4	0.8322	M
1	>0eaaf998-82af-392e-86cc-7dbaedcfa9fa	0.8994	M
1	>bcde8619-5f09-47d4-8aea-5dba19a9bffc	0.8583	M
1	>5f3e2cc9-5477-6e65-eac1-76f15a13beeb	0.9054	M
1	>ca686f35-6d51-ef37-8ea7-2c3bb090b479	0.8511	M
1	>05f60dff-a90c-f324-b617-f3ccfed5f04a	0.8613	M
1	>f4731a18-8089-b91c-e4e3-eb36e222c0b5	0.8344	M
1	>16505be0-95dc-7535-0c14-17a1c6d840ce	0.8865	M
1	>6059fe52-52e2-0464-14f3-188b36ff16e5	0.8161	M
1	>a8b551d2-9103-011f-5d1c-4fa03f558dc3	0.9346	M
1	>94eb9bc3-f9b8-c4ea-c73a-8082363b4524	0.8756	M
1	>2f803460-d0f1-8705-446a-7508c8ebced2	0.8689	M
1	>e3351165-3d2a-db6c-d4b2-243810e0754c	0.9162	M
1	>632d343d-3833-0ea6-f9db-2b4d96faeb1a	0.7662	E
1	>ea24fa79-f066-ddd0-6646-b3c9fc53dff6	0.8617	M
1	>974b99b3-5862-5e34-f2c1-ca06dd03bd93	0.8229	M
1	>5b12958d-493a-cebc-f474-ef6d4cd7ffd9	0.8731	M
1	>076241ba-c790-608b-e677-edd77c738814	0.8251	M
1	>c99557ac-1d54-9650-d060-9b170acb5766	0.8849	M
1	>9ae878ee-30f6-529e-d71c-efbc93b304f7	0.8769	M
1	>76b86cc4-ce86-0db4-07da-3a54f01f0363	0.8462	M
1	>a724b97c-3e5b-cefd-870a-8c3a79ebd54d	0.8575	M
1	>23fcb5bc-e6de-4a90-5557-39203536e237	0.9196	M
1	>fba00260-d0ac-6ca6-3e49-da6ab4639ebf	0.8557	M
1	>1e75ab2e-59fc-d05e-1f51-2baad2e88e52	0.8333	M
1	>b321d3d1-85fe-4487-75e3-0d19c2487c37	0.8821	M
1	>44b9a664-2fa2-efb2-6876-7e67077d2559	0.8658	M
1	>9549ad60-4442-4fd5-aa9c-5c87121a515b	0.9201	M
1	>9561bd28-7c93-0419-e7a3-2079086bcacd	0.8765	M
1	>3ef4d068-7bd5-5168-d8e7-5beef14b21cc	0.8661	M
1	>82d9ee6d-f20b-67f9-cf38-6b1894c59950	0.8041	M
1	>dec02f35-9459-f458-2b98-8d61ae40d5cd	0.8697	M
1	>5a77dfbf-5b1c-daca-4077-1395f0022f45	0.8653	M
1	>cc3a1ed2-0b39-2177-8f95-40f686095dac	0.8611	M
1	>968b9679-6468-fbef-ad30-c332158afe07	0.8581	M
1	>192143b3-f66e-5fa0-f1f3-0d2209a2f3ca	0.9166	M
1	>d07871e4-42e3-b2b4-51aa-5275fd39852f	0.7748	M
1	>6954e2c2-01ef-fc82-351c-2408fb2b49d0	0.8613	M
1	>043b2159-0e72-c545-e266-5c2c184764fe	0.8769	M
1	>311059fb-36e0-dbc5-00b1-bb70db34fa4e	0.8561	M
1	>dd9746a8-38ca-8e8f-daa2-9d012b7f885f	0.8687	M
1	>f7c79de7-54da-dd7d-14ff-a28ec4e60b84	0.8272	M
1	>6d18b116-4125-7856-0f24-532d58a6e5ee	0.8721	M
1	>399158d4-6b7c-c3eb-2c7e-3614858530ec	0.8983	M
1	>1f157210-e982-b0ad-e2f1-0db2a51efae7	0.9120	M
1	>bcd0720d-e21b-9b98-d68e-113f8f3a5a03	0.8551	M
1	>e8965cf6-3354-eb10-fc0a-70c096fc53d9	0.8803	M
1	>84231c25-4ff1-9bdb-4eb1-506b25a91cac	0.8929	M
1	>f44404b7-41dd-4391-db09-e6c2374615b2	0.8793	M
1	>fc7b6497-ff3e-6a15-6c7b-560060596ddd	0.8443	M
1	>cc8da8c9-d2b7-b1f7-6717-3f801d3f39b0	0.8190	M
1	>13a3958c-4cca-b623-6751-f1e4659a386f	0.8532	M
1	>5feeaeff-2160-ecfa-186c-99026108cb32	0.8878	M
1	>d9ecd3a7-373a-995d-58a7-47d77d4154a8	0.8767	M
1	>1a8dba9f-11d0-b2ae-97de-dbda1060dc80	0.8770	M
1	>41d65ba1-9b5f-0fdd-3517-fbb53a582cf0	0.8960	M
1	>701153e8-c7cf-ad08-6478-67bfe3443ec0	0.9162	M
1	>fe7dea47-8d1f-ead7-22c1-c741ef07e55e	0.9071	M
1	>8ab3cc6b-3a88-0ae3-277c-67663f5dd18b	0.9089	M
1	>144d8886-f71b-6683-a243-cc42c9123f6c	0.8955	M
1	>4bb87e21-501a-c7db-6c5a-dd8f02a7071f	0.8300	M
1	>7e88f584-d884-02ba-643b-7948da3e1342	0.7915	M
1	>1cf7e710-db72-e383-59dd-764bdd6ac130	0.7772	M
1	>5db53550-9571-91da-d6e5-0701d50d99bd	0.8434	M
1	>2c8d3908-5242-85ae-0c29-3759362df8ae	0.8963	M
1	>49ed35ee-a37e-8b66-2100-f6f3e97934a4	0.8725	M
1	>ff1c2576-6783-4294-a15e-8d04d37260c9	0.8149	M
1	>dc4d62c9-0f00-e0e8-da2a-7a9cbae2dff6	0.8353	M
1	>d65a63aa-482f-ac32-bc65-97931a5f08a4	0.9095	M
1	>a5738298-fc17-0e20-003d-1ec32f2ef025	0.8848	M
1	>d5b18a7c-f78c-3c5f-db71-b1a77986b270	0.8619	M
1	>62508d0d-3e31-d9b1-c569-faadb1a06ca7	0.9038	M
1	>258c2b1a-e5e3-5559-68a7-ad08cf236e33	0.8938	M
1	>80c7e1ab-af72-2b96-36cb-2e6fc5f1a759	0.8941	M
1	>385252ff-cae4-4b6b-0c5b-2089c81aa1cb	0.8689	M
1	>f1c8c2fb-0210-a696-9798-e2766efab1b1	0.8535	M
1	>ef5e90ae-f305-a74e-60dd-c6cd40012fa7	0.9386	M
1	>420f95ee-2b0d-0774-2d5e-ac3c6dff34f7	0.9331	M
1	>c053b126-dc18-c457-0cfc-03a4c28c15be	0.8376	M
1	>b804a565-73af-a2d9-fcce-331dca31fd0f	0.8899	M
1	>e78c6cf7-177b-59ec-088c-3ba803f15ece	0.8974	M
1	>ceefe33d-4b68-e24a-6cb7-572e1282e23d	0.8443	M
1	>864584a0-57cd-8c1d-2292-4b41a12ae220	0.8897	M
1	>b3bd7723-f767-994d-79f7-84d89ec98997	0.8756	M
1	>70e2c765-ffc2-6f01-723c-8990c881fb06	0.8537	M
1	>95d8b11f-37a7-25fc-8c5e-d835f6f37c61	0.8994	M
1	>9281670f-5160-8dea-9fba-554b23b26eb8	0.8757	M
1	>9ccbdfeb-8eaf-1d16-8fc7-e1078438d5c4	0.8868	M
1	>e408e6d5-0625-7c6b-a62d-2c191ebac1cf	0.8809	M
1	>d8ec41ba-259c-0173-1f41-048bf4eec810	0.9012	M
1	>48433d1d-3d4d-f3f0-0ac8-6d486a776597	0.9172	M
1	>6132ebb7-b322-28f9-aab0-6f73790cc1d2	0.8475	M
1	>51b36d18-82d2-73b8-6c76-3819b1f2a6b3	0.9110	M
1	>ee9abe11-2bbb-ff60-3d65-c92d7e6ecfdc	0.8985	M
1	>8b737c96-01af-fd68-e75c-62abfb065f55	0.8111	M
1	>afe16a72-cb05-f446-63b9-082712bd682d	0.8428	M
1	>a665be19-61a0-7b48-b90b-ed69a4f882b2	0.8998	M
1	>4f6e4f14-8377-39d6-0c56-9f88f64c8388	0.8068	M
1	>0f602425-bc50-6ef2-ba80-37df481854c4	0.8897	M
1	>2725afc3-92b0-6aed-9ee8-b5e4539b616f	0.9123	M
1	>b881d58c-ecf2-de0e-7d61-bcb6f507870b	0.8736	M
1	>ffbcf296-f030-0472-f9fb-2e6233fe97d9	0.8969	M
1	>1db2dc6d-12f5-d0a4-81fa-646aea32604f	0.8627	M
1	>19209fa3-3d4c-406c-09c4-ba87729d23fd	0.8802	M
1	>c0f12029-ccc5-e14c-df28-1c2881255f16	0.9175	M
1	>371a8a31-3066-9c94-cc72-9565388c45b4	0.8333	M
1	>c16da4e0-623b-5189-2e6e-f13866d1ac62	0.8656	M
1	>cb1b0f1d-68d6-1d95-eb2b-d6de0c9a5cfc	0.9172	M
1	>f5091388-06c9-0516-a830-03089494b8a5	0.9004	M
1	>766511b9-c5da-e941-e22e-c654df82bb05	0.9144	M
1	>7a664a29-0aaf-abd7-f650-d3a7e0832564	0.8778	M
1	>18e37978-8afd-b72b-2009-c2369505ef94	0.8634	M
1	>396dc5fb-702a-14d6-ca8a-ac82498236e7	0.8955	M
1	>7bb8ab76-25be-f482-41b3-218f2a60ed1a	0.8808	M
1	>3ae28f92-b25b-d2a2-e066-466ec7c90d16	0.8914	M
1	>dcbfa102-2e84-a713-23c0-c3fcd68231d5	0.9040	M
1	>5532d1a5-73c6-95c4-a60e-d3936fe237ac	0.9074	M
1	>a0cf4abd-b4e5-35ad-a98a-0be89adacf92	0.8717	M
1	>6b854c72-e479-289f-cee2-5f94f418f3dc	0.8635	M
1	>d5383fe1-765f-d2a3-a19a-be69a084a3df	0.8896	M
1	>14002319-eefa-95a6-1c7b-ebe8a6b14717	0.8716	M
1	>81631181-146a-c72c-c49f-3f098417627a	0.8291	M
1	>d6314e0f-1768-c135-c0d7-aa06b6cc39e4	0.9210	M
1	>d1ef1be8-c623-edd0-164b-2535b4c99ca3	0.8959	M
1	>cc770532-1766-8cf9-9e12-110af6a801ef	0.8935	M
1	>ccbb6258-2024-5aad-b3ee-c3c1a54c3211	0.9393	M
1	>e24d753e-876d-86ee-e5ed-5691658b16d2	0.8831	M
1	>c3b13c58-36db-e498-e233-0ec984a6f577	0.9141	M
1	>63bab5ed-2969-eef8-0a9d-74a38218bd39	0.8950	M
1	>6e66ab6d-9d7b-a151-150c-4353bbb40a55	0.8211	M
1	>a1495819-db73-58cb-87a1-0a6f68b4ed8d	0.9099	M
1	>1f2fdde6-e348-d5e9-d4f9-82a4da2733de	0.8625	M
1	>2b94bbbb-2092-b2d5-2bdb-b3809f4c47f3	0.9007	M
1	>c25ba7b4-532d-55c6-4553-78e44b32eabe	0.8304	M
1	>03379480-6f81-8abf-0221-8b32f6f48e05	0.9061	M
1	>b256dd34-5b9f-cbef-819e-e32bd0738584	0.9084	M
1	>441cceb9-ee49-0053-b3e1-0ebe4904340b	0.8407	M
1	>820fb92d-5053-2ff3-977e-877a5fdac297	0.8703	M
1	>d156dddb-09d5-a42b-c827-454ebf4d7c43	0.8645	M
1	>398e89be-3bdf-d061-2a42-ae769befed25	0.8773	M
1	>3dbeb024-6197-66d8-47be-2f53c3344b80	0.8425	M
1	>ff43421e-abfe-e928-2676-e60ad8daa0e6	0.8836	M
1	>6c58d226-80b9-69c0-19c5-015709b70e75	0.9029	M
1	>6cefc4a7-0b28-cda2-0711-ecda14f4a2a0	0.8935	M
1	>3bf99f0e-9567-f0de-e823-68709efa5493	0.9033	M
1	>4b66ac22-0ea8-50c5-db73-e29092a624d1	0.8125	M
1	>8998241d-b575-a06f-2304-dbad80cfcc0f	0.8949	M
1	>41bd94e2-dde4-8ccf-c34d-0ff2ee837ed1	0.8983	M
1	>71d41c0f-f841-f30d-f341-7a9194bbb00f	0.8699	M
1	>eb02f3be-93b2-78c7-89c1-acc999ba0354	0.8641	M
1	>4b3ddcda-c311-88be-f014-90d2ddbee184	0.8852	M
1	>a1caf235-9bee-49ac-ecb9-1171b20e6f9c	0.9001	M
1	>caba79e1-2a6c-d463-8e81-9d911f5d2747	0.9271	M
1	>961ab849-8e65-1b2f-5d99-ef67b8662563	0.8209	M
1	>349f81d4-56d9-b3d1-5560-f7b8b2b3ee2b	0.8760	M
1	>bb2b77c6-c7a1-8bea-68a6-ec3e64597b10	0.8760	M
1	>bebc00d3-b872-e8e5-642c-f650091d2afa	0.8624	M
1	>c9942615-1928-7666-3f0e-4e454680cf1d	0.8964	M
1	>0702a313-44e4-1112-31ba-61efa142557b	0.8649	M
1	>9ed579ae-cefa-d3c7-74ce-e25ca65a977c	0.8973	M
1	>09867355-70ee-c0f8-eb75-16472e612bd0	0.9051	M
1	>708e1617-3b8a-21b7-0c08-2f363ff7ffa7	0.9414	M
1	>e5472dcf-7768-ad17-7972-403b98487893	0.8489	M
1	>4680be8a-f907-ddc4-5a44-b8962406ddd4	0.8984	M
1	>45b9e0ff-405d-d98b-7a15-d5a9edbd7e27	0.9163	M
1	>96c3e012-4cc3-e7ad-3f03-a7e5829c7d9b	0.8599	M
1	>241b7885-cb11-4fb0-0bb9-c106e2403547	0.8780	M
1	>4f9dd51d-e64a-9193-4327-ef099aad2a9c	0.8225	M
1	>48dfa742-9f44-88cd-118b-e5dd754170fa	0.9071	M
1	>6f1e304d-d991-606b-2e68-1df4a5a63137	0.8750	M
1	>32854537-ff22-af6c-31d6-68d12bbd43bb	0.8933	M
1	>f1c2801d-9033-0a45-5af1-f3322b2bfb42	0.8851	M
1	>dc55d151-ef09-d235-3dcf-839b656b97d9	0.9100	M
1	>4359962f-1b24-909d-0b70-bdd77b17203f	0.7877	M
1	>a1fbf1ba-77b2-c28d-3a44-d618f888d2de	0.8388	M
1	>571948db-992d-0a95-a1c7-f040261d4fa0	0.8857	M
1	>181af3da-e404-2661-e023-9dcd5942497a	0.9113	M
1	>c6bab81f-8b5f-75de-d37e-3c0a20d86afd	0.8897	M
1	>aa652e00-0b6a-93d9-f80e-727a1e44d5df	0.8584	M
1	>ed8e9052-e94d-f2a6-bd0c-8bb74c7ae69c	0.8669	M
1	>a839cf87-25f9-78eb-678a-3bee059edff6	0.8238	M
1	>75632181-a8f2-0c9f-2c67-d0c6548e1f94	0.9050	M
1	>ae03f25d-fb2d-2c23-278e-f64968e90f27	0.9091	M
1	>8e76286f-2853-cbcb-4eb0-0ffd2a6f74da	0.8210	M
1	>c5198c09-839f-4da0-7ed9-2bd0d61ce59c	0.8740	M
1	>b73014cb-46be-47d6-fb08-2eaf5ca13a6a	0.8591	M
1	>4a57304a-390a-2747-f81a-2e86c2ab2436	0.7830	M
1	>ac55e33c-c6b2-6fa3-0628-bb24216aef5b	0.9063	M
1	>dd24a1a1-61ed-7cef-c1d8-ecbcd2bad9cf	0.9212	M
1	>2c141856-0de8-94e8-8643-ee7ddf628e75	0.8469	M
1	>f0c3131e-1e57-bb8d-ec49-16047af0bc64	0.8889	M
1	>c10ea30d-a504-168b-51ab-d52e7860faeb	0.8570	M
1	>719ca127-6a25-27b4-ef9d-eef3426f5177	0.9138	M
1	>da46036a-682a-5592-2175-05459d22b763	0.9295	M
1	>6dc4824e-2bbf-6d12-56c8-ff1f90063af5	0.8465	M
1	>97079cdd-3ac1-a727-aa73-5bdf2d2b5734	0.8513	M
1	>4a6832a1-b162-380b-c9f5-e9e085007c1a	0.9043	M
1	>09d6b547-8e65-c880-c914-9546a69e6a75	0.9105	M
1	>60bcd12e-4619-c76f-118b-bdab19df5c0e	0.8002	M
1	>10e62cf5-9615-060a-d94f-0c843a78579d	0.8473	M
1	>ce1fe410-2653-5f4d-0ea2-fb953334325e	0.9271	M
1	>b05b0dab-41d7-cebd-082b-aacec4e76fdf	0.8588	M
1	>f05f5d5e-3db9-f6d6-9ecc-b07fdac43072	0.9143	M
1	>f318d0c2-05d8-800a-c518-17663e7b4e34	0.9057	M
1	>f96b5a7a-6231-2b01-f234-5ad0182d293e	0.8862	M
1	>5d25c6a0-afaa-0ebf-72c7-d26c216733de	0.8733	M
1	>26f13534-2cf3-2710-2188-bc40410bdbf1	0.8613	M
1	>3a3e5393-91e1-c986-db24-28bcc192e605	0.8904	M
1	>1ee37805-8ac5-610e-eca5-310defeca4c8	0.9103	M
1	>821c784d-b895-84d7-ec2f-1e003bca589f	0.8512	M
1	>70d54102-203f-cca0-4a1e-dc36738dc113	0.8841	M
1	>e42f9a17-26a1-b7f0-dc7e-30864f3826e4	0.8977	M
1	>aaed13b6-00db-6f71-5727-2bf7f30a7846	0.9996	C
1	>9f7a8593-0cab-6cc6-0556-9911bf86ca43	0.9400	M
1	>c7177283-7de9-61bc-49e0-155c6fb3a53d	0.8783	M
1	>e558ee45-2a8c-e1fe-5f28-0cdf6715abdb	0.9175	M
1	>8d1c3bb8-291c-e993-fb4e-427fba758180	0.8786	M
1	>5a811c35-c2f6-6274-ca69-03e6a7f17a10	0.9115	M
1	>75d5fbc2-d060-e57c-f207-282b9fa71998	0.8302	M
1	>4b90568d-f189-6761-413e-8c3cb54d1092	0.9071	M
1	>d35f14fe-0e12-d6b6-6de5-984474c45af1	0.8969	M
1	>74c46654-6a96-5607-927c-ec1239cb9f79	0.9194	M
1	>59bbba85-540f-5476-4b50-ab545af44e34	0.8375	M
1	>b5ce6aff-9f29-2d54-9ab2-d6317b702024	0.8877	M
1	>a896ba4b-8fbd-03f0-4b55-a7166d11650f	0.9056	M
1	>d314b893-cb77-f028-0440-1cc230a1d15d	0.9134	M
1	>f555b373-2bff-be47-52c7-3d4469336032	0.8704	M
1	>04c58941-4583-19be-d7bf-d4db04a5007e	0.8912	M
1	>9d831153-4369-610a-6963-922f5fc879d1	0.8315	M
1	>1766681f-2a0b-430e-99df-95c7590b5244	0.8562	M
1	>7eaf5e4a-7b23-e99d-9969-353b5542374b	0.7514	E
1	>73a7465d-6767-9f91-6b12-c80226377e67	0.8210	M
1	>d6518dda-ef5a-bb90-616e-744661dd331e	0.8793	M
1	>d6ce8128-127b-67ec-ccb3-181f23858eb4	0.8610	M
1	>60025526-1ece-9ab8-b926-5310a571c224	0.9014	M
1	>1cdddfe0-5de9-d85f-547e-2e2ccecf9314	0.8355	M
1	>bc75be39-3d3e-1ac7-859d-69653b8d8729	0.8642	M
1	>6abe21ea-97f9-2cdd-2307-47045ee1d051	0.8836	M
1	>383151e7-9799-c95c-682a-3e3b13fad594	0.9012	M
1	>d1f51534-3ba2-e181-99e5-63637a965771	0.8460	M
1	>73d01bc7-5f48-bab7-112b-e6ecb8ef1b5c	0.8530	M
1	>936aa576-046e-ccf9-26a9-1f95327f3b47	0.9190	M
1	>f854fb0d-d5ef-b1f0-4ccc-9469fa2151ba	0.8660	M
1	>bab46478-7592-df2f-a6cd-90823ff0c41c	0.9098	M
1	>e8a0dcb3-3f73-83d2-ac5a-dc205b0b7a46	0.8927	M
1	>cb0ab9a9-91a0-6a19-d5f1-bb505345cacf	0.8958	M
1	>96c2ac24-6fcb-2fe0-9ca1-ad7bee2254bb	0.8426	M
1	>410cc83d-d68d-d911-7cf8-92ccd025757f	0.8834	M
1	>5486fe8c-459f-9c2d-0c1e-4247e09bad75	0.8667	M
1	>49660fed-583c-9373-ffb8-44e7b9ea804b	0.8184	M
1	>2839ddde-571f-b5b7-50dd-7c40089f76f9	0.8957	M
1	>bb114aea-a71a-7f0b-5004-c80221cffc93	0.8579	M
1	>06043c7a-92e3-ca75-b303-d4c697e779e9	0.9327	M
1	>d6c15117-3fd9-98de-19ca-36dc747d06e4	0.9437	M
1	>7eb819f0-d83b-62f6-c767-febffd051cbd	0.9235	M
1	>fea81b6f-9d59-94d1-262c-3f0e117dd8b2	0.8614	M
1	>2bbce327-3d92-dd99-e0e6-02ae9f3e861f	0.8855	M
1	>8ee92510-221e-e4e3-5ddc-d6ec4086ddf8	0.8898	M
1	>1154204b-7d40-e916-e61d-154a1a24b0c6	0.8055	M
1	>df93b31b-5cf2-b542-749b-4af5b6de73be	0.8987	M
1	>3599c941-c373-404b-061c-87e88570a686	0.8938	M
1	>b4efe0bc-f115-ba65-300f-3e8879d3ac72	0.8923	M
1	>3467a2e6-4a9b-e5df-35d3-90f4d2c68223	0.8148	M
1	>116e1192-f70a-bdff-7cd9-69baac2d1d98	0.8456	M
1	>ff44aa6c-f491-e01e-8025-e8b0c3ab22ec	0.9034	M
1	>dd0ddfc1-fae4-17d5-61f5-484d4589d42d	0.8530	M
1	>737e7e22-f9ba-5c84-da4f-b0c31442724c	0.8887	M
1	>27faf9b2-23df-c3f7-245e-8885a7d1d209	0.8637	M
1	>1a9099a4-bf55-70ac-a13a-77560951e524	0.8931	M
1	>cb250b2b-905b-7caa-330d-6b9ea6c19aad	0.7538	E
1	>8bf16680-6e7a-12f5-d551-fb2eab7414b7	0.8594	M
1	>c5e6a6ac-21da-3990-bea6-e50399333cd2	0.8657	M
1	>1c57e02b-09a1-44d9-dc3a-dac4e7ff331d	0.8845	M
1	>3a478465-aad4-52bb-4c12-04632d4a9bbd	0.8143	M
1	>75256f82-d911-f50c-90eb-6718a91a6253	0.7899	M
1	>51479f39-f141-3e68-c22d-2c9aedd87190	0.8741	M
1	>202dbaa2-f637-fda4-5f48-c93c2e2027a4	0.8062	M
1	>7711e741-1260-acc0-ecd3-98eb48699c47	0.8722	M
1	>8bca483e-3d6c-75ac-3753-f6e1a88403dc	0.7592	E
1	>61c152ff-2ff1-9cc1-c6e0-d4426c72a0b6	0.9043	M
1	>952e7e9e-8f67-a62f-470c-82c5b255e0cd	0.9074	M
1	>776f85fe-6f5a-fea3-671a-be53989aefd3	0.8259	M
1	>c96de486-49b5-4958-682b-3b2d2b4d82c9	0.9046	M
1	>ff9db9de-2949-9ffc-6f94-ce189720b951	0.8827	M
1	>f608da1c-04e1-66c4-052a-2bf41fb7853e	0.8715	M
1	>2e277eb0-dfc3-9164-f7fc-db8e49901f4e	0.9186	M
1	>db0476bc-5e02-9456-e4e1-89a74404066b	0.9000	M
1	>0f0aee33-e58c-5e32-1f96-77a568cdc68a	0.8459	M
1	>7b641c77-65df-5346-f78d-7d9e124a5717	0.8840	M
1	>c29081c2-7bd1-a837-e0f5-878f500c99e9	0.7888	M
1	>825c7b6e-ecaa-ad30-a360-221fd6fae3fc	0.8701	M
1	>475b0ce0-0a02-e086-04a8-a088a073a19f	0.8978	M
1	>9b902998-8ea4-0702-84d4-c1da3550060f	0.9055	M
1	>3e2756a0-9195-5155-8335-e4127dffbbaa	0.8854	M
1	>b2c7e5b7-8e82-5a54-158c-c08bcbe62a62	0.8543	M
1	>d0f2a37b-c2c3-761a-25aa-4cfc5ed7b57c	0.9025	M
1	>b8b8504c-9e02-cf15-a72f-7c112411e01e	0.8835	M
1	>60e1c508-951d-e0a2-4314-cfe7909f357b	0.9061	M
1	>3238bc8d-3f5f-9a2c-5518-85b86b3088f6	0.9009	M
1	>fb70b4b1-1808-d2d0-d8fa-160903101355	0.9313	M
1	>8cb3a2e3-7ef7-2866-fd6c-93af5127a329	0.8595	M
1	>1f5b0652-c716-fa25-9ab6-0564e615e887	0.8872	M
1	>0f4d3f98-6ee0-4ee1-543f-09cac3117e4a	0.9064	M
1	>360fc308-7bc3-be0f-ea30-8680d8acb4cb	0.9292	M
1	>477212c4-fbc2-bab5-00d0-eb730918eb17	0.8156	M
1	>05b1f26e-118d-189d-4d9f-a9d46a5a4e76	0.9024	M
1	>bf6a6733-5087-b5b6-4a59-c9c6d87aa066	0.9138	M
1	>e0165611-74cc-10a2-1aa0-772fd310686e	0.9262	M
1	>adbe2ad0-df9b-a75b-8e13-bb46b69bcc4c	0.9049	M
1	>a9469d10-110d-5205-e90b-127661a8fe87	0.8750	M
1	>da3ba04f-9408-5a1a-deda-d87cb3eb7263	0.8981	M
1	>0072716f-bf32-b0b5-313d-cb15946e1769	0.8882	M
1	>753074b5-0e39-bc68-30b2-ee9e567f4e40	0.8771	M
1	>c2111ecf-6c54-8666-66d5-7c0a7cbd10a6	0.9179	M
1	>c36bb303-7898-e05b-1d0d-5bfa0b1c6802	0.9112	M
1	>17ed3bdc-572d-9f2e-f035-fe45d5e707a2	0.8814	M
1	>1e9d9496-fe71-c603-093c-41ebf8efe177	0.9058	M
1	>0bd28083-ac7b-98fd-d2e1-a4639dc35d5e	0.8440	M
1	>da4c232e-bf90-4fee-2b75-d3b085c0e2c0	0.8207	M
1	>7dd1b44d-d174-ad46-7c39-e45cdbd35b23	0.8843	M
1	>23e53c53-4bf7-019d-1c36-5b452ad49b09	0.9242	M
1	>215b312b-bb34-e493-a7b1-c59b680ec6c1	0.8905	M
1	>f32ae184-ef59-b4d5-f10a-fc55bdceef6e	0.8999	M
1	>263ec98a-bd79-e120-ba0e-8e182fc21630	0.8736	M
1	>2322f4c3-d811-71d8-ad68-4870f882036d	0.8748	M
1	>ff10bf58-fe6e-7297-b91b-440a94be1867	0.8879	M
1	>b3eb9a81-7f07-4491-d8ba-3e0c7d71bdbf	0.8701	M
1	>49973fff-b8c8-cbd0-345f-535e60cfe1e5	0.8899	M
1	>51391bb8-911b-f8bd-efe1-e42898c23f82	0.8833	M
1	>29695081-d99d-cc59-d8b0-30b497fd412d	0.8843	M
1	>be6c075a-8f99-500e-a7b4-e73530a5b14f	0.8647	M
1	>92c93bbf-45b0-c243-025d-5bed7d3e7bac	0.8391	M
1	>727ba92e-a067-2bb3-a7ba-01b82922b60f	0.8592	M
1	>904ca005-7325-0955-ea77-22b0032b738f	0.8947	M
1	>2e685f18-3f73-1c51-18cd-b33af8dcb3b2	0.8729	M
1	>730e4235-3d55-d01a-48f0-83c919c7ac25	0.8875	M
1	>f02608ed-c48a-a1b2-475a-43f18a92b459	0.8792	M
1	>6cf03435-0b67-f2eb-9cdb-4d52854d7826	0.7588	E
1	>80ac9a47-e6e4-8458-8f40-b7064bc305f4	0.8968	M
1	>53b4dba4-73a4-1d2b-0d7f-067e52c98c29	0.9123	M
1	>3ed95e56-5f0f-7bcf-ce89-31e9c838441c	0.8752	M
1	>28d13522-e24c-18e6-2b40-b4ccc9593980	0.9346	M
1	>cc952b98-eb63-90cc-1ad5-84fb35d479dc	0.8111	M
1	>36af9160-aa04-10bf-770a-50771c34e644	0.8927	M
1	>c8a3af05-8b8d-cb8b-63da-c1f7f50b27ff	0.8187	M
1	>37ba267a-439a-c9df-7d85-9dbc5672e18d	0.8695	M
1	>c52a0337-eb42-ef40-ad6f-cd112645ce26	0.8548	M
1	>dbb0d2b7-e0fe-2073-a1a8-9de58a98f771	0.8892	M
1	>a7c02f4d-7c75-e3db-8e6c-f54312fe7f2d	0.8252	M
1	>f80a4200-23c1-7794-b06b-26b3bcc94bc3	0.8689	M
1	>4e8f44c3-f33a-0247-82e2-ecb787dac261	0.8558	M
1	>fb52a073-ce31-01a6-68ff-f50905bc76a4	0.9217	M
1	>e4f9666c-aada-a357-a2d3-1f99fbc89f8a	0.7826	M
1	>c1188621-371c-b79f-d15f-22e643016238	0.8076	M

2	>d4b791e8-235e-2cde-199d-805004d5ead0	1.0000	C

3	>5b4f363b-1f1a-52a0-a59c-709290215cbb	1.0000	C

4	>f5b1d4d9-051a-fd8e-2a51-0f4d84e6589d	1.0000	C

5	>a65f3c5e-105a-6033-987e-2855948d869d	1.0000	C

6	>3ee69c5f-78b6-81f2-c6c6-759356ce3dab	1.0000	C

7	>92e13a9a-d0c2-4c41-2afd-245ed4841fcb	1.0000	C

8	>9034ad2d-1581-55ad-311b-3b3535d8f2a8	1.0000	C

9	>d6f2de29-8e43-d157-8587-f5b958b5147e	1.0000	C

10	>b2123fdb-8add-68b8-ef43-8e0f0c532fc0	1.0000	C

11	>ef6266ad-2789-a6d4-5c45-431431bf4b0d	1.0000	C

12	>fb86d2c9-957a-0f82-5020-458a841c8107	1.0000	C

13	>077ff8a4-5e02-44b9-e8a3-4045fb04f982	1.0000	C

14	>1fa5eec2-5572-d08f-627b-01ee8d506b1e	1.0000	C

