1	>7d52e03e-0f01-b928-a63b-00b2211951b2	0.8439	E
1	>30a0e6a4-dcb3-fac3-2fce-f530adde4cc3	0.8392	E
1	>27181556-df32-a369-de6c-47aa67bf4acc	0.8358	E
1	>bd158f9d-6fd4-34f2-e3e4-b20701905145	0.8371	E
1	>9b7b10ac-fbe9-a401-3914-c32ef521f924	0.8399	E
1	>f41dbf20-f732-4b79-0d43-e4df5da7ec6a	0.8527	M
1	>760da8b5-7ed4-3f93-3ce6-2ba04e3ff978	0.8381	E
1	>52c61bf2-5307-f1b2-8aac-7132ad04102a	0.8537	M
1	>2800654b-cfce-4ba7-ade2-b791b797bac2	0.8460	E
1	>7be91af3-af48-3bb3-f9b7-8c9f8acbb4d3	0.8431	E
1	>91b067fe-7c47-9491-2a9c-6a7c0d42ad22	0.8363	E
1	>787a0e0f-4751-0c7e-7595-df0a94570a46	0.8314	E
1	>3cd7df40-fd35-1580-88c0-b9770223e90f	0.8376	E
1	>948d7453-0066-1863-dae2-0396295b1b4b	0.8335	E
1	>79dc8eb2-2f49-c33c-0ef4-30e0764d3480	0.8347	E
1	>0d2665ed-623d-141c-332b-67cfa86dc50e	0.8437	E
1	>2c9c1a22-208a-eca8-f7d7-f50d09911b2d	0.8495	E
1	>92f65768-42fb-8080-353a-02e5c839148c	0.8369	E
1	>a2fd3b7d-e07d-4d0a-ba70-a505d59388e3	0.8439	E
1	>584fa76e-57ee-9e2d-9ccf-9f47b3dda91d	0.8531	M
1	>ca81fe2e-4803-1b37-c15e-bca8313ab60b	0.8807	M
1	>70f6fd41-3cf4-98f6-b3dc-143234156c79	0.8401	E
1	>e62a1758-d53e-2c1b-9c6f-53b7f452be9d	0.8338	E
1	>b74fe8c6-dac8-03eb-dff1-d6f3caea5c17	0.8780	M
1	>a5a266f6-923f-ce07-7431-611e62539c0e	0.8425	E
1	>4c5ca9eb-cc90-ba96-a469-eec83b513f2d	0.8557	M
1	>98d015a6-165a-dc0c-ed32-f2884a4fdaa5	1.0000	C
1	>bcbeb390-b701-959e-7c65-2466f9472a5b	0.8529	M
1	>da24face-b25c-3267-a52e-034788932679	0.8315	E
1	>dfa7fc7e-c1c7-fdc1-6451-17697dd38cfb	0.8353	E
1	>5f68fdca-9b00-b3ee-1c2d-b8d0d04d25c2	0.8379	E
1	>eb719f59-1de0-a18d-55ba-936dae8edd6c	0.8332	E
1	>b644e1ba-5bd4-2411-1787-f3598b48b2c6	0.8583	M
1	>4c26a008-a8a9-eab7-5cd7-108d88ec2df9	0.8355	E
1	>9e8cb2fe-9fd4-0d69-2336-1b7b0138f63c	0.8327	E
1	>2d8c1ebc-afc6-28cb-c942-9c6346848b7b	0.8389	E
1	>161f48eb-a728-1cdb-8195-e951271ae908	0.8413	E
1	>1f22d859-8576-d92f-728d-376bfd8aa7b4	0.8505	M

2	>b0ed8e43-defa-1cc6-df25-1b02ae5e63f3	0.8999	M
2	>3e4e5f61-bf16-e27d-9917-11b095de0c1a	0.8343	E
2	>2629a853-59e6-84a5-0ecd-2854bc613b45	0.8312	E
2	>9ec0afa3-6d7d-d217-9b8c-2541ba4abb6e	0.8365	E
2	>c4a05dd1-b961-fbd5-e42a-c44f3a3d5e98	0.8508	M
2	>cef3803c-5f6f-cfcf-060b-6ea7946a480c	0.8417	E
2	>31404452-fc7d-c003-1b20-9cd3c2d532aa	0.8629	M
2	>1191d9f3-2c37-ba18-ed2d-f585944ee7dc	0.8382	E
2	>7ee1849d-5aca-f1c9-2775-d33d709ed57e	0.8524	M
2	>2aeba4db-bbb4-87bc-788a-0259d6f14fdf	0.8568	M
2	>b5e33830-bb70-f3ab-2644-51354e192bf0	0.8388	E
2	>699217b3-4809-a239-31ef-6cd395efe0bb	0.8358	E
2	>5b231fee-7c45-538b-8f77-0a5710a2b16f	0.8412	E
2	>54fee0dd-b840-fde4-1dc2-5e049a924b8b	0.8536	M
2	>f8c6adbe-4272-8755-8c0a-fb4f3736aa6e	0.8625	M
2	>bdf4b249-3b9c-9cf6-2901-8b9e5754d1d6	0.8438	E
2	>e07543b2-3719-39b7-27d8-1f100b2c65c3	0.8709	M
2	>af7babe7-6416-076f-8216-4fbef99ce208	0.8444	E
2	>57895c98-087f-1fe0-f013-483f91768ba5	0.8536	M
2	>a2407c6c-4012-6c6f-4db9-c9e1e311fe98	0.8401	E
2	>6795e0da-f510-b427-05fc-7fcc435ac89d	0.8768	M
2	>2344f976-8e82-6407-1b45-ad1115f00344	0.8388	E
2	>83323cec-8670-3e0b-048a-5fcb0eceabb1	0.8332	E
2	>0c9eb246-1485-9ab4-2e1a-2cd35e4a2e4b	0.8454	E
2	>7b7d7440-240f-ce67-c7fc-9bede2339c22	0.8566	M
2	>0ce6237d-7d4e-407f-3487-a7c34563f1d0	0.8366	E
2	>b8306b97-691b-2051-8a9c-0b558f253322	0.8660	M
2	>a9b83169-2520-1e08-e306-3d9e36f6970f	0.8453	E
2	>c8c8882e-7d0e-2636-3d55-be084ae8d238	0.8511	M
2	>21ef0446-0a24-30b3-e066-b2d70d48928f	0.8564	M
2	>4e573b53-ad3f-4f61-fa0a-25c0af323c05	0.8439	E
2	>3e8eca04-f0e4-522a-50ac-d77fec6af03b	0.8498	E
2	>61123c3f-428a-2c52-893a-c8aaeb6895b6	0.8721	M
2	>5af94cf5-1d3d-2fac-9551-624c43ca0142	0.8425	E
2	>77284fc9-9a1a-2136-7fa4-84de66dac12c	0.8404	E
2	>63ad894a-394c-a4ee-7d0a-80aec4ca03aa	0.8452	E
2	>cb886b01-ac43-f97d-1556-060ef7077eb2	0.8514	M
2	>38fc0823-8618-68fe-8395-67b08d168357	0.8439	E
2	>964e0ea3-ce9f-01f6-2b77-bcfc9cb2c605	0.8541	M
2	>112fffdc-2c56-8def-87e3-ed15f678495b	0.8445	E
2	>db955e5f-a119-5594-a366-1feb5d1bd814	0.8433	E
2	>2d0ec321-fdd5-ec38-16da-3e21f663b2bd	0.8406	E
2	>954d9bf9-0e14-8f2d-5c7f-d455dc1df6bd	0.8401	E
2	>dbee46c3-e138-9525-fae8-717e50f4a078	0.8761	M
2	>6b3ed0e0-e5eb-22eb-16fe-41d207fcdc1d	0.8335	E
2	>20d7dd46-a543-6239-bc20-dadd3e820999	0.8492	E
2	>d6a5ae73-91c4-128f-4e68-5bb471addcb1	0.8334	E
2	>52f68643-306a-aff6-a888-ec86b55227fa	0.8417	E
2	>4c8d4f57-ff90-89eb-2fb9-b74d5cabcae3	0.8413	E
2	>e2c8bad7-1d70-5423-6fd2-6c311d7bf08d	0.8435	E
2	>7e4936a8-e5a0-362f-dc4a-39fe657ca135	0.8380	E
2	>e1ffc5b8-554f-eb01-51f8-9129cdb3c625	0.8354	E
2	>fe8a7478-739b-5374-8027-2baeabdb6517	0.8613	M
2	>f7f91caa-195d-1be0-90a6-6b70c921e468	0.8473	E
2	>7a7818ef-0dad-8b78-ca68-806c5d44b5cb	0.8448	E
2	>f9405086-a6e3-e7c9-e665-d60f2d9b3c9b	1.0000	C
2	>27737961-d877-f70d-3101-b3dec5650361	0.8471	E
2	>01c2d956-52b1-94ba-7e1c-bbd3dac3d5b8	0.8453	E
2	>e5261910-757c-9c8b-fb4c-b5a202f56e8e	0.8406	E
2	>d9cf96d7-cbb2-c981-0831-35986a278794	0.8481	E
2	>9fecc723-c17b-2250-a6de-d61d74e7e4b6	0.8473	E
2	>edad6d19-36f4-5290-f21a-13badeb966a3	0.8328	E
2	>86ce1d1b-b7da-c01a-d619-20dc76af7f33	0.8334	E
2	>e4d3f590-abc9-59c9-fa16-3f7c62b6c527	0.8322	E
2	>6732c044-2e2f-d839-b090-87307469604b	0.8456	E
2	>3372682a-41e5-921c-705a-094ca78f2827	0.8388	E
2	>16dfaead-f881-0224-43bf-d6dfa99bdaf2	0.8623	M
2	>52e70868-06d5-d276-5888-6deb2c3378fe	0.8375	E
2	>0bd0b4ea-b65a-d14f-49cd-9c23bf9e55f6	0.8476	E
2	>a47cb42e-1c51-9ba9-433f-b6dfc9d315a3	0.8587	M

3	>0468f752-7ae8-cca1-d1d3-e9eb86200d32	1.0000	C

4	>41607674-3685-631e-9ac9-190adfe338b9	1.0000	C

5	>84a110ec-9fc6-8b80-8ff4-a37b2af58fe5	1.0000	C

6	>56f45032-9d0f-e609-547a-f005ce33444c	1.0000	C

7	>8efee186-f875-d01b-cbd9-0a05ec32605b	1.0000	C

8	>95e1a81b-dd86-1363-0e2e-884402ddb53b	1.0000	C

9	>419970e3-f7e8-c1e0-3172-57ad9d6b82bb	1.0000	C

10	>fdcd641a-09ab-ce66-8e96-58fb70757ec1	1.0000	C

11	>14ebd503-1dca-e489-e63c-fae4d3e6dd05	1.0000	C

12	>1defe78c-b867-df20-033f-02eeb4182847	1.0000	C

13	>f050fe03-1e41-b6b5-fb24-3782717945a3	1.0000	C

14	>e389274a-d99f-2ad4-8aea-a5a80737a0fa	1.0000	C

15	>b3ec77ef-f451-6cbe-3fcc-4351b6f45753	1.0000	C

16	>dbc8c236-f679-4f01-ba7a-819f1d964c7d	1.0000	C

17	>c0d055fd-f77e-8a06-2854-6f01d39b831e	1.0000	C

18	>fb5cd825-79cc-f82a-5fb8-82a6eff4a8a6	1.0000	C

19	>f0f94628-9a3a-e8a6-ad77-9f530e038e43	1.0000	C

20	>1756af8b-8b1b-baa8-5304-51f7f551fb78	1.0000	C

21	>0ef0e52f-286a-fa62-8c0e-aec9ed29e34c	1.0000	C

22	>bf928cbb-c1db-a6db-b0fd-2739862a376f	1.0000	C

23	>2fa4aeea-754f-61be-49e1-066fabe90172	1.0000	C

24	>0179fa0e-bbd8-b57e-5562-0494e4e26044	1.0000	C

25	>acb586f7-6f8e-64a1-d994-b9e3a4a94aa5	1.0000	C

26	>f49ca334-03d1-2b9e-d3cc-a0b5d5a3e62c	1.0000	C

27	>2cd00490-7917-4cbb-d18e-39036fb149ac	1.0000	C

28	>fd1ba089-3ed3-05ab-6be2-8237ce64d669	1.0000	C

29	>576e2fff-e936-cf2e-c6bf-84d1cb4b681d	1.0000	C

30	>d6d28b84-99e3-bbe6-cc97-ebf666d8db6e	1.0000	C

31	>b26521c8-82e6-0ecb-a23a-160d31b374c0	1.0000	C

32	>8332fda6-b61f-25c9-de58-be710ff1fd23	1.0000	C

33	>3ae5a698-2591-0756-5f97-f1b070ed4e52	1.0000	C

34	>1187d81b-d518-fb56-00a8-b9d4534f9ee2	1.0000	C

35	>53c60675-e2ad-c54a-b07e-19b76ce6391d	1.0000	C

36	>f5a9377e-ed08-b228-9628-2d97911edcef	1.0000	C

37	>a2164614-6ff7-9c08-756c-02ec18d6e62b	1.0000	C

38	>be2a8e05-a9ca-c3f3-f6c4-a8b1451a0d9d	1.0000	C

39	>fe4ff15d-519b-673a-59cc-cde19f2973ae	1.0000	C

40	>5f8900b5-c83a-1f23-9e81-1957f3cdcdba	1.0000	C

41	>b3e52dfb-fb2a-c0cb-e32e-ada80175b165	1.0000	C

42	>7b48f70f-19d8-3dd4-49c3-91611a91824a	1.0000	C

43	>d1bcd0b3-ab37-7199-af3d-d035e0e0c096	1.0000	C

44	>0aeef3d1-88fd-2714-7c8f-b0670027a7dd	1.0000	C

45	>ed167904-e744-6c75-72a9-18c47641df69	1.0000	C

46	>b402e680-1f88-1198-3053-77c36b1071e6	1.0000	C

47	>d04017af-7716-03cb-1f8c-25fa0d82cd29	1.0000	C

48	>ef918fa8-0cad-2f31-f4eb-554ebe9b52ac	1.0000	C

49	>1ff73a96-30fb-e008-3b31-28c366051434	1.0000	C

50	>26aba73f-bb2c-a80a-fbfa-ad96c8efd58f	1.0000	C

51	>22868d96-2d98-cb19-5652-64b71f964bfa	1.0000	C

52	>f7e13876-7d60-84c7-4f1d-094106a0546d	1.0000	C

53	>2414a413-d815-8f98-1a8d-9abee3eac342	1.0000	C

54	>c441a7f9-7cc9-33d9-05ff-59e7378d7332	1.0000	C

55	>dd562712-a976-de0d-b91b-59722b9a93b3	1.0000	C

56	>2053ffe7-89c9-58c3-4711-9881f7ea5ffc	1.0000	C

57	>c8827c98-b0f2-fcf2-c3e8-6977cad65e34	1.0000	C

58	>8b46a0a9-e148-7782-3b36-5935e7ac7c5d	1.0000	C

59	>20abd9fe-8c35-fdc3-80c2-c7af4bd408bc	1.0000	C

60	>2a3634ed-dc25-57a8-3c3d-6ca5b52e8bad	1.0000	C

61	>e7df2476-8739-ff1d-408b-8a2a6c393b3a	1.0000	C

62	>6451245e-3135-e39f-26d6-d5e2d6f86e94	1.0000	C

63	>64542f1a-ead6-94cc-794e-072424fa4313	1.0000	C

64	>4dfdcc7d-6a63-c4e3-b9cd-664b200ee7b1	1.0000	C

65	>1443c9e0-8d2c-5dbc-46a5-9f2e04398b0d	1.0000	C

66	>42c9c7f2-f141-044d-993a-2093a03dc90b	1.0000	C

67	>b8d1f317-a1be-09a9-8240-2bfa56a200e7	1.0000	C

68	>606f14f2-ca04-aa6f-3d7b-efe9713fb513	1.0000	C

69	>2da8eeeb-f136-7847-8758-3fc21017058c	1.0000	C

70	>94f46113-821f-5141-1d97-028a89b700b4	1.0000	C

71	>230b9200-325f-a4ed-0a2a-1ccd9ebe89fc	1.0000	C

72	>a85927a5-e91b-0724-1fd9-9dbd4d6b730a	1.0000	C

73	>7f618a6c-5a30-66f3-1c6e-713210c0351c	1.0000	C

74	>66356bfe-9f27-5f76-5b31-a4760ee0f755	1.0000	C

75	>0903514c-0379-ab36-cfee-79d7e0a71e8d	1.0000	C

76	>11674797-eaf0-9d77-82fa-9a1596a24221	1.0000	C

77	>9824af1f-356a-1f6a-2345-0dd1e67a02a1	1.0000	C

78	>b82dd1f6-f7b4-476d-1f8a-eebfda1ea84d	1.0000	C

79	>ce047e37-fd1b-a60c-96bc-77e42a320d01	1.0000	C

80	>e60fae4e-d958-4d0a-85e1-90e277d3364d	1.0000	C

81	>e535d519-11f2-6cea-4d1c-22dc1b4461cd	1.0000	C

82	>7c790e20-fbc0-f6cc-b241-0f43481bd89d	1.0000	C

83	>7cdc3e64-155a-6ce9-35cf-5f73baab8405	1.0000	C

84	>a5da5ced-2bfb-c218-e086-5a898ff390f7	1.0000	C

85	>2462bfa3-5166-383e-ff91-0d5f0c51c394	1.0000	C

86	>4fe8769a-649d-d2ef-1514-d1930d14bf4d	1.0000	C

87	>9a6a1da5-a520-2f16-75a8-7c36213da6a3	1.0000	C

88	>76431b77-0144-4690-a379-179ae572e680	1.0000	C

89	>9eb2aae0-0f21-776f-e755-91bf89711758	1.0000	C

90	>2c28e011-7de2-48ce-a6f7-ae7f67e0fa86	1.0000	C

91	>bc149ea4-f444-02f1-22a7-561c2fd83fb9	1.0000	C

92	>d82b33a7-a5a4-2588-176f-85a592ecb89c	1.0000	C

93	>a4108dfa-2135-0033-1235-881d3c8e2aa4	1.0000	C

94	>51a42857-57fc-effe-2f14-886d41ed6a00	1.0000	C

95	>d8a93e9d-357f-6106-f770-0293c207cff3	1.0000	C

96	>a96ae0a6-5d02-a790-ac01-62a8e209c6d0	1.0000	C

97	>f5334be9-4ac9-c9ab-770c-4f2e080877d0	1.0000	C

98	>6a8b280e-5a6e-783f-59fc-b1fba4c0153c	1.0000	C

99	>1684dbc4-80a8-4fc6-adb1-e4abf0ec2d98	1.0000	C

100	>7697df64-62d6-5ece-1fdd-217d4c0a24d7	1.0000	C

101	>daee2d6b-8655-e48f-2c27-cfb59d6e1aea	1.0000	C

102	>f0dfe542-2e66-9b8a-c3e7-cc8e65c6ff81	1.0000	C

103	>f7f3543d-f59b-53c2-423a-1c91f67d0582	1.0000	C

104	>eb403b57-a65e-d2a7-174a-d6739cc4665f	1.0000	C

105	>1ef1f45a-f07a-7928-8264-bdb04c5355fc	1.0000	C

106	>4d92647d-0a04-b8b9-7fcf-d0e869a0a915	1.0000	C

107	>6648f11d-9ccf-050b-9b79-a3519abc8572	1.0000	C

108	>79eb5aa7-24d1-e96d-5045-84dfd9044436	1.0000	C

109	>da2b9722-f44f-a681-d239-359e6c91ec03	1.0000	C

110	>7a31c801-378f-8401-e4e1-3a4f48f2ff56	1.0000	C

111	>9a01debb-ff7b-bad1-fef8-fef5e658614f	1.0000	C

112	>a46d86b7-e457-b146-942e-fd50c29811c7	1.0000	C

113	>0e6c7666-e6d2-fe73-2ac1-2547b611e50d	1.0000	C

114	>de9d6999-88e6-23bb-464c-15625f750b1f	1.0000	C

115	>b4a5318e-10f0-9f0a-1b86-5385938b3574	1.0000	C

116	>88c65903-22fc-2e62-49f6-3346332f9f3d	1.0000	C

117	>57e7fdba-ae3f-0a7c-692e-91517ce134fd	1.0000	C

118	>40b3fc39-aa57-7bf5-bd92-af9cbacac44f	1.0000	C

119	>9e739598-5867-fc9e-6753-bed530da08b6	1.0000	C

120	>fcfc88aa-a16a-e9a6-9322-2b9c0f4bad0d	1.0000	C

121	>bd2cf269-acbc-ba39-ffdb-94ca48b82198	1.0000	C

122	>2f337af1-efda-872b-785b-23fc52c7f285	1.0000	C

123	>4e498977-17cb-ed8d-7361-4b618c2b6a2c	1.0000	C

124	>fde97fba-dc5c-6f7c-d38d-ebca2d24ad30	1.0000	C

125	>dbac7308-0f58-376e-7bf4-b9e778a71a4a	1.0000	C

126	>dec626b0-b1ca-da28-3f06-092d9e396603	1.0000	C

127	>3149aa0e-935b-61e4-8151-83dd07dc9306	1.0000	C

128	>41b435df-d7bf-5508-1360-4df33dba63f9	1.0000	C

129	>b754b921-d53d-b9fa-0460-4c342aceb7dc	1.0000	C

130	>d17428ec-50ae-e64b-e293-0a44ad92ca9f	1.0000	C

131	>04dd3ee3-10b8-be2e-33d2-0884221ed051	1.0000	C

132	>8bda8888-1b59-0b99-5cff-b2c2078ad9f2	1.0000	C

133	>7d4a65e6-4047-6130-48ac-8b1610d577f8	1.0000	C

134	>8b5c6f23-2bce-de02-7334-d76e705af826	1.0000	C

135	>65e8e242-8dca-d927-9457-5ffe31a61959	1.0000	C

136	>d7bfdd62-fd91-b5c3-b89a-e4a49accb8c6	1.0000	C

137	>2b58ffb4-7871-4534-5492-42dca9dc93a1	1.0000	C

138	>93fc51b9-0c9d-470c-341e-46433a66ea26	1.0000	C

139	>443354b8-1bbd-4ca5-48cd-3c1bb62d8a76	1.0000	C

140	>5d41acaf-0197-d7dc-dc30-b5e46fa38a9b	1.0000	C

141	>87e510ce-dd80-e00f-abfa-e06d7b5b05cb	1.0000	C

142	>ddc3fd31-4196-78e5-8ab0-b428cf55a394	1.0000	C

143	>f3460023-402b-3d5f-5b8f-1ce7726ab512	1.0000	C

144	>7917c9cf-b869-b008-25f2-77501f31b904	1.0000	C

145	>7a414eb0-344e-cdea-ab25-98c72ddb6b34	1.0000	C

146	>2d7866c5-f42b-dc7a-701c-ca2c27d375c0	1.0000	C

147	>35c7df97-f4db-1eb8-7550-ee7eb2aa153e	1.0000	C

148	>3f8d4b90-c700-9a20-87f8-7863c805431f	1.0000	C

149	>afa757e4-db2f-e142-3d23-078ae3ecc58a	1.0000	C

150	>1670cd96-56e1-bfec-6e1d-8a6c20e7cc22	1.0000	C

151	>5a598151-92e9-6d6e-48e4-ce7f8a5dbfec	1.0000	C

152	>e52ae585-2768-fa33-5053-1a73c5e7c807	1.0000	C

153	>541b28e6-7ad2-bb7a-afbb-8b5bba19f554	1.0000	C

154	>76bfe721-f88c-ed0f-f088-5c08ce3894a3	1.0000	C

155	>cb02b4e7-8f25-ef9d-2456-2ff7e8ac6388	1.0000	C

156	>88d68ba3-d519-da53-436d-e81adf37ea97	1.0000	C

157	>8c481ba8-6962-1df6-bf7c-3416488ae564	1.0000	C

158	>5792a9c2-8894-0a39-8f69-499c4106c04e	1.0000	C

159	>2bdedcf2-c041-fa29-d680-a220c554720e	1.0000	C

160	>535af17c-f1a8-960a-89f9-7c20aca1d3c3	1.0000	C

161	>5a81f136-aab7-3f67-a0c1-4eeda3789708	1.0000	C

162	>9df98058-bd54-45fe-89af-12df306a2f52	1.0000	C

163	>e99726a5-3f03-75a5-5942-8a56a0782920	1.0000	C

164	>642d7a43-e193-2acc-013f-bfbdba45cab2	1.0000	C

165	>94b2591d-15cf-fe4d-3596-dd02c1f66be9	1.0000	C

166	>d89b7a48-b534-822e-e50c-c9ca02af36a8	1.0000	C

167	>7a2b7436-2079-b587-728e-7770452cac0c	1.0000	C

168	>ea6ff79f-d1f8-9353-02dd-5612635603cc	1.0000	C

169	>ba56c039-4f9a-f3a1-6018-87627cec9b5a	1.0000	C

170	>50b05405-5cbb-2cda-e788-6622a65598b3	1.0000	C

171	>520a9518-bfe2-64cd-3ffa-977401fbcb7b	1.0000	C

172	>7c81a476-07e9-3081-99ea-6471fa44f69b	1.0000	C

173	>1733c7b7-a932-b5a8-bfe4-4fc3938b17cf	1.0000	C

174	>d6240c04-4bed-819d-e8ad-96e7d800379e	1.0000	C

175	>74a0594a-a607-2aab-43bc-0bee72b08172	1.0000	C

176	>5ff6e0b8-b17c-34ef-0d6d-a3b651dff13d	1.0000	C

177	>22f2cf31-5656-da18-67c7-e31a5c9685b0	1.0000	C

178	>4d45c456-a209-e1f5-5fca-225749ded663	1.0000	C

179	>ca24054a-c2e4-2c63-0fea-fbee45f9a206	1.0000	C

180	>991cf54e-9b3d-1135-dc36-0ffe85e5e029	1.0000	C

181	>2108c6be-f3f1-6240-4d33-ff75aba715f7	1.0000	C

182	>f48d70c1-9d50-acac-6614-0a0b38097cba	1.0000	C

183	>232903f8-0fa8-437e-a597-78a494dc611d	1.0000	C

184	>19d6492a-9ec7-72b9-6fea-755f267684da	1.0000	C

185	>2e862df4-c544-129c-4d77-52e97df00510	1.0000	C

186	>80c290d4-0ce8-b85b-c490-df611207fb80	1.0000	C

187	>107f2cec-3b02-0207-3098-8ea08c971f0c	1.0000	C

188	>00cb65b6-29a5-f42c-2ce8-e3a1a916e073	1.0000	C

189	>b2f97638-51ee-3085-6f7c-3d3bed6169e1	1.0000	C

190	>2ca76685-b414-de3a-4a1e-dd3c7fef3afa	1.0000	C

191	>a1922455-314d-b749-1672-c9efa986e9ba	1.0000	C

192	>8fd323a8-40c2-09a3-db9a-88ea682e4316	1.0000	C

193	>edd679ee-57e6-980b-5980-5150840d7a4e	1.0000	C

194	>a41a824b-2755-807d-4275-2b18e5c73cd7	1.0000	C

195	>a8b5b8c7-fde7-6fdb-a03a-c7e1c209bdaa	1.0000	C

196	>547406d6-4610-461c-4c86-cad3fb49dfb6	1.0000	C

197	>1236e858-cc6b-baff-a34e-9df10ba22825	1.0000	C

198	>789a6efa-67da-7eb4-d259-9012ff293111	1.0000	C

199	>19ce9fb0-bc30-ba06-a54d-9d7fe166e6e5	1.0000	C

200	>587377ce-1195-f357-7e56-016ec1100185	1.0000	C

201	>3c062dd8-a39b-4716-8dae-e44b793e51ec	1.0000	C

202	>71eb3c48-82d9-9ed0-b002-c64c7ff2fa16	1.0000	C

203	>cc9dc5f4-63b4-c443-3bc7-cd3ae9fbd5af	1.0000	C

204	>debad8a6-35d6-242d-4f6a-9303cf16388b	1.0000	C

205	>f5a0b9d1-5589-0bc7-acf3-eadd75fe2738	1.0000	C

206	>93a3204b-02d7-ba2c-8e4a-1d04e8db156d	1.0000	C

207	>598d24ee-15cc-3aee-7364-e2b86e0c97e7	1.0000	C

208	>5367f3a8-8bb1-ee03-3d20-5229c090366e	1.0000	C

209	>4563f7c3-2609-eedc-ba0e-d2e7a6c6fe8d	1.0000	C

210	>9eedce66-5797-add9-3f44-64f7a36f6b69	1.0000	C

211	>6a22bd25-b8d2-6fd6-ce5b-8b117d26b1d6	1.0000	C

212	>d09d4e4e-234f-a6df-d6a7-853185fc621b	1.0000	C

213	>d7f4465f-4861-f05f-8dd3-479b16ef976b	1.0000	C

214	>142197b3-efdd-44e0-c9fe-4302980664b4	1.0000	C

215	>be19206f-cc08-3a30-5b41-dc41a6a4c47c	1.0000	C

216	>7b8985f4-a5d3-4502-a29c-ee3375371f25	1.0000	C

217	>86f3a6ff-641c-573c-7fcb-1500c4c3a55d	1.0000	C

218	>41c3586d-a2b1-9cfe-f828-5b51334b8881	1.0000	C

219	>82bdd165-f082-a25a-7e1f-80ecdabc679b	1.0000	C

220	>42a5aa39-de03-b272-96c3-c23c8d591eb2	1.0000	C

221	>036b7b58-ad3f-32b0-aecc-e5ba802bf248	1.0000	C

222	>b8a48408-51f5-bf95-bcfc-bb4538cb5b60	1.0000	C

223	>ef460c5b-d078-63e1-69da-cb25ec3ec412	1.0000	C

224	>6ed6e648-b834-b8ea-d87b-016453a23752	1.0000	C

225	>6a656e0a-4411-d2a0-ec94-fac54e7747e1	1.0000	C

226	>bc1f86d3-d2f0-a7ec-14e9-018933307e5c	1.0000	C

227	>30bb2fd9-8a63-b5b5-c234-b213b6c69e66	1.0000	C

228	>f7ee013e-832b-bfd7-8ce6-d605d0647628	1.0000	C

229	>fdd083bb-72a7-aaf6-44df-093856e61285	1.0000	C

230	>9af63b37-22c1-2851-345f-3fa784c2d94c	1.0000	C

231	>0b323ce0-ecde-cdba-52ae-811bf823712b	1.0000	C

232	>af7ae71a-ba38-281d-9869-e649e3c0cd13	1.0000	C

233	>e1f35aae-e9aa-4c6f-7190-a0fef55baa42	1.0000	C

234	>4bab9dd0-f05b-42bc-5146-b1908c4382fb	1.0000	C

235	>b7bb23d8-1fed-286e-68fe-53e6f992a369	1.0000	C

236	>712c5f22-94a0-c324-362d-2c6c955482e7	1.0000	C

237	>3e0a5b8d-b617-e2d1-de35-679da34a6754	1.0000	C

238	>cecd9b6a-b38b-768a-cd40-5164c29f326a	1.0000	C

239	>43063511-4593-7989-056d-7d2e9f390b37	1.0000	C

240	>5c5d97bc-74d1-888c-5405-46570dc4d846	1.0000	C

241	>7b7385ee-0f6a-090d-9d7f-2d6d71235703	1.0000	C

242	>15665c11-ffbf-d42f-04b8-1cf42af4c943	1.0000	C

243	>64ab194f-2031-d6e1-1e2b-13040e24f920	1.0000	C

244	>44c826f1-d28a-a54f-c4ed-24238437584f	1.0000	C

245	>d187066f-2f34-b056-6c7d-233f1860d0de	1.0000	C

246	>fdc6f6dd-143c-5e21-2ea9-71e913fd33d8	1.0000	C

247	>202b2675-72da-ca41-845b-8b17bcaa3ca0	1.0000	C

248	>a6a939ec-d334-c264-3562-ca83a74d0d00	1.0000	C

249	>d61c53ad-5d25-2b40-17d3-913b304ebd13	1.0000	C

250	>283630b6-9285-a0b7-d2f9-c922319f932a	1.0000	C

251	>763ce55c-6265-246f-2fe9-6df9b166135b	1.0000	C

252	>643455cf-e405-57fc-8348-4dd0dc802353	1.0000	C

253	>3469092d-f4f4-7bd6-dfd3-d39178d055f7	1.0000	C

254	>c2e8586c-312c-1f99-d9e0-9ad8193f5cdb	1.0000	C

255	>f9d460f8-7caa-d7e3-b0d1-34f30467edf9	1.0000	C

256	>4cd20c18-2669-319d-1335-276d0e2f27e4	1.0000	C

257	>028d9e6c-7daf-d8ad-c6a4-aee9bfd976c8	1.0000	C

258	>42237d4e-acd4-72c4-cc92-f1a23aa5be11	1.0000	C

259	>e3119fba-8788-6138-45d7-329ac7e25339	1.0000	C

260	>cbd313de-a85b-5232-2511-fb3af6b1d435	1.0000	C

261	>c712cced-9160-aa2f-127f-8f4cb9a0b885	1.0000	C

262	>8587ced5-ecdc-71b9-954e-30e9ff71fd8a	1.0000	C

263	>e94a0a97-ee89-21b0-07b1-792a9e1a08ce	1.0000	C

264	>9d118a41-dd4b-b75f-b984-12327a271e3a	1.0000	C

265	>d8c6239e-ba48-177e-4a90-f703ee63901f	1.0000	C

266	>af7aae3b-e934-42cd-9134-aa1541eecfd6	1.0000	C

267	>1a2279ac-3f57-255a-06ff-82ef3ecf9486	1.0000	C

268	>dadee3cd-365a-ce9c-d93d-75a09d175947	1.0000	C

269	>8a841407-1a0b-a4aa-f7b3-cf6008bf2040	1.0000	C

270	>7f4176bb-4a6d-f390-ddae-5dd68f608245	1.0000	C

271	>7d4b0193-c6d7-de08-4ba7-3d922e58896e	1.0000	C

272	>c46aff14-9d8a-ae6e-08ce-86e191e72e36	1.0000	C

273	>0f077ecb-f364-776c-510e-9808ec002957	1.0000	C

274	>9da3a919-8e59-da64-e936-8bdd7d9015ff	1.0000	C

275	>9fa5d097-fda5-8556-c846-28aa9e1bd4d9	1.0000	C

276	>fecdb1ea-17b3-a27b-b7a5-150a75618229	1.0000	C

277	>38049296-b6f6-e975-4cb5-6860daa7f494	1.0000	C

278	>4a68f7e6-1927-dc7f-2dd7-027497fbd198	1.0000	C

279	>57be007a-b2c3-bf84-3220-7a3f56baf52e	1.0000	C

280	>5cdfe54f-12d7-1e74-ff77-b7377524086b	1.0000	C

281	>3363af35-9bea-d98b-1276-34088f3c8ac5	1.0000	C

282	>bc5b4a81-13b0-8750-e196-8befb9ca4d69	1.0000	C

283	>8f9f54c2-6a57-6724-a02e-8d999b0fe7e4	1.0000	C

284	>876c9e57-dcd4-fc75-9296-39a5d7cdf68b	1.0000	C

285	>62de781b-702b-9024-8d52-f13fb536d307	1.0000	C

286	>91e0e27e-e1f4-477c-79b6-cbcebda55c0c	1.0000	C

287	>a9630fdb-e330-2951-4b6e-c389562efbc1	1.0000	C

288	>0c853b88-f6d8-8cdb-0d8f-ddd8fad53369	1.0000	C

289	>9fe97a65-5bf1-901c-4c77-73c3b08cb1e9	1.0000	C

290	>cd230597-03c1-62c7-3083-c5e339f25189	1.0000	C

291	>388fb322-8f22-5a1b-0741-591438ba9242	1.0000	C

292	>2ebf2250-62bf-a975-6c45-c30c5cc81227	1.0000	C

293	>40df7c7a-891c-2a02-fdd4-d750ce8c47df	1.0000	C

294	>d1f746fd-8bc8-de2e-3b6c-e2f92a496110	1.0000	C

295	>6b41bbc4-d6be-e9d6-0fdd-3783290860de	1.0000	C

296	>13955a32-3a43-3937-56db-4f5b8e789089	1.0000	C

297	>f8f46380-05e0-3b90-30af-58f8fe493fe0	1.0000	C

298	>f65ae8f2-d164-2eff-b688-ae8492c3ec92	1.0000	C

299	>99864128-2c24-796a-f64b-91a373e4634b	1.0000	C

300	>8deba733-f891-700a-eada-e613b40f82cf	1.0000	C

301	>6dbfd801-4bc2-cf2c-025e-a6739d8915b3	1.0000	C

302	>e1e42bd9-1c09-53dd-4019-2ada5612ad49	1.0000	C

303	>4154da41-888c-a9e2-7b27-7c61c7b80bd7	1.0000	C

304	>c9be6236-03df-4b29-63ef-1b051207c7f5	1.0000	C

305	>0af1d4c3-4c25-a467-04bd-1c0f4f4b3c21	1.0000	C

306	>38bae1e5-023a-8410-7467-d19caee107b2	1.0000	C

307	>588b1cd2-de7b-bf06-da78-5456cd3fbd73	1.0000	C

308	>770a4be1-2886-454f-5ecb-5cac4d5a3998	1.0000	C

309	>7d5d4dd6-1f95-c06a-06fb-d08fad5f9f83	1.0000	C

310	>021f2ed1-2cd9-d31e-7215-22030efc153c	1.0000	C

311	>560b605e-ad41-6aef-c0d6-f7a8399e3157	1.0000	C

312	>a71c27e2-ff08-7198-d3b2-4c583150d63e	1.0000	C

313	>c6a99631-f65c-8ce1-8b95-b47243e3a471	1.0000	C

314	>f2ddaa6c-f00b-86b8-bb68-69de20a57868	1.0000	C

315	>9e0086d4-665f-4848-f668-350fac927c06	1.0000	C

316	>173ec578-9207-9999-aa84-cb09590c79a5	1.0000	C

317	>205ca3bd-5028-6a1b-170c-42af6386400b	1.0000	C

318	>7a66b8e4-4b6a-bdf8-5b63-9928c0c2522b	1.0000	C

319	>1c5a4b5f-bc59-8432-5131-a129a9655e06	1.0000	C

320	>5d16f03e-4309-a53b-91ea-3b1edc7a1f0c	1.0000	C

321	>28267d68-ffab-9d1a-e560-9e38faaabf60	1.0000	C

322	>64ebbc03-c6e2-43af-9561-d29898c28399	1.0000	C

323	>4ee61707-a19c-391c-bb1b-94d69000c2be	1.0000	C

324	>81ec5512-52aa-96ca-e16e-b27c2856438c	1.0000	C

325	>6e7f5739-31c7-03c8-aae6-d2f3cc50cc31	1.0000	C

326	>d522b4ed-07bd-52cf-1ba7-27629668e924	1.0000	C

327	>0cec046f-6aab-d5e1-e125-469ecc2e11de	1.0000	C

328	>ef76a55b-6013-8106-08f6-f81a269091a8	1.0000	C

329	>a2054966-850e-b6db-262d-6c869627181a	1.0000	C

330	>b2e63f7b-f542-8252-8684-ed29142da5d1	1.0000	C

331	>6b8cd218-ada6-114a-cfe1-22695af1c44c	1.0000	C

332	>03d1cf8b-f655-525f-71f1-2e2f7c2b9a03	1.0000	C

333	>18e414c4-6029-df96-02e1-0a6b913fc6b5	1.0000	C

334	>03635a28-a681-e3d8-7125-2ad6074110c4	1.0000	C

335	>6b88319f-9ef2-e15f-c8a7-4905200a132f	1.0000	C

336	>a54fb36a-47cd-85b2-0b61-5023dc0113ef	1.0000	C

337	>6cd264b4-7349-2c71-a9a1-b3928e873dac	1.0000	C

338	>f412dbb3-afc0-9b57-8cf3-15e32e4ed40c	1.0000	C

339	>e2824280-90d0-f59d-0d7d-3410dc16915d	1.0000	C

340	>842f4ca4-7aaf-76fe-0d38-774972116cfd	1.0000	C

341	>6626ee17-ad99-9616-9c69-59692aec4ba6	1.0000	C

342	>5f14297d-b9de-8ead-9ae8-957b541985a7	1.0000	C

343	>7f02ffdf-5b4c-9018-496f-1142bf7e7730	1.0000	C

344	>d45dd5b6-31de-9482-f31c-5277fc15bbb0	1.0000	C

345	>4ea34fa2-f7d0-5200-f33d-b5a86b57ae04	1.0000	C

346	>45396f06-7390-9f9d-1c94-feee401a06d8	1.0000	C

347	>bb98114e-0394-9635-a6ae-b3cd68da0664	1.0000	C

348	>2bd78992-6968-625d-f708-680da720ea10	1.0000	C

349	>c23a5a7e-617e-b003-1a64-ecb1daf28464	1.0000	C

350	>c14752e3-8196-36c9-1157-bb47fa1929da	1.0000	C

351	>cd6f0678-0459-707a-1268-5bfbaf039ee9	1.0000	C

352	>c05dc035-c741-eda3-f1f2-1b8f4880c9fe	1.0000	C

353	>e4b18be2-7098-d6bd-660b-0315ab001aa1	1.0000	C

354	>7071a52c-f553-eeba-f05e-34e8d090aa4d	1.0000	C

355	>7e29f39d-3c9a-38b6-e410-ac03bc2ea0e2	1.0000	C

356	>3af7f96a-b7e5-c3c2-8706-85a9e7e6627f	1.0000	C

357	>2cc7fd3b-a317-abf8-9b47-5c4d918ee7c3	1.0000	C

358	>8dca6dfc-11f2-cd45-c4eb-54fd1b6772ee	1.0000	C

359	>876d4463-2ac6-baf2-ae42-fc828131b0eb	1.0000	C

360	>936a620f-b37d-6caa-c54d-b4caacde6f7b	1.0000	C

361	>1eb53dc6-8189-ac3f-64b2-6ea7afda6a63	1.0000	C

362	>cb974102-3b5a-632a-1db1-0c5e965109d4	1.0000	C

363	>ee52eacd-ae3a-5099-f3e7-71caca884e91	1.0000	C

364	>bfc77413-7c06-d6f5-6cde-b3d0431a9fed	1.0000	C

365	>ccdbe9a2-575e-0b33-e2c4-b3611b381af3	1.0000	C

366	>4cb8fb0b-bcae-cd44-b1c9-e732b54b2b47	1.0000	C

367	>2e740292-a825-b18d-a377-edadc8b2d282	1.0000	C

368	>06d0706a-5a1b-141a-1aa1-44f01502556d	1.0000	C

369	>24300aff-d486-5572-e1c4-b1813bb03f69	1.0000	C

370	>fa30dc8c-9d76-e32f-b695-7a9a60e479f2	1.0000	C

371	>72ec6ed1-519a-4f19-bf53-dfa2ab2b8c6a	1.0000	C

372	>5612ab2a-00da-3a0c-fe08-88bcf4ce9923	1.0000	C

373	>9140a527-18f5-d93e-aa25-c121d8f5ea4b	1.0000	C

374	>ddb0cd91-6bff-3729-223e-2023367c8e20	1.0000	C

375	>1e0fed12-4157-2a1e-7d66-05f811c118aa	1.0000	C

376	>b66192a2-136f-45f8-6bb0-c78ae36a1686	1.0000	C

377	>ee466eb4-c8f0-adac-088c-8a1510c3423a	1.0000	C

378	>128be843-594a-4797-685c-4d2303362cd7	1.0000	C

379	>ce9b6709-335d-9f52-c919-803ba7c0008e	1.0000	C

380	>e5ea8cd5-4fdd-bb44-6493-0a555c911b5d	1.0000	C

381	>1b8ab6be-6f36-65ae-0b69-4b003fac0d1c	1.0000	C

382	>76fe7e66-e163-b865-2019-d982adec6715	1.0000	C

383	>5f6afda7-2547-9650-5075-ddd897bab50e	1.0000	C

384	>692bc651-ac2c-512e-af3b-658b815774a9	1.0000	C

385	>7acbd9a3-27ee-cbdc-168d-0b0170fb36f3	1.0000	C

386	>bba219f9-d1f2-ac34-61c7-ea96d1289793	1.0000	C

387	>4bfa5412-4bca-4e1d-4fd8-c5753bd131c2	1.0000	C

388	>da75130e-bfc9-f564-e755-319317aafe71	1.0000	C

389	>a32c6069-ee06-7ba1-fa0b-38f1fd501101	1.0000	C

390	>7cff60c6-326a-964f-3110-d298512a9e39	1.0000	C

391	>370a8628-fc53-abc3-f1cd-e7c985650169	1.0000	C

392	>1a40d789-8a76-5045-3798-91f4ba8abb28	1.0000	C

393	>52e56afb-5e44-dcd0-5a0d-797af40e519f	1.0000	C

394	>fd406dbe-cd45-1982-93ea-752c15a7479a	1.0000	C

395	>f8871b73-213e-4a30-bed7-b65a332cae35	1.0000	C

396	>0025d5c1-4bdd-0f0e-581d-a07cf61d5afa	1.0000	C

397	>64e423b8-55bb-431f-e4c8-a4e154506625	1.0000	C

398	>4f507705-9be0-c33b-21b9-214aa4106559	1.0000	C

399	>fcf51b93-7718-e1ff-529d-580562b013b6	1.0000	C

400	>8db315ca-e552-9648-cb64-6847c02fbbd7	1.0000	C

401	>081e21bf-635f-5f3f-88ef-9884e9f88732	1.0000	C

402	>c6a8abfe-65fd-853c-86a4-976eaacf7851	1.0000	C

403	>3f74d142-7655-eac1-f983-931f98c7540e	1.0000	C

404	>5b2f226f-bd5d-52c9-5e4a-7a26968d37ed	1.0000	C

405	>01aa2f1b-b0ec-d78a-313a-5b4ec675dd92	1.0000	C

406	>4313ac07-4ac6-bfa2-07e7-0759158a9579	1.0000	C

407	>107518dc-228d-f5bf-5213-829518a0f359	1.0000	C

408	>9a85bf07-2ab7-76bd-27b3-afeb63df8930	1.0000	C

409	>428994c2-bd61-ab78-1427-2a716b4548f5	1.0000	C

410	>ad6f2476-1466-88f1-c9d3-7ae2b00856f4	1.0000	C

411	>492c9759-a152-c6f9-f2f9-bb0b8997d2f6	1.0000	C

412	>5fa1c94f-6efd-e4b6-6d16-3b262b0d53e2	1.0000	C

413	>ef7b7577-c7eb-d78a-466a-ef3982516fe0	1.0000	C

414	>63f912bd-6986-9633-cd93-00ac988ca457	1.0000	C

415	>7c531bb4-c4d5-3fde-8cf3-c19fad6add03	1.0000	C

416	>eac56687-449c-c53d-92b7-78b28acde30e	1.0000	C

417	>04f58718-fb8a-f029-fd3e-d1c2381f1026	1.0000	C

418	>a4f328ae-4bc8-69f4-21dc-1f065292fdf2	1.0000	C

419	>f80c4e8a-bb93-5ba5-003b-e411a32784e7	1.0000	C

420	>6ac80278-2093-2c34-f1af-393578353ee8	1.0000	C

421	>7426d9bd-0e96-a40f-7afe-6a134a53edab	1.0000	C

422	>0c4cf633-f0e6-334e-2638-c2df47173780	1.0000	C

423	>f7b84e34-5778-a65c-b093-682c22b43884	1.0000	C

424	>e81c2b72-5863-3d53-9dae-ae1f46abeb4e	1.0000	C

425	>427cdd72-5592-3ee7-3242-0d3089da70ff	1.0000	C

426	>b6350ab3-d1f4-05e2-9d8f-3e583769371d	1.0000	C

427	>888f04b2-694c-3a42-ee38-8d44b412966d	1.0000	C

428	>14bcaeac-12c8-3c1b-3853-d8f59a658703	1.0000	C

429	>40c52638-4659-b35a-f31a-8015fb853a54	1.0000	C

430	>ad559bd6-cb1c-f584-edb4-89afe8b9a401	1.0000	C

431	>a7701743-8c29-750a-ac11-169d619e9d27	1.0000	C

432	>24968b1a-d311-e3bb-9694-fe6f6d67cac9	1.0000	C

433	>98215809-5f2d-536b-c0e8-311a903e7895	1.0000	C

434	>ffda87f1-d1f6-5947-50c3-de42a85d35ec	1.0000	C

435	>f998df22-b482-d004-c410-e1a4d2f44e6d	1.0000	C

436	>8d9be839-1b7e-037e-c665-f36d2c4b7346	1.0000	C

437	>bc1c92f3-f9d5-12cf-38bf-ae8488a053a1	1.0000	C

438	>ac16a3e2-27d8-7c1c-beeb-0a617cd8df04	1.0000	C

439	>72f26c5d-ae99-3e89-ea82-8cd6ae137981	1.0000	C

440	>807f4099-e8e5-a292-e0b4-32e5620e7992	1.0000	C

441	>b3ceb7d1-65bb-6403-edec-6896c4c2fe67	1.0000	C

442	>e3f39063-c5da-8e4b-84bc-028d6a69b89c	1.0000	C

443	>fe885f26-b406-cbc0-7e25-ec55f975fa24	1.0000	C

444	>9ba97f65-3973-5d29-d1e3-3fac582ff0e9	1.0000	C

445	>abfe46f7-ca2c-6c7f-4db6-4deb8ab7bc9e	1.0000	C

446	>210d6dec-f460-8024-069b-b54e907024ec	1.0000	C

447	>e4b3918d-5b88-fe3e-7ab1-c9969fcdebd2	1.0000	C

448	>fee1ad95-5115-fae9-f584-3d5c81a3731e	1.0000	C

449	>f1e2e537-4bd7-b63a-f281-a851074d9a24	1.0000	C

450	>ecb7f88a-e805-ab03-bf84-61c45df78726	1.0000	C

451	>f2398078-50f9-b75e-dab5-ced7a4dfb29d	1.0000	C

452	>4d477e41-027f-2d31-34e7-abd392c71d73	1.0000	C

453	>eefc2d08-9cb7-3b68-aabf-8adc48981337	1.0000	C

454	>0455db40-c55a-733a-cad8-069ef16c6ebb	1.0000	C

455	>a9eda290-8257-f911-f196-d3e1e3806389	1.0000	C

456	>77d2a592-c1b7-b830-31e1-26f37343b8e3	1.0000	C

457	>99c30fb1-07e9-f22c-6c23-cc265102b401	1.0000	C

458	>73830d46-cc48-0d0b-4c28-458cd2970717	1.0000	C

459	>936d2ff6-e8c2-fa69-a8c1-d6204b3e942d	1.0000	C

460	>75826799-53cf-0159-890c-2614409a3a79	1.0000	C

461	>16028a8f-3696-96a0-3ae5-f652d78331a6	1.0000	C

462	>d4259b4d-cb75-611b-c6fa-aa741eec33bc	1.0000	C

463	>9636e997-d6b0-a31d-67f4-52e9c8d34232	1.0000	C

464	>d41ffcb4-e2b2-515f-ac4f-81e6b4473bf2	1.0000	C

465	>bb9ed779-d9b6-2105-843f-cbb77d318657	1.0000	C

466	>3d4d6db9-7c3c-102a-17b0-aee087f2b19a	1.0000	C

467	>6f772f3e-2d30-4c0d-291a-15a845ba4c78	1.0000	C

468	>219f10f5-880c-78f8-2669-e6a6194b6229	1.0000	C

469	>1e94c540-dde5-2e6d-190a-a47912a5001e	1.0000	C

470	>7b8fa4f1-d6a2-61ab-5591-fd1011fb2b7b	1.0000	C

471	>00e89e99-4398-12e5-bc1c-fa2f919244f3	1.0000	C

472	>a7577dae-2cba-12a0-7727-fa6b919b7984	1.0000	C

473	>6dea0f33-0b36-c9ba-e4d8-ce46c37157bd	1.0000	C

474	>1beb5b6f-e6f4-7af8-d2f4-ed085b4e1241	1.0000	C

475	>74302c50-c3b4-fed4-a111-30cfb39248e9	1.0000	C

476	>e6313e3a-8688-3ad2-df13-806290fafb8b	1.0000	C

477	>069e4b2c-1104-562d-b04a-cc3f49b24908	1.0000	C

478	>f44ca508-86f2-1447-4628-b63346ed5920	1.0000	C

479	>a60c73b3-516f-204b-2706-bdfb3faeffd0	1.0000	C

480	>e07691eb-2730-78bb-f11e-828667025720	1.0000	C

481	>8a3615de-7d88-ab09-0167-22ac7d77539b	1.0000	C

482	>37c51f8e-1f98-65ed-7f12-06ee8caad3ee	1.0000	C

483	>5b430422-2bf4-996c-ed16-b15fe633892e	1.0000	C

484	>4037ac95-28de-ea18-a48b-466b8be9cc4f	1.0000	C

485	>5fded8a4-a996-69a5-7db4-914facb431ee	1.0000	C

486	>703c2418-7305-0629-a1bf-a678ffcdfebb	1.0000	C

487	>b3e7799d-6c28-99f3-d4f8-76010647fbc6	1.0000	C

488	>96be8033-cc4f-e19c-3ab6-5e100607fdb4	1.0000	C

489	>d80a98b7-cda9-2aed-f1ff-dbf5b2b11f3b	1.0000	C

490	>5f5f0b75-b2f7-67cb-4e98-ac50b30ef19d	1.0000	C

491	>15481b81-bd3c-4d18-8c8d-df49a291581f	1.0000	C

492	>f2ce78c4-79ce-2f64-4687-259eea93be02	1.0000	C

493	>99ba6477-e168-70dc-95f6-8b9efb425623	1.0000	C

494	>2365c932-0c48-faea-8b39-8339cba479ef	1.0000	C

495	>ede729f3-8d15-2497-6784-ca08316e44d3	1.0000	C

496	>ae8767e7-46e2-27d6-5ae0-39f0c939df19	1.0000	C

497	>173ab3be-decb-bb8e-cf36-46a23de72ca6	1.0000	C

498	>69467d4f-f65a-725c-600e-8d2e74c52eef	1.0000	C

499	>7e51e2bf-e6f5-51f9-4426-471c8ddc7a2c	1.0000	C

500	>c9ce0a35-2201-c147-cfb4-0ba65407b338	1.0000	C

501	>021dc176-53ca-0493-9549-403d388aa343	1.0000	C

502	>0bb454d2-9585-e94c-f43f-96180d0f436d	1.0000	C

503	>f5d062c2-082f-9e83-925d-3f338683cfde	1.0000	C

504	>30338deb-90d0-5ca1-ff7a-aad53ec332c8	1.0000	C

505	>16078596-a5ac-f22d-cd84-3c27650011e4	1.0000	C

506	>293b17cd-a285-0cdc-e344-a88d86166e7a	1.0000	C

507	>fe589353-6029-a419-fcca-4b9532a30398	1.0000	C

508	>c380794d-074b-82a5-4056-a065a1b323c6	1.0000	C

509	>e3e3f87a-10ef-794f-150b-ce8ef8117e36	1.0000	C

510	>8067dbfc-36e0-66ac-0c54-22a0297af88f	1.0000	C

511	>ed973924-fdfa-876f-4fb3-b0695d7dad7b	1.0000	C

512	>9fe2adea-27d4-6a9e-ddbd-a1e36b78a81d	1.0000	C

513	>04ba778e-655e-08f9-ca44-26050039b93c	1.0000	C

514	>6313b1a6-e9ef-9062-75c6-9c0d87662b81	1.0000	C

515	>ab064dfb-64c3-70d7-ea36-4da9b47533fc	1.0000	C

516	>9000a0b2-c4b9-7936-afb4-3d3595e50335	1.0000	C

517	>d31093bc-1d8e-7936-548d-93ebae2db037	1.0000	C

518	>bcf2f368-b956-1ab3-5bf6-86110bdabed9	1.0000	C

519	>596e3ea8-e8b6-97ff-33a0-cfad49b3b26f	1.0000	C

520	>c99d5ce6-17d0-a9e5-2238-09143b423601	1.0000	C

521	>0bff8927-db45-0b1d-9bc2-dee34689dd04	1.0000	C

522	>24778915-87fa-e51b-9aff-b6d18ffc2c20	1.0000	C

523	>3815f174-f423-bc47-55cf-ddbbe7c1c820	1.0000	C

524	>21cc3d19-edb7-0255-fea7-35e70792714c	1.0000	C

525	>85a6208a-68f5-414c-ba6d-8872b3cf0212	1.0000	C

526	>2a341661-11c7-a67e-884f-d5676ee4308a	1.0000	C

527	>542d8018-e21b-0d32-54bf-7975c4f68276	1.0000	C

528	>aa9ade53-5d36-d2e3-a20b-9ea9745871dd	1.0000	C

529	>db5eff14-2000-301f-ad9e-0e172667a5c5	1.0000	C

530	>7be3ce72-8965-43c4-5883-2e795177694d	1.0000	C

531	>5ea70b41-19a6-92a6-57c5-a4788f4c24be	1.0000	C

532	>faa1c8ee-edca-710d-4036-9961d7ca38c9	1.0000	C

533	>44b49320-53c4-3a34-e052-f96b98c60f75	1.0000	C

534	>a8d7dc35-e8d7-52bc-8253-a3b1713ab5e9	1.0000	C

535	>7adcf892-d8f1-de7c-ab77-fb5fdb608196	1.0000	C

536	>a0646c1b-6f6c-d5b6-1cdf-df454d03a17d	1.0000	C

537	>76dc27fe-3e2a-5746-9fb6-76f1037c05f5	1.0000	C

538	>2df00b0f-2445-4d92-7bd0-d70e3e1c566c	1.0000	C

539	>c5dafebb-7688-b090-2604-b169712dbc35	1.0000	C

540	>ae270710-6b42-8c5c-f4a6-9fc4b2635812	1.0000	C

541	>84084410-c8d6-6c77-55a6-16fe255309f0	1.0000	C

542	>491b33ae-1856-fcdb-db6c-5db95df3f117	1.0000	C

543	>bf58522d-fbb6-f518-0539-d9335e3dce17	1.0000	C

544	>7c1a233b-0515-85bc-3610-2cc11fd49e6a	1.0000	C

545	>fa930df0-ecd4-8094-bce5-40344efd2745	1.0000	C

546	>995e1e82-0db9-3c49-0f69-e1753cbb6ddb	1.0000	C

547	>ea8b8684-88b2-8aab-d46c-e780a219373a	1.0000	C

548	>3a074233-b320-a342-442e-4fa9ca98b5a4	1.0000	C

549	>932d7167-1e00-f591-8ca5-dd8c6f2ca870	1.0000	C

550	>0a82e431-d611-7efc-a8d9-cc37b161e666	1.0000	C

551	>e2958b9e-96f4-4ce5-97dc-2f094879082f	1.0000	C

552	>7a25a3b3-ca64-31ed-5110-85e63360b9bf	1.0000	C

553	>b92039c8-9543-9150-2007-94a48b506e84	1.0000	C

554	>3ffc1396-0536-b9d8-aa6d-31176f24c41b	1.0000	C

555	>bd7ab8bb-56b9-f558-f60e-3503c50f99c4	1.0000	C

556	>df2ecae8-8444-34cf-42f8-919d42505cb6	1.0000	C

557	>8caec63f-956d-cd4d-d0f7-790c1ff5048a	1.0000	C

558	>7ec28781-fc59-9f46-4b54-58b19db84662	1.0000	C

559	>8ef47b20-70d9-6ea3-1411-fb747e3dbde1	1.0000	C

560	>7859895a-b34f-ce9a-4b89-87c622003959	1.0000	C

561	>5f2ff93a-45b5-71f0-8588-23ca0477f059	1.0000	C

562	>daff07e9-4d87-dff3-64ca-db21cbe7f4d0	1.0000	C

563	>e7d8c7e0-c4dc-decc-77be-40ed36e655b7	1.0000	C

564	>a350f5f4-398a-cc35-a2f9-db638cdb409b	1.0000	C

565	>0edd021a-619a-5fd1-3443-33638543b277	1.0000	C

566	>8c4ad91e-eac7-a351-cf8e-6885d074fa45	1.0000	C

567	>70009250-a489-aaad-53e6-e0d9b7083ad8	1.0000	C

568	>edc4a165-6afe-ac44-a45d-462ec18efca7	1.0000	C

569	>5f83cdad-cfb7-61a4-9e7c-06d123b9e6c6	1.0000	C

570	>a3c92202-463e-12e2-7a8d-a23bc6ad2c89	1.0000	C

571	>a833c496-2517-6344-b0fe-604b61811a1e	1.0000	C

572	>b172704f-19b4-eaf1-1060-92f6f0fadb2f	1.0000	C

573	>603024fe-a222-cebd-900c-45de852b0fd8	1.0000	C

574	>59e90481-1634-9f06-1f36-6e50c5ca13c0	1.0000	C

575	>6baf7c36-c81d-6046-ce16-3f7793dcf175	1.0000	C

576	>13a4a3b0-8b4a-7d74-b1f1-82c51972131d	1.0000	C

577	>21b8b85d-f7ff-2310-91a5-4d329092679e	1.0000	C

578	>6f44044b-7d77-d44b-24a3-378ed1191cfc	1.0000	C

579	>17e4e736-7c00-9220-3775-1f5333ae6589	1.0000	C

580	>ca8c0af3-6044-f3cd-b09d-ce7855b02388	1.0000	C

581	>c37f6918-6747-dc55-a048-166b3e5860aa	1.0000	C

582	>b1e7f79c-e6e2-bcb9-420d-f6d11312b574	1.0000	C

583	>ef5e4c2a-b1df-76fe-d06c-3744b107e457	1.0000	C

584	>e20c667a-2eef-a45a-c453-7db3076dacab	1.0000	C

585	>3f2fbcee-1489-b22e-237d-54c154dfdc8d	1.0000	C

586	>58fda235-848b-7486-b55f-e59ff3b6a33b	1.0000	C

587	>bdb44257-d13e-7aa3-98c3-4cf9084eb902	1.0000	C

588	>b31142fa-785e-07f0-ef15-0182ea9c9d78	1.0000	C

589	>c1c34c61-5e67-6f74-1f12-200281c41413	1.0000	C

590	>9540e7a1-f391-610a-fdef-f801520c5be3	1.0000	C

591	>b8d671a3-4532-c885-2385-96b313c7c534	1.0000	C

592	>ea0265c9-0cf5-458a-700c-8e6ff7e3d7a9	1.0000	C

593	>b12bac43-2477-ee9b-7799-d378b2c4e505	1.0000	C

594	>a29658c0-e941-ee01-0208-e0c430249fde	1.0000	C

595	>611353cb-3fd4-b151-b96b-cfa082392080	1.0000	C

596	>3cc99e83-6d1c-6635-3a94-92a05189acd6	1.0000	C

597	>c43f61b4-429a-757b-9952-e789d5f0716f	1.0000	C

598	>9400f499-37b5-0abc-5b18-c3f57d795845	1.0000	C

599	>345943ea-e361-0ef7-6eab-7cd0f372cb0f	1.0000	C

600	>00625e9b-f6d9-c0d5-30fd-bf1d6a51346d	1.0000	C

601	>310aa950-a103-a461-f646-ea4958637ff8	1.0000	C

602	>4a50c2d5-c02a-9d8d-8629-bf2cce8bd345	1.0000	C

603	>2ea59b91-a38b-1216-9666-905cf475590e	1.0000	C

604	>be826c31-1628-2c19-a1a1-30b70832c2fd	1.0000	C

605	>35d34edf-5601-679a-6921-6c1a620e4e1e	1.0000	C

606	>fe4976de-5185-c449-b8ae-e508b93f3649	1.0000	C

607	>82bfffd6-5619-92d5-2bc4-53fc8b5e8776	1.0000	C

608	>9d780fab-e955-c67e-ba20-8511b6a0bd1a	1.0000	C

609	>6bc1c4bb-6b99-2ade-6002-e39f7bbf3ded	1.0000	C

610	>138d4989-331c-3ec4-6875-439b68730829	1.0000	C

611	>a9f6c874-1537-488b-39b7-0c62ed854920	1.0000	C

612	>be440b98-e494-e93c-181b-c7b545923bc2	1.0000	C

613	>a2e0c496-3346-1dcb-a4df-99ad86e93c58	1.0000	C

614	>9be24b29-ffa2-8375-36a7-8e5b0b754baa	1.0000	C

615	>81b013db-809e-3844-f2aa-a0ea495c6837	1.0000	C

616	>328eced8-f4a6-2de8-c063-2b10beddca6c	1.0000	C

617	>5b60b865-d9a0-aa3f-3957-d28bbb21f0f0	1.0000	C

618	>702e6546-8337-6f72-beef-a51a1df4979b	1.0000	C

619	>13b1efec-6e1f-75d1-6a55-f76eca33d901	1.0000	C

620	>32a1aaac-0377-27cb-e15c-1bd538768840	1.0000	C

621	>fa3425c9-1b01-8832-ec12-158856e822ce	1.0000	C

622	>49682635-6583-b5d6-6598-18bacc367f2d	1.0000	C

623	>68a00513-3699-d9a6-0594-c53de56d6401	1.0000	C

624	>a0518bc1-347b-f13b-9cd7-c3d61e1f7928	1.0000	C

625	>f80332ed-1179-0816-3912-4dc06bc8ee46	1.0000	C

626	>3cd9e9c6-8e88-745f-ca5c-968e686153ec	1.0000	C

627	>178d4604-8ee0-8790-dbc6-bfbc95b15832	1.0000	C

628	>ad94235c-a5a2-86c0-4de0-ddcf419db755	1.0000	C

629	>6f8fe0f8-698b-4437-c930-f4776a58be57	1.0000	C

630	>dfea9dbf-1e93-1a85-7cb7-596ad719fb63	1.0000	C

631	>05f290af-6b44-cc38-ec6c-878f4879907b	1.0000	C

632	>5b3407de-3e5a-a0f9-57f6-f8e5282c4bf1	1.0000	C

633	>ec8e07ae-9b64-b8b7-9b93-a67d33543132	1.0000	C

634	>c6f8a628-ad95-af3c-cb9a-eeac20403a83	1.0000	C

635	>6ef52581-ce52-fef5-67a7-b2f523fe42ae	1.0000	C

636	>ae4115cb-b97e-7993-9c25-4cb4d44bd30b	1.0000	C

637	>18e78303-0fa8-0cb4-8dbb-8c1f67b771e2	1.0000	C

638	>969d3bf5-4741-fec3-b84c-1ba63d9dc875	1.0000	C

639	>e66ff3cb-eab9-1dd5-6c67-297374618be2	1.0000	C

640	>f42ddc65-c277-7047-3755-6b1ae2491405	1.0000	C

641	>cf29b350-6573-ba34-6ace-dd4285f9d2b3	1.0000	C

642	>58e0c271-16cf-83c2-c288-bf122cd0e12d	1.0000	C

643	>95e83d8f-2f47-e822-3af4-4d5ce07af3dc	1.0000	C

644	>31fc96bf-e893-9a20-096c-8e28a9b1525b	1.0000	C

645	>64e89913-82ee-568b-0f86-091e9b2ddde9	1.0000	C

646	>c2209e03-59ae-4416-340b-a52b09f5a0ec	1.0000	C

647	>f06724d7-8007-4582-db76-988e8b6ba760	1.0000	C

648	>9ed2c98d-3777-2176-bc7b-6634005fff48	1.0000	C

649	>894f3c86-cbe0-8393-3861-e66ac8d12643	1.0000	C

650	>97334f4d-656f-d9f6-c3bb-70a1d8792412	1.0000	C

651	>f1dbbfb3-e6d4-e6e8-38a2-60330b3ce8f7	1.0000	C

652	>728be83f-0939-71ca-c05c-27c95cca637a	1.0000	C

653	>4acd3441-f9bd-27a7-7017-2b9bd46ab3e6	1.0000	C

654	>182a6f89-815c-38a7-5b26-528e8288dcc0	1.0000	C

655	>c115efdf-9bbe-2297-df48-ba832d9b8888	1.0000	C

656	>fe70e496-8251-2e2c-ca8f-b61da31cd618	1.0000	C

657	>745af861-162f-bf8b-f0dc-59adfbbebc74	1.0000	C

658	>ad04c28a-057d-3b03-2fa8-7ca35228f25e	1.0000	C

659	>4f3d7c59-066b-aa86-ec01-27d2e6c77c52	1.0000	C

660	>44d10aa3-1b4b-8441-1e0c-d831041e4765	1.0000	C

661	>4becfeb4-601d-1528-20ad-4a6748306631	1.0000	C

662	>754c0de5-e92b-8ac4-e8e5-df01903d803a	1.0000	C

663	>f28f8853-23a4-51fb-cd0c-d4a996c04646	1.0000	C

664	>bdfb4724-f273-1ed1-7e2e-f458b7889d50	1.0000	C

665	>888c457f-0c0b-e5cf-4f52-d7dd2bfb229c	1.0000	C

666	>411b541d-4ba3-6bf4-35d6-24a1888457d7	1.0000	C

667	>381f728b-d9fd-5f52-5a6d-6dc355cba3dc	1.0000	C

668	>1366abc6-2c74-eb10-3851-ff7262011dde	1.0000	C

669	>e51ecdf7-c0a5-6a44-3ad0-e56b0da46b99	1.0000	C

670	>e45eb9e2-0e1e-e8f1-a480-8c20bd61bd9f	1.0000	C

671	>99c3395e-fdbf-45e1-58a2-9311c38dbec0	1.0000	C

672	>edc25a73-9fac-6b49-e8aa-5e98c68958ba	1.0000	C

673	>108108c8-502d-9b24-0dd5-bff9c92cb6b7	1.0000	C

674	>be61037c-e9ac-bf80-5877-bce1164a2239	1.0000	C

675	>acfdaec6-cc13-4096-ba12-ec04250603a9	1.0000	C

676	>7c795ac9-0553-5f68-6be4-828ef89511d7	1.0000	C

677	>b7d58e47-fcab-5fb0-c1dd-d9103c4952af	1.0000	C

678	>ece1e3cf-1933-0113-77bc-73ddfbc51a6b	1.0000	C

679	>b6b6ee1b-9c8a-5426-a8e8-3f8d7256e341	1.0000	C

680	>bdd630de-a5ff-a350-1d1b-ef061da53694	1.0000	C

681	>7806e7a6-9fca-5abe-aca9-352a5cba119b	1.0000	C

682	>9bb39bdd-d7fe-83ef-f904-01681b26d128	1.0000	C

683	>5cc8b183-e2cf-1a65-31ca-949966361443	1.0000	C

684	>a403f1be-346a-0f94-9571-847cebb0e39f	1.0000	C

685	>9b2e09c0-27be-aa45-b96a-6fee7ef6f4e7	1.0000	C

686	>db4bae5f-f566-ce3c-a87f-db519d3a9d18	1.0000	C

687	>a7179b65-cff3-bb8b-300d-f6501686e7fc	1.0000	C

688	>27ee577a-4ef0-ba25-9517-67fc97658f35	1.0000	C

689	>79b106e8-5d57-a339-cfe6-9f1b9909b6de	1.0000	C

690	>83b9e8b5-e03a-1691-3fab-0b67adf9bd34	1.0000	C

691	>fc2f0ae5-b425-3f36-e9fc-352386abfa9c	1.0000	C

692	>369f38f1-075e-0035-b5c2-19342a55453a	1.0000	C

693	>440e01ba-0e7c-fd60-bcc4-024e52d0e7a5	1.0000	C

694	>1764783a-ee1d-a618-f587-fdbcad47b4a8	1.0000	C

695	>d483af5d-7d53-f910-5423-64c2c4896764	1.0000	C

696	>f0b9eb71-2182-bae4-eb7b-719f647d71e6	1.0000	C

697	>faa01907-3855-914b-6d45-c4c49ddd7d82	1.0000	C

698	>c764cab0-2f3c-6c22-068c-6a99eed74d86	1.0000	C

699	>fbb137c1-2ec0-4fa9-86c1-a72bb9176aec	1.0000	C

700	>2095dfb9-d0d1-39f9-fff2-b5c17c06a9dd	1.0000	C

701	>b5887917-80d6-288b-80b4-50f84600e9bb	1.0000	C

702	>e9a7987a-45f2-c7d6-f722-54c0cd17c0f0	1.0000	C

703	>ffd09862-806b-186d-5596-d2da4439ffbb	1.0000	C

704	>d5fea505-25fe-5082-d9ba-cac8e07833a6	1.0000	C

705	>96fa91fa-d07f-609d-fb4b-6639eeae19a8	1.0000	C

706	>4e1351cf-f90f-1fb5-a959-aa8f4197e10c	1.0000	C

707	>4b632666-6695-b9e8-09df-9020fa3505bc	1.0000	C

708	>6afd7f2b-a9de-1e95-8c20-8767b70531f6	1.0000	C

709	>1c350544-30cc-1523-acc7-c20b6d22048e	1.0000	C

710	>713926a6-513b-f932-37e3-d5e951b3f142	1.0000	C

711	>ec66eb38-8729-1a3e-1080-7b2c3a56d46f	1.0000	C

712	>7893feae-45e7-042d-93dc-bcae1cc1eb51	1.0000	C

713	>c5505523-4963-f203-915d-b08946fdd9c1	1.0000	C

714	>dccd8f1e-b054-c4cd-04e8-ea9b789c34f3	1.0000	C

715	>1345223f-ed8b-5fbe-1608-447265b56705	1.0000	C

716	>fa8a09c7-c73b-7787-2f31-43b99efcb868	1.0000	C

717	>dc9e4cc4-2e44-391e-e44b-c74fadcd160f	1.0000	C

718	>fbc6a628-e06e-be75-4426-8edafd1e72a8	1.0000	C

719	>f50d0541-dc1d-e841-a267-bcb71ef6f11a	1.0000	C

720	>669c4217-0e23-2496-ad4a-f50fc302824a	1.0000	C

721	>c2264dc9-89f8-1521-e8de-2d4e7ec5b048	1.0000	C

722	>28fd84ab-d67d-41c5-5628-473d85e2e836	1.0000	C

723	>b5124cc7-0c39-ab92-7cd5-4ddd7c1cc23c	1.0000	C

724	>b192ca14-45d5-1501-1d00-5c032cd615ac	1.0000	C

725	>df293fdf-5a86-5455-6db4-759d7cc83647	1.0000	C

726	>f4bdb5ce-65f7-baed-2aea-def6448fbd24	1.0000	C

727	>016eddf2-e073-e79e-c989-b373c0314f4a	1.0000	C

728	>8283c0f3-fb58-f805-ae14-20fa64b44518	1.0000	C

729	>28197b6e-1d23-443d-4666-1f4cac658b73	1.0000	C

730	>b7426fe8-ccda-77eb-f91a-5f7965e0aaaa	1.0000	C

731	>26912056-6280-7858-1513-24a5b4b3b94b	1.0000	C

732	>b6354064-2242-2019-e732-c3d24c87fbd9	1.0000	C

733	>742e4360-e9be-67a8-49d2-e9f23323dc5f	1.0000	C

734	>9e711b14-4c13-cbe2-17c8-2f16085ce3b6	1.0000	C

735	>bd6272d5-62d3-105b-43c9-17ea7eef038b	1.0000	C

736	>50d36e6d-34f0-2d00-0f10-68f105b6c725	1.0000	C

737	>d48abcba-2c3b-e517-ec06-48e160217ccd	1.0000	C

738	>4c09db3f-cce9-bcda-5fba-7b8234825661	1.0000	C

739	>632b519b-192d-9111-2b02-c1fe1b2dce50	1.0000	C

740	>0c4a09d4-75bb-3f9b-0170-7097c2f6008d	1.0000	C

741	>373cd672-85ea-b12e-1ac4-ece255fd8f5b	1.0000	C

742	>fa99332a-f125-590e-faa5-3a9d3bcaf66c	1.0000	C

743	>2065f3fb-30fc-c33c-65b5-a74b131c43a3	1.0000	C

744	>f6304bd5-2e0d-9b98-839c-4d00485db4fb	1.0000	C

745	>fbad8fe9-8031-51d0-89fd-fb2feb663f01	1.0000	C

746	>814682be-07f8-a542-5811-688c0bf5d730	1.0000	C

747	>78bbe4c6-af22-fdc5-6d44-d3167aa8bdfc	1.0000	C

748	>bd3935a9-ceb2-8d64-3b7a-b5832c99a870	1.0000	C

749	>77ca5292-0add-006d-dcae-48788f4f92bb	1.0000	C

750	>87a52fd0-fbac-5ebd-4df5-db0484cdcf71	1.0000	C

751	>49dc4334-74ab-9040-ebbb-4de56f030dd7	1.0000	C

752	>e084d10a-7015-d3cc-9607-82d07459170f	1.0000	C

753	>b10b1c1a-d770-af8c-5bf6-25960a76254b	1.0000	C

754	>5750e535-e978-e875-5bf9-85cc8df87ce2	1.0000	C

755	>4326869c-8676-b921-0220-64891cd06abb	1.0000	C

756	>05459caf-049a-e24e-6f04-677496d913a5	1.0000	C

757	>2ff424e7-18c4-ff79-34cd-c71d22023809	1.0000	C

758	>a445786d-50d0-26e7-abd0-d7fcc3136a3a	1.0000	C

759	>0d1f81b8-cf79-8553-2a3e-5acaa8dd17f5	1.0000	C

760	>72fef0d4-80fb-3a79-692c-1b2848b30533	1.0000	C

761	>abc6f82f-60f6-473e-918e-5a9372b4ff69	1.0000	C

762	>abe5d535-150a-f041-4699-1a0483ef0fac	1.0000	C

763	>7bcfd3db-96a3-87bd-7df7-98f737c17dd8	1.0000	C

764	>cde57b04-7564-8a09-94d0-086564957af7	1.0000	C

765	>3b4bb952-e53a-555a-c801-6c0da73f0f47	1.0000	C

766	>158d8336-154a-420e-e804-9e676bc669f7	1.0000	C

767	>56485000-449c-8bb8-bb98-9bb0a87cf319	1.0000	C

768	>93c27dcb-0676-cf64-8d11-32969114bc5c	1.0000	C

769	>a4bdc0ef-3089-08a8-0383-7188e3b07a3e	1.0000	C

770	>002eb8f4-5d76-e5c3-f246-14fc3fc790eb	1.0000	C

771	>4a4f920b-8b38-20d6-06d6-3f3bf0f19947	1.0000	C

772	>81f5aa0a-8088-9854-4e06-bf627ab55c25	1.0000	C

773	>8ae7636c-66d5-48d0-f8ca-18d89097315b	1.0000	C

774	>9724916e-4baf-cf6b-db7c-88140814d462	1.0000	C

775	>34bc4f53-1bfb-d358-9542-7e4a4966d252	1.0000	C

776	>8a555594-5aee-b483-0341-bb9496879dbd	1.0000	C

777	>a5e6a60f-def4-dd9b-f7ba-f0e81c8e012d	1.0000	C

778	>698ff0fb-d5a8-318d-5adb-adeec517cd94	1.0000	C

779	>5b448ffc-2222-c8f9-03da-57b3df5beabd	1.0000	C

780	>644f270f-678b-3eeb-eb26-716240daee9b	1.0000	C

781	>9d789edb-4ab2-2d2d-c621-08a2af5c3187	1.0000	C

782	>749bfd6a-cd6d-5c33-e212-39cc86df68fd	1.0000	C

783	>fcf9e38b-74df-027c-1775-ab0a9f134a89	1.0000	C

784	>b8ef1778-f691-72d5-9f9b-cd806a0146a0	1.0000	C

785	>6fcab4ec-c967-e631-e71c-a7d7b5b16b63	1.0000	C

786	>5f95b30c-8221-abfd-d74d-fab4a1e0e742	1.0000	C

787	>97d94111-a654-43b5-e9a0-c10c5e9ed7e6	1.0000	C

788	>97dd7f33-086a-3999-b3dd-9d55665f9d32	1.0000	C

789	>7eb2d1db-8cc8-1990-b109-7a3a1e6385c5	1.0000	C

790	>abec21ed-2885-a470-d83e-63981cf8a8b7	1.0000	C

791	>54d140e7-ee4b-74e8-55e4-fad1d40fdfdf	1.0000	C

792	>7c0f7e7d-f7fb-53da-69cf-5388eb22c498	1.0000	C

793	>df501504-2aa8-78f8-96ca-fd485d8fd34c	1.0000	C

794	>ac374c13-cfcc-045b-f7af-c9a4d0e92b71	1.0000	C

795	>f2de95d7-a554-de5b-a7d5-afbec4fa99b4	1.0000	C

796	>942132ea-98c7-2126-f476-6a215658cb33	1.0000	C

797	>6d5b7ed2-3057-39a0-1908-bf6c151d0360	1.0000	C

798	>2d77ae64-c3af-2db9-644a-9358260d49a6	1.0000	C

799	>aed4570d-7259-cf2c-7b7a-11366778880a	1.0000	C

800	>6b5013d0-9bef-ecd5-6187-597c9eb7c441	1.0000	C

801	>a1d2ca86-3c80-206a-c52c-84eff3ad555b	1.0000	C

802	>6b61b96b-be04-9fdf-1fed-0cff22fb7cac	1.0000	C

803	>35c75a55-fbee-0e65-2188-abb473a8bec2	1.0000	C

804	>1408b941-293a-9230-96e8-485a9f3f76af	1.0000	C

805	>1f1e09e9-029c-68c5-6c67-6c5c1bcf4245	1.0000	C

806	>216e2aad-2d28-5e7b-3fcb-78a6b21ec2b9	1.0000	C

807	>a46e31ba-0229-9d19-3a56-145bfabaf677	1.0000	C

808	>5dbd4b1d-2106-d0b4-59d4-e36262fb13d4	1.0000	C

809	>2bd2ab9f-9c23-0c51-5f13-ac225be1ff0b	1.0000	C

810	>bbbed4b1-cd0b-f8cb-9adf-381eb842adc2	1.0000	C

811	>ec42b273-9970-dc0a-1a43-5a727bbbcb9f	1.0000	C

812	>db63f846-3027-cddc-cf72-8c8c858d8389	1.0000	C

813	>122bedba-179a-3923-a692-ee8baa2dc4d2	1.0000	C

814	>0a79de86-c2ef-0db6-4f0e-519b4995a665	1.0000	C

815	>d2677691-f0e2-143b-47d5-79dd04a2de93	1.0000	C

816	>f969ead1-f255-98e2-9db1-7946a40697f9	1.0000	C

817	>7abd9174-78aa-43ea-34c5-e58702169c81	1.0000	C

818	>44ecfd22-e31f-425e-790a-c24616945bdf	1.0000	C

819	>02560784-1a4f-1bca-567a-d9ab32561579	1.0000	C

820	>8c556b24-37a0-2ae9-b4c8-2fbb4d3792cd	1.0000	C

821	>b1e3289b-d77c-794b-7221-ae0a7c0f7a12	1.0000	C

822	>1ccb02e4-2c0f-cbf1-7574-3f59514956cb	1.0000	C

823	>5db7a3bf-7e21-c896-4725-1d67e4988cd5	1.0000	C

824	>16d2fd21-74b6-4301-37c5-5246c750a38c	1.0000	C

825	>c7d8f531-c763-9695-20e2-eaadead15c17	1.0000	C

826	>1a7b083d-34df-bc3a-5a1d-0a52353a11bf	1.0000	C

827	>c3350f69-1548-c58e-fd56-52728679beca	1.0000	C

828	>d432b69c-e69f-c1a0-03ce-c38c082fe1f6	1.0000	C

829	>e0187ff4-8486-0588-7a15-c470cce6b688	1.0000	C

830	>9bfa296e-dead-2edc-7194-577ea2c30ca3	1.0000	C

831	>ef51a951-015e-6b3b-def8-d7a53aac4562	1.0000	C

832	>a2cb888a-328b-a6e2-81f0-0f7d22235096	1.0000	C

833	>0cc12a5f-a0d5-c2d0-8d70-5fc03ffbea53	1.0000	C

834	>3f1f72ea-a3e0-79ec-b51c-415de7f3966e	1.0000	C

835	>2f2bf4ca-5a6d-9fbd-b77b-396552582848	1.0000	C

836	>05dae58f-cfaa-f285-1136-67c144fff921	1.0000	C

837	>0a0095d0-e0fb-22bb-2bdf-90800b511d5b	1.0000	C

838	>02691b6e-0e67-4a92-d776-b0f80272c306	1.0000	C

839	>b2f7ba0d-15b6-b010-5fa2-d49fb0cde513	1.0000	C

840	>f7fe0cb7-497c-8869-1504-7aaf7fded49a	1.0000	C

841	>f30ddadb-9145-ec93-0c81-bbae07026416	1.0000	C

842	>55349736-c4cb-d464-1535-415c84941623	1.0000	C

843	>982c17d1-0d94-5795-0af4-66cecb3a2818	1.0000	C

844	>967db77c-d71c-13ea-9a31-f404149c5723	1.0000	C

845	>54b065a3-ffbb-3edc-8944-0d1cad358387	1.0000	C

846	>50d8c054-626b-dc99-0650-3590c54d9360	1.0000	C

847	>70a79454-acab-60fa-4de2-699ccc5aa05b	1.0000	C

848	>cb88b3ae-9ed4-6671-de1d-1a9d88ef0cf7	1.0000	C

849	>f9f17bd3-3341-9f2e-0fa9-8fa5bd5afd7f	1.0000	C

850	>0f1bd655-692f-e89d-2e99-71dd25f2a8d2	1.0000	C

851	>7cdcb57a-9ddf-02ff-c3eb-4d38823bfdbf	1.0000	C

852	>7d399008-6f37-ae6c-404a-c6555fa00c55	1.0000	C

853	>41bd774a-8efe-3343-9c33-0473dbdb09a8	1.0000	C

854	>1cee16af-51b2-2028-c7da-414020d80d35	1.0000	C

855	>46e1b0fc-8995-cf05-7006-6932d92dda87	1.0000	C

856	>ea622c0e-14d6-6117-03db-dc66ca81655e	1.0000	C

857	>e5aa5b8a-72bd-fde0-0586-5b57eabcfd75	1.0000	C

858	>77d7345f-960e-1dca-ee2b-d0753fa3e758	1.0000	C

859	>ba0569e8-b72b-f9b9-e2c4-7782fe3411f8	1.0000	C

860	>393da979-0310-a3c2-1054-36835eefedf7	1.0000	C

861	>bd8bb3e3-8684-e2ca-50fb-b225d2462034	1.0000	C

862	>d3c2f702-5e3d-5e5c-19d1-404e7a242c67	1.0000	C

863	>3b3eeef0-0f89-25b7-14b9-44be05d325ef	1.0000	C

864	>e0079838-d9f0-f496-078e-de9e386a4b3f	1.0000	C

865	>32ca1f90-8a1f-bcdc-978d-ee0856e89d71	1.0000	C

866	>8336535b-6a21-d22c-3257-902d8cec1812	1.0000	C

867	>e12a4398-c6f6-79c9-aefd-169cb9e9fc49	1.0000	C

868	>9f6b42a7-f271-a7a3-2df9-5f08b1656c0a	1.0000	C

869	>e016bf63-7e08-5d50-3e83-d91f2555515f	1.0000	C

870	>5c698136-7fe2-fac6-6b62-cf920b2abdd4	1.0000	C

871	>9a1f58c3-ef6b-b372-b155-a27b8874f2a7	1.0000	C

872	>30d6e492-5087-6f1b-edd2-0f685a53cbe8	1.0000	C

873	>0455193b-785a-4b18-32cc-eca3c59aaac8	1.0000	C

874	>5f41d213-43aa-034f-f1ba-fba7be44dee2	1.0000	C

875	>acd42e09-5a64-9047-4ab3-b29e8274c1dd	1.0000	C

876	>d826cf5b-95c4-5837-a2e4-455cf3f222fe	1.0000	C

877	>7415ddd5-b4ab-7031-140d-4081ca7675d8	1.0000	C

878	>9d84ed87-747d-e6a7-4130-420f8b631065	1.0000	C

879	>3b6cc0bf-f089-39e8-141f-56a1adab430c	1.0000	C

880	>1f315b76-70ab-71d1-708d-2edfa43126db	1.0000	C

881	>4e0be93e-55d8-f06a-8e71-074dd99bce1e	1.0000	C

882	>e825a1d4-f09a-b79e-f6bd-3563fe4a3ea6	1.0000	C

883	>e21033ec-f223-38a5-03c6-f5e6ec9ec4e3	1.0000	C

884	>bc83891c-c364-60f2-2346-6ca23e2ed59e	1.0000	C

885	>0f8d9a57-de51-be2f-b95f-598f5160ccdd	1.0000	C

886	>4d4e264e-857a-b380-30b9-e4ece39d8db2	1.0000	C

887	>95f839c7-5866-8a2e-f517-287c4fa42539	1.0000	C

888	>2de09f1a-8adb-5baf-6a96-39fa135350a7	1.0000	C

889	>b9cd8508-c4ce-65e1-686d-fd9ed8458dd4	1.0000	C

890	>d164eafc-3b41-edf3-6f90-8af5585f4c57	1.0000	C

891	>c0250480-5a71-add2-c6de-19fcca291304	1.0000	C

892	>3a1d3b45-9bc4-7239-52e2-a453588f8a97	1.0000	C

893	>6b0455d7-e723-daf0-b9ba-1e95b26a65ab	1.0000	C

894	>b5d8603c-6a52-e8cf-8ad5-ed8221f65e1a	1.0000	C

895	>df651bc6-8d02-30a3-f469-91a095029b8f	1.0000	C

896	>3995d759-5716-301f-4279-1d96972626ec	1.0000	C

897	>d805eaff-4b17-9df5-324d-b6ed94b6b63e	1.0000	C

898	>7b1d7594-41e0-05d3-cd65-28e24cd8b9a7	1.0000	C

899	>209712ad-890a-35ac-22e9-fad21b62d1c0	1.0000	C

900	>da7e20b0-29fc-10ed-d020-d4915fe5a2c0	1.0000	C

901	>c4c4d629-6f75-e7aa-9d6b-2f21fb60f4e6	1.0000	C

902	>93221994-0045-1ef4-06ed-5d975ce6c5a1	1.0000	C

903	>b37eed25-2719-bd48-32f4-7f0ef6935fc8	1.0000	C

904	>cf156458-d8ac-82a6-0cf2-02f46fc1c5bd	1.0000	C

905	>6ce7fdd0-09f5-b35e-4ea6-81ac5831a27c	1.0000	C

906	>38cbc464-26df-d37c-f954-cad8e7b370e9	1.0000	C

907	>63662f6a-ccc2-fe40-b25c-6842e708f62c	1.0000	C

908	>3015dbed-7011-42c5-7853-81ab7ec6c3a1	1.0000	C

909	>a2c72fb5-87dc-f096-29be-ef10a4539d39	1.0000	C

910	>be999226-e8d6-0c89-1b90-b65342a40cae	1.0000	C

911	>cffcfe11-5ec0-34a4-ecfe-e4fc0d8aa047	1.0000	C

912	>1498478c-a6ef-5b52-8e23-d626ecd47e6c	1.0000	C

913	>ece20a3f-3632-15f2-3707-db85b9035f74	1.0000	C

914	>1da75ce9-6ef6-caa3-9389-3ab594b64e59	1.0000	C

915	>b0196156-ef97-f8f3-dc28-fe2100906a08	1.0000	C

916	>816e486e-33a7-6586-6eec-b409bf2154ae	1.0000	C

917	>03faf08f-57d1-384f-4ff9-09a5aa8872bd	1.0000	C

918	>6c0f7e7c-9441-d682-6721-f87906ba794d	1.0000	C

919	>58d9ef51-e3e3-eee7-4c0a-58441836d14a	1.0000	C

920	>8cc01387-8b91-6773-f3eb-c7487584febf	1.0000	C

921	>3a81c3d5-9b47-f0d9-c92c-2735b906c469	1.0000	C

922	>f9298219-665a-c07a-6a35-a776a2ac7515	1.0000	C

923	>ec030fa9-c952-57ab-6218-4f9503173531	1.0000	C

924	>0e1003b5-5a80-10a2-79e1-2033104c8a46	1.0000	C

925	>a74fb35e-97e9-ab9a-f598-99a63699bd60	1.0000	C

926	>25fe6fac-045b-e1ca-5be1-81175e04eb33	1.0000	C

927	>02b3b2ab-4923-6432-babf-fc2304c1bc6c	1.0000	C

928	>34b51d74-23f0-a0b8-a7a6-8fc990d432a8	1.0000	C

929	>d441c236-6383-2a48-b092-4a7ffcd6c19f	1.0000	C

930	>d0009e67-1168-404e-3886-0203b827c8e8	1.0000	C

931	>be88324c-5652-5fcb-e171-12777802038b	1.0000	C

932	>8ecb8444-8dce-1e20-086f-af156e60dbf8	1.0000	C

933	>c85865e6-b70d-a7da-4e39-e4d57004689e	1.0000	C

934	>99d50bc3-2283-5649-c570-3b16ee23a696	1.0000	C

935	>3b4994a2-a7e4-c14b-146d-0e166309a2fa	1.0000	C

936	>b6807581-cddf-f965-0887-c48263336362	1.0000	C

937	>3731a671-1a2f-f51a-466a-a5b6e6d88c1e	1.0000	C

938	>bf899de8-5e7b-4135-c879-7e9ea36a754b	1.0000	C

939	>f607098e-68b3-ecbb-317e-fa8ed377fbb1	1.0000	C

940	>3a56ebcd-a4ca-2858-7fe7-7731d21b57f3	1.0000	C

941	>417692fa-ae5d-9a69-f2cd-9ce3355740c8	1.0000	C

942	>c172aab8-d7c5-1c09-d10e-45d2c987e5e9	1.0000	C

943	>76e1002f-ff64-7035-6ba4-03393ff3100c	1.0000	C

944	>01d3a7b1-7b74-703d-7650-808dab71112e	1.0000	C

945	>fa23c876-9204-a525-f9e4-d78ad59fd498	1.0000	C

946	>5502d46a-0164-2c19-5746-45e1b164a24f	1.0000	C

947	>d20dfcaf-ac5f-b81c-b7d9-595fc60d9201	1.0000	C

948	>5a4fc6bd-d5b1-091c-9b04-3cff1fa9c4a6	1.0000	C

949	>50ffabe2-2842-cfde-266e-abf92cd6a6d5	1.0000	C

950	>4302b3a6-e913-019b-60fb-09ce5208c3e9	1.0000	C

951	>da67d446-7daf-efa1-98ca-cfc935948126	1.0000	C

952	>b0af2482-d681-e333-8b17-83250acef255	1.0000	C

953	>1024c8c5-e92d-7299-f58b-af14b07c95d3	1.0000	C

954	>68cd8db6-12e1-200c-a1bf-2bb0a99105c1	1.0000	C

955	>4e3ffbb6-0088-36c1-a721-134c05c650e3	1.0000	C

956	>745ca278-62b5-4843-4d52-7aac6221f5e3	1.0000	C

957	>9ce133a1-1af6-984f-79b5-406f1a394e81	1.0000	C

958	>5c515ce3-72a1-eb06-686f-7c5062b848c0	1.0000	C

959	>31a3b58d-c7bb-0e58-32ea-d7833c31142f	1.0000	C

960	>835a840e-74ce-3986-7a1e-3ed1216aadc4	1.0000	C

961	>d81bcd9e-4030-e1e0-19e4-2434cd409344	1.0000	C

962	>2e096be4-6167-825d-f911-b135b8ade253	1.0000	C

963	>f246a1dc-b0a4-b593-d99d-08601d7c3535	1.0000	C

964	>89ff6291-7eb8-94fa-6ec9-a78178fadd5e	1.0000	C

965	>8885727f-0ccd-82b0-a47b-5a12868b1c8c	1.0000	C

966	>57721eb7-e394-e403-6d65-39e889036cf1	1.0000	C

967	>cc3c7a2c-3fae-597c-77b4-95804b3196b6	1.0000	C

968	>930c14e0-9f1d-1109-e662-7d3c79941502	1.0000	C

969	>ef46062f-96d9-85b5-7954-e180e8378997	1.0000	C

970	>d9572b11-d598-c57d-c1ac-07c2f9b4aa55	1.0000	C

971	>22bea549-e5ad-f841-31c7-66b48968de68	1.0000	C

972	>c90a4070-c610-efca-8fca-e8ebaedb7954	1.0000	C

973	>80e804e0-fdff-dbfb-4276-554db088a996	1.0000	C

974	>92097271-46f8-3b17-61d3-b6bb900eb414	1.0000	C

975	>1e390979-14a8-1906-3ae6-f0f61394d080	1.0000	C

976	>1f3ff00c-f969-6d2d-60ae-f44f2dbf60ae	1.0000	C

977	>98bec4c2-1824-44e1-ef3a-b6a6bc51a2d4	1.0000	C

978	>991c1c20-aefc-2e52-f54d-975998efe596	1.0000	C

979	>3c803ca6-6239-2085-5bc2-4a0fd97a3c9e	1.0000	C

980	>cd704599-2616-92df-ace5-c825bf740a56	1.0000	C

981	>b4a0aa58-14bd-921e-f6df-a9bf20a351cc	1.0000	C

982	>df5b2638-0d1a-3ae7-80b8-39c3e988f8dc	1.0000	C

983	>559e5052-5415-2e28-2dca-d39bfb5dba1f	1.0000	C

984	>9d43386b-ca92-4448-fe81-2c421ee53a98	1.0000	C

985	>fdf876ee-fbfa-cd3b-b214-b80e496fc301	1.0000	C

986	>b4445ca9-3358-fe79-fa5b-b73dd7e48cb1	1.0000	C

987	>c901918b-cdc5-39c0-36bb-40804ed496df	1.0000	C

988	>8eb79606-b23f-ee95-4a4f-d2818405269a	1.0000	C

989	>49d63e27-9ce7-f82d-7798-172b50669792	1.0000	C

990	>2f9dd615-e46c-a4f8-b269-0bc398f83ddb	1.0000	C

991	>7d0574d7-3b28-58c6-221c-a0f292c83a76	1.0000	C

992	>7f3474d9-b40a-d3ca-706a-6855e1afceee	1.0000	C

993	>28395893-363e-154f-30dd-a02168a1ac43	1.0000	C

994	>d6beb22f-f2c4-5e59-1c10-6e725f8ab625	1.0000	C

995	>e30ba8d3-5284-f878-0fe0-c82ffebd616d	1.0000	C

996	>21ecbb82-6f4d-9ff0-4760-a2f0a0c503ce	1.0000	C

997	>dbaa49d7-ed22-235e-fe54-b454c06c7f0f	1.0000	C

998	>37ea9681-9161-1143-993b-ebcd9126c3b8	1.0000	C

999	>7d98e339-5736-1f7c-1135-937580639814	1.0000	C

1000	>4b99ef9e-a996-48b5-ff4e-07e3477b33fd	1.0000	C

1001	>f779e3e6-bd78-dbc0-5441-d0b0c4a9580c	1.0000	C

1002	>dbdba8c8-d2f7-2c03-dbb6-0bddb5c565a4	1.0000	C

1003	>4e453140-d0dd-0817-9ec4-c0308657fb93	1.0000	C

1004	>53c6bd09-5a0a-1aeb-a598-195e803e038d	1.0000	C

1005	>b19df918-6950-78fe-67b9-382431930f84	1.0000	C

1006	>864df2e6-fd41-b676-fdcc-c532630b79a1	1.0000	C

1007	>8bbb0869-1343-bd89-fb97-ce8e7ddda243	1.0000	C

1008	>7eeef07b-783d-2890-ea63-962ed16269bc	1.0000	C

1009	>95f4e75f-da0e-8d20-16b8-964f11292117	1.0000	C

1010	>bbd25415-cf85-e98e-13e4-a8c5f46bffa2	1.0000	C

1011	>07e41ebb-f6ec-68bc-03c2-a8d5ef1f2929	1.0000	C

1012	>61ca5c9d-42f9-183d-d110-520501185f20	1.0000	C

1013	>51333b94-59cd-efab-651d-fedf740d808d	1.0000	C

1014	>9231a84c-2c9d-66da-5c3d-31d3cedc9b76	1.0000	C

1015	>bd738dd0-b956-99ad-4db9-202a0e6e597a	1.0000	C

1016	>858c95f9-478c-a8c3-b7f8-9d9e2f636fff	1.0000	C

1017	>eea3aa3e-5ded-7469-57a9-3aad5ca57332	1.0000	C

1018	>b16a5d6b-b50f-4323-bbf7-501b1ea979b1	1.0000	C

1019	>12367831-d129-ccc9-8396-57797d79638a	1.0000	C

1020	>d90ca766-9c83-32fd-835c-c1a064433460	1.0000	C

1021	>3a3ac0ec-f645-7692-98a4-22c37b578dd2	1.0000	C

1022	>7a452eaf-67d6-c7eb-b7bf-6a7076423226	1.0000	C

1023	>c669bf7c-ffb8-822d-98c4-9ca7705c6e0f	1.0000	C

1024	>19683a6a-dd9d-6b63-c63e-bbbfb56043a0	1.0000	C

1025	>581263f5-3430-be71-e7ce-c21fb4589522	1.0000	C

1026	>ac699e88-549b-24c5-2723-6cccfbead135	1.0000	C

1027	>7f911898-8262-c128-b889-6f83467532ec	1.0000	C

1028	>bc0b5e72-1014-6407-7a1b-cf993f7a6fb8	1.0000	C

1029	>f93aee08-2190-5bbf-45fe-e1ddfab0c888	1.0000	C

1030	>76e745b5-c842-f9e7-99d7-d393efd6aa8d	1.0000	C

1031	>56619b08-0f23-e988-7766-f4a13d3e7821	1.0000	C

1032	>5c45eb1e-6cd7-ead1-f3dc-cf5e0d0ea1e4	1.0000	C

1033	>98f7ee88-a004-703f-f932-8284c23479f2	1.0000	C

1034	>c7bdbfa5-86a0-71da-4914-504bfbb7e7c2	1.0000	C

1035	>564a6465-791e-7cbf-6a9d-fc827ae8deb8	1.0000	C

1036	>ffb0c33c-4f76-4aef-0519-3d670c91ceda	1.0000	C

1037	>3ef314e6-ac3e-eaac-887b-2daf7dbea8f3	1.0000	C

1038	>9455e5d9-e0ad-7b7a-115b-5a574dc51c34	1.0000	C

1039	>8cb3b65d-d73e-2899-9f29-24e48d4cc4f6	1.0000	C

1040	>21f1e98a-2e9c-4751-755f-927dd7081fce	1.0000	C

1041	>b8a34574-15cc-4e0b-824d-664bdecfd96e	1.0000	C

1042	>159757a2-3f03-721b-8f66-7fc81f38a394	1.0000	C

1043	>fe0041d6-e3aa-ad55-8217-2a9631ef35d0	1.0000	C

1044	>491e6f81-12b1-7536-97dd-1a85cdc9711e	1.0000	C

1045	>8f941561-fe75-25ac-bd80-2eb4f169a6b2	1.0000	C

1046	>e4a77093-367a-fd50-a39d-6a43533466f4	1.0000	C

1047	>aa349ecd-9809-d3c8-60a6-0d49d7afee1a	1.0000	C

1048	>4b90c0ec-f827-0eac-880b-d4e01df0b691	1.0000	C

1049	>8a962878-cd51-3a4d-f377-79ef8a301ff9	1.0000	C

1050	>ab48f028-a795-aca5-ee30-2592763395ad	1.0000	C

1051	>3200a110-594b-4d01-935a-9bf4fa68a9d9	1.0000	C

1052	>a9255688-0140-b378-f266-23480c14b608	1.0000	C

1053	>af7639c6-fa3d-da5a-2b03-c4b03872704f	1.0000	C

1054	>bd4eaaa8-669a-160a-1300-272230be1ef3	1.0000	C

1055	>abf36274-3a8e-248c-573e-11a08a217d06	1.0000	C

1056	>a83f3952-5767-813a-eb16-4b91f05fd8b2	1.0000	C

1057	>394f207f-2d32-3f87-f03a-cb8cd5576596	1.0000	C

1058	>775d642d-5416-0d00-d5f9-c009dc27fe29	1.0000	C

1059	>1d3f89c1-dd30-b523-bcef-f9aee0ffeda5	1.0000	C

1060	>95d0244b-9696-ea90-9b6e-cd2baa0afa92	1.0000	C

1061	>f6d653b5-697a-c139-6e0f-69e6e9e1e38e	1.0000	C

1062	>a498e1c3-d04f-3863-c2fd-9bba3499f69f	1.0000	C

1063	>f80c1423-140d-ffd4-d11a-bb4fe05fbe03	1.0000	C

1064	>e7ac45ea-27b8-108d-e4c1-596f9ea8c5b2	1.0000	C

1065	>71e9dc3d-4ac0-93f2-3f66-906d9fb56448	1.0000	C

1066	>3c7f2e28-79f3-b209-1637-b7a9e87d3b09	1.0000	C

1067	>25a3f48c-7243-b261-eb15-63f9a9e8c8c3	1.0000	C

1068	>5c062c69-1712-42d9-2185-c96b097be9d5	1.0000	C

1069	>11f94597-edf7-0b00-2ced-6b1d7eaf0bb6	1.0000	C

1070	>bab18453-4726-a739-bb75-786a63cc0489	1.0000	C

1071	>2fa855fc-3b6a-8cc9-8b9b-3c1df0ae5af5	1.0000	C

1072	>4dbee6c3-d581-8db3-56b5-de80114fc6e3	1.0000	C

1073	>aaf356d0-8d90-a9be-9ef6-fce3583141fe	1.0000	C

1074	>df6da97e-9281-beb2-772a-b5f9980b3aea	1.0000	C

1075	>49c0874b-c165-7225-7f90-b009b437207d	1.0000	C

1076	>26242516-6e87-8e0e-9fde-9e24311613be	1.0000	C

1077	>cff5d390-cc00-0278-d577-9c25acbcc691	1.0000	C

1078	>47fff8a0-f6d8-0ede-75ff-b9d678bcc665	1.0000	C

1079	>5434e268-1a62-4325-37fe-edf33181d52e	1.0000	C

1080	>701f87bc-b7e0-cfc2-344e-f4f2f2226391	1.0000	C

1081	>73453b82-061e-9483-74ad-f70a42689d02	1.0000	C

1082	>2c2c7bda-2bd4-55df-9f64-3e3341b6586e	1.0000	C

1083	>6d749bb3-59bd-56de-d4a2-4acf5fbb3d1d	1.0000	C

1084	>2c4aa66b-6316-243d-b462-da32e5e1762d	1.0000	C

1085	>c086d7ca-49df-3df0-5279-cb88924d6799	1.0000	C

1086	>959e5780-66a8-6387-fca9-73eccb7879dc	1.0000	C

1087	>9dcae0dd-8c31-7a34-1b39-f9e84d84889b	1.0000	C

1088	>ca47b64f-6611-c55d-4155-0a49e1fb5d67	1.0000	C

1089	>3d16530d-479a-c3ad-1a02-7e40cd71699c	1.0000	C

1090	>e4ab3c86-d742-00cd-09c3-ba94ffb6015c	1.0000	C

1091	>09e55166-fe56-7ac5-6b68-b1eacf607a83	1.0000	C

1092	>c7d6eda6-9c8c-683c-c26e-747d5c5a27bc	1.0000	C

1093	>4ffb7a25-be1e-9e24-4906-225e11a0782b	1.0000	C

1094	>4a822027-37d1-3fd6-1641-9dc982acd41b	1.0000	C

1095	>643a1cb7-a8ea-9aa2-54a7-dd476ac88388	1.0000	C

1096	>fde34bf6-18d3-b081-897f-1e4bc63f2ccf	1.0000	C

1097	>1e6acdd4-d6bb-537e-448b-e5ac16c1f902	1.0000	C

1098	>d70f5843-04ce-3c0b-9350-d2259149f0a4	1.0000	C

1099	>03b42059-4705-b314-f6ab-044428a3521f	1.0000	C

1100	>fab0c3f8-5ca7-ec18-00e0-cf95d174135e	1.0000	C

1101	>40663840-7175-530a-aa5c-0cd697b3dcd3	1.0000	C

1102	>438b228e-c628-f114-53b0-713a821e4d9f	1.0000	C

1103	>fbb280fa-1f72-9d98-3b1f-0ac72a590777	1.0000	C

1104	>3b8c8cb4-7297-29b9-461e-fde34cdb5cd2	1.0000	C

1105	>eced590f-4f1a-a858-4203-7dfb06ba45b0	1.0000	C

1106	>f43439e2-c42d-8a7e-2418-f95cb402f51c	1.0000	C

1107	>a4e6bb09-4661-873c-5c89-730c50bed487	1.0000	C

1108	>31712cf3-833d-c56e-5211-a13699d69c81	1.0000	C

1109	>27a9367e-8377-ef8c-7366-e3e09b222b63	1.0000	C

1110	>3dcc141a-bf67-560a-1ef8-ef6f0d631f38	1.0000	C

1111	>b8d91487-28a2-e52c-ef84-08d59b424797	1.0000	C

1112	>9244d9c0-a0dd-456a-48b5-1241bea5bc55	1.0000	C

1113	>dad68e97-769f-24c1-113a-8058ba841c61	1.0000	C

1114	>f0a185ae-c5a5-5063-b60d-47a86c802c4a	1.0000	C

1115	>628c089e-a74a-f7ba-731f-e81b56584d67	1.0000	C

1116	>0244d8af-24b1-de8c-8689-69a8998eaf90	1.0000	C

1117	>cb458e38-1436-e37d-b35d-6b646a59703d	1.0000	C

1118	>c4b2b4a7-1de7-f2d3-f46f-286c64477b58	1.0000	C

1119	>9994f3b5-06a4-b07d-2e85-134d20cdf0ec	1.0000	C

1120	>84ca9d2a-8355-32b2-3559-63374cbd0e8e	1.0000	C

1121	>88338b45-6843-e228-83b1-8ee6a43ae2be	1.0000	C

1122	>002c4c3d-2068-9981-470a-36b24147647b	1.0000	C

1123	>d2d735d3-7c57-c0ac-1fdd-2eb14088b5d5	1.0000	C

1124	>a5985709-bb52-f601-d490-35221bfcc5c7	1.0000	C

1125	>40644c18-dc4d-148b-11f1-16742556f7ca	1.0000	C

1126	>6972ac65-4659-c29c-b0e6-577c0c87c553	1.0000	C

1127	>957f7f9b-cd06-efb9-6fa5-8559c9bd38a0	1.0000	C

1128	>c53e6bc7-2426-89d3-81f7-6db33f4d824c	1.0000	C

1129	>54496b7a-d1b4-8f0e-c11b-cc0c13d7de6d	1.0000	C

1130	>563e8a29-76aa-c958-d4ff-40324745f187	1.0000	C

1131	>50d75c10-ee01-3cc8-38c6-db32e7ab1360	1.0000	C

1132	>8985850d-c8b9-014b-253e-f7461af892e1	1.0000	C

1133	>72c104e6-f149-1e72-2933-db1fc9f2e642	1.0000	C

1134	>dfc513bd-dbb3-45e3-345d-e2ba78a5074f	1.0000	C

1135	>a6ead382-5050-c0c4-48aa-1a16e299974a	1.0000	C

1136	>f6439a5b-810a-f98f-ae45-835a7203645b	1.0000	C

1137	>5824b3c8-65c4-15a4-2c59-b9ce3d59d85b	1.0000	C

1138	>58969a68-af41-e077-b1ba-4bbfceb86e1c	1.0000	C

1139	>923c7bf1-0cca-b4f8-506f-e2a4399077c6	1.0000	C

1140	>5156da8b-8740-817a-f1cc-fe2f3a29b75e	1.0000	C

1141	>d5ed72b0-1013-a4c5-142b-46c10e60fea8	1.0000	C

1142	>850a0f37-8dd6-342f-8c99-2e8f4306ca52	1.0000	C

1143	>84051806-2de4-23e1-728c-9ae15d793a25	1.0000	C

1144	>40504b33-73eb-7a6b-9ba8-4a963dcc91f0	1.0000	C

1145	>2b93ee7c-2ccf-7c47-f63f-39b922921df4	1.0000	C

1146	>07c3ca8c-1983-c8f7-f78f-7b60821bfa6f	1.0000	C

1147	>56d87c6d-1b5b-12e9-f803-59cbf094610b	1.0000	C

1148	>5e037a42-b319-b06a-794d-1e40a2bfea14	1.0000	C

1149	>d3a711cb-96c6-2e8b-a12e-47d9dbe62bea	1.0000	C

1150	>2f65174a-feb5-e43c-5b01-8bdcf561cd5a	1.0000	C

1151	>02c6e219-39e2-bd82-2afd-76bdb31fd393	1.0000	C

1152	>2993b4ff-72df-ab8c-9933-78de8fedd7f2	1.0000	C

1153	>dbd905d5-fe77-a2e4-ec8c-45d117415fd9	1.0000	C

1154	>2a5cc7e9-38ca-8f32-6723-1f10d9714562	1.0000	C

1155	>7a3a71dd-59eb-9118-431a-4397cb9aa614	1.0000	C

1156	>8538ee36-cb49-f12f-c5ef-75dd24d6ec24	1.0000	C

1157	>b9e6e98b-005b-3b75-9f24-43f67d60337c	1.0000	C

1158	>0819fbfb-92fd-b550-9f5b-e8def185c9eb	1.0000	C

1159	>bc28356b-a01f-f551-f5e6-04c661824d3b	1.0000	C

1160	>769715e4-1532-d793-eb0c-bf4f6300a247	1.0000	C

1161	>0f750930-b5a8-d33e-d135-ee3aa01121c7	1.0000	C

1162	>69c1e851-d876-87e6-f3ac-5c190215d2cd	1.0000	C

1163	>998e09a8-509d-0a68-e878-4086842f82c4	1.0000	C

1164	>60cf0074-3d39-94b7-b534-104c4532f922	1.0000	C

1165	>e42d2ca2-4666-a9c2-195d-affaa25959e2	1.0000	C

1166	>3aa2f9dd-0b29-8dc1-993c-816cba2228f9	1.0000	C

1167	>18d55fe7-061a-6b62-673b-f0232543b5aa	1.0000	C

1168	>298a341a-d619-1922-1bb9-86e3ea9b745f	1.0000	C

1169	>149ef3ad-52e7-4690-989c-d68ec4dab5d2	1.0000	C

1170	>1cec2c9b-07f3-919f-80bc-aa72a55a5878	1.0000	C

1171	>d634c671-3474-809e-f940-72e20b2ebb9f	1.0000	C

1172	>650382ca-9cff-c26f-b8c6-d2bfc995a303	1.0000	C

1173	>73234871-755b-4c96-ace1-7d82ec927088	1.0000	C

1174	>8bc82087-85fb-48ce-0f46-4863fe8c467a	1.0000	C

1175	>131391b5-0727-ddab-4473-2b3d61cf2483	1.0000	C

1176	>65936117-da7d-1720-89e4-76181ce43b16	1.0000	C

1177	>2db85c72-1b3b-d7e0-35b6-29f8eeaca210	1.0000	C

1178	>6aa8b940-fcb2-a722-ddba-f993daabb8fe	1.0000	C

1179	>8bd84d2e-0ad8-d1d0-9c7d-700d583d0518	1.0000	C

1180	>81958d7d-5ba3-7005-6f85-f6c1756e59f1	1.0000	C

1181	>765ca981-5830-85e1-6ba1-0f9f70f33607	1.0000	C

1182	>f984f924-6266-d8a2-19a7-5e3fb5616eb6	1.0000	C

1183	>88271ec0-7323-ae87-d9bd-b946b724c16f	1.0000	C

1184	>ac4ba2d8-398d-74f9-a4e3-271401da0857	1.0000	C

1185	>466bfa1e-8f6c-3ae0-838f-906cf109e2e3	1.0000	C

1186	>66881849-7f36-e967-33ce-23528d1fea20	1.0000	C

1187	>3c814b21-861a-2cef-4195-146dcba74d1f	1.0000	C

1188	>cc1a6fe0-7f67-f19d-c490-08e415ae50be	1.0000	C

1189	>56327bc3-1e9a-09a9-e006-548716c7a396	1.0000	C

1190	>f7ce3b1a-71e7-d2d0-116d-9c1e5f1514e2	1.0000	C

1191	>d2786ff0-f946-4998-291a-1f032f046c4d	1.0000	C

1192	>661e994c-186e-4a9f-f96e-9a94320c092a	1.0000	C

1193	>c81ed8a0-ca73-edee-c320-ffa562c77721	1.0000	C

1194	>b5d1191a-c6e2-66ea-48a9-acd231ba3c13	1.0000	C

1195	>dad241da-c328-918e-96b0-a9ae0c3d530f	1.0000	C

1196	>4720dd0d-766d-09f6-aca0-49a58c6dbfe3	1.0000	C

1197	>4a462d2a-1b6f-30d2-d891-5880532d2f44	1.0000	C

1198	>0bc24040-49b3-0662-57d8-649b875ee01e	1.0000	C

1199	>d3c214cc-1481-5ace-63f2-f8d1c72234f6	1.0000	C

1200	>9d0952eb-43d8-316f-fdb1-581711a20688	1.0000	C

1201	>db4ed9af-88bf-8915-94a6-8b84672f9e22	1.0000	C

1202	>51507e05-f3b6-fd40-2b39-f84fc8234a64	1.0000	C

1203	>1d10ebff-ad6d-fa53-f094-9ee5f2439695	1.0000	C

1204	>e1a43415-285f-285d-d870-85768bbc666f	1.0000	C

1205	>8c3bd066-3e5b-c280-5c11-6fcbf3202f0e	1.0000	C

1206	>93717a67-d83f-a33f-1b2c-9463b70bcbf1	1.0000	C

1207	>2ba9cbdd-dac7-b7ce-1143-9e4ffdd76e9b	1.0000	C

1208	>d47fc8ba-785e-2c3d-8706-26e81034fb2a	1.0000	C

1209	>2b116d45-681e-6c0e-f601-7f849a58b9f6	1.0000	C

1210	>4270c9ed-6a7a-38bf-e256-1e0a427cfc6e	1.0000	C

1211	>32c7a100-8b47-608c-0715-5cd36ac3ca44	1.0000	C

1212	>93e3e30e-e821-5593-07f3-21d2b818cf3e	1.0000	C

1213	>3027bd94-19b8-4091-d940-048b3bbf2ea6	1.0000	C

1214	>01b788bb-e7e6-607e-d903-5b8534671482	1.0000	C

1215	>59f68d11-8e81-0823-1531-64941b9ca3e9	1.0000	C

1216	>82f7baa9-e3ca-c25e-ef3e-3b07d1ad0133	1.0000	C

1217	>92c63ba1-e69b-3165-286c-cb684273d3d4	1.0000	C

1218	>2a6cad58-3b6a-e4c6-df69-1f2bfe6195ef	1.0000	C

1219	>80bf2226-3160-a6e6-9cf1-5a92ee217d40	1.0000	C

1220	>23bc8749-f5a2-9bdd-b418-44bf4c45bbb3	1.0000	C

1221	>21001406-e17d-b41f-7a1d-6b5a421619ab	1.0000	C

1222	>50dc4892-f53c-0c87-a27f-28e0afed860d	1.0000	C

1223	>1c279993-9ce3-9f04-1902-176abf02029c	1.0000	C

1224	>5eac66e0-9f79-ce1b-0b5c-585d07f9e815	1.0000	C

1225	>e2382530-3bbe-80d2-6abe-49b1b70fcc54	1.0000	C

1226	>f68b7986-2a34-0618-d361-f349b9c44345	1.0000	C

1227	>b3da9f39-db43-10aa-fbe5-ee7acb7a9d6e	1.0000	C

1228	>e1d56e56-8e2b-7385-168d-db3fa1444f0a	1.0000	C

1229	>05ad6297-5cce-0ebc-2fe9-687c4fa293fa	1.0000	C

1230	>2c2def6d-8802-d51f-4caf-1bdd92576b2a	1.0000	C

1231	>4970dea4-9eb8-80dd-fc05-add02a34efba	1.0000	C

1232	>428340e3-fd27-5a18-385a-babdb16a7ec8	1.0000	C

1233	>5f29439b-86aa-387e-5a7a-f7cd35bf5a8f	1.0000	C

1234	>684f0168-517d-dc30-d2c2-88b1abe6c00d	1.0000	C

1235	>f40c003c-6abd-6160-30b9-a3f8dc8ab437	1.0000	C

1236	>3b3d8efd-bdaa-e229-1031-4ea33b8f3003	1.0000	C

1237	>11a312e2-4a3b-2035-d381-ce7faf4a0d1c	1.0000	C

1238	>a59633d3-ea28-f3bf-1858-cdb0572d529a	1.0000	C

1239	>1fb11b33-2b59-f5a9-491f-4d026b543f31	1.0000	C

1240	>98d65e85-d764-00c9-43e1-3b3c3dc785ea	1.0000	C

1241	>f66ddd63-1920-bc82-b9f4-b0ad152a8059	1.0000	C

1242	>54e6216c-e3e6-ff88-3115-6a179db5b208	1.0000	C

1243	>a475c28e-05b8-b9bb-812a-103233ddc8d9	1.0000	C

1244	>c3577f19-3643-9b3b-9e1d-6e1765b5ab9e	1.0000	C

1245	>3d902752-e629-3f65-1890-e31debfd9613	1.0000	C

1246	>6033a2dd-056c-e900-1851-c36d533cfd5d	1.0000	C

1247	>2a0f5e52-5ee3-8743-16f3-f5e3ea6384ed	1.0000	C

1248	>12ad1538-bfdb-de15-f1f8-c6e0c7a1eb9a	1.0000	C

1249	>5f266084-fdd5-96a9-eaa6-26f03725dcc8	1.0000	C

1250	>7242049c-826c-a0f7-8c6f-d5c768951587	1.0000	C

1251	>3f902d55-ec9f-8b8b-3a64-48aa6d10030a	1.0000	C

1252	>888eb4a6-d5cd-da2d-c7ce-b29f529f1ca3	1.0000	C

1253	>5a403e94-8e94-c6ce-a0c3-7e7af9da3b84	1.0000	C

1254	>bb7ad34b-dff5-c94f-5adb-8f40391f3119	1.0000	C

1255	>dc038e70-3d15-2afd-f636-676243d3ad16	1.0000	C

1256	>0350897e-519b-8231-165e-f9e27726ee1d	1.0000	C

1257	>92df4e2b-11eb-5ccf-198f-2c9609941201	1.0000	C

1258	>714c53da-1501-97ea-e035-2599d00f0130	1.0000	C

1259	>e14420cb-df50-05cd-0072-6fafe2ead36a	1.0000	C

1260	>98a2d17a-3bac-a77b-93e4-1d147fe10daa	1.0000	C

1261	>85adf02d-081d-b9a7-936e-7d55572eb599	1.0000	C

1262	>7c8dc019-5673-f498-6dc8-9312b7a4c8f1	1.0000	C

1263	>d787ce55-bf88-6523-50e8-f5f103084c3c	1.0000	C

1264	>13dcaca6-a2ba-b8e0-fc16-7ae40495ea95	1.0000	C

1265	>7965dd00-4a48-9005-4cd2-4f14be60c4a9	1.0000	C

1266	>a5768b5c-86ef-3873-89a8-d73681122c69	1.0000	C

1267	>5c5af147-2461-cd73-e485-bead1c32ed65	1.0000	C

1268	>8aeb3529-aec1-bb45-225d-c44565a292a2	1.0000	C

1269	>c6dceb63-609f-d2c1-b9f5-72d9fb36c7cc	1.0000	C

1270	>dd780734-7aa0-a52c-824c-e088ea1d8da1	1.0000	C

1271	>277c6c5a-8a27-057e-4421-3e4733247297	1.0000	C

1272	>17d634c9-ca3e-1b34-e682-a4e898ab7dfe	1.0000	C

1273	>7622d390-7951-e5c2-9e2a-85555af7ea43	1.0000	C

1274	>a550ec5b-c1a7-c1b0-538b-c92ae9270c65	1.0000	C

1275	>c7eb3dc7-2409-aeca-0acc-df8c643f6818	1.0000	C

1276	>3a8fa9e2-c691-70e4-f609-fdcb6dfc4bc6	1.0000	C

1277	>e82a5f1b-2fe4-3720-d246-5c365e50486c	1.0000	C

1278	>e4c47ae1-ff82-f32e-deec-7c34fec87640	1.0000	C

1279	>ac1d3d9f-8c29-83ce-e51b-32326bf47d77	1.0000	C

1280	>6052bcc4-50db-6110-cca9-862bdbd38d22	1.0000	C

1281	>904e7946-fbba-c17b-19ca-bced83acd9fc	1.0000	C

1282	>29177864-82dc-45fc-0f06-2899a4877255	1.0000	C

1283	>961e9237-29d4-e515-1637-629c36ff239c	1.0000	C

1284	>03b3c91b-1a38-aa87-fed1-9c4b046a1207	1.0000	C

1285	>6ad3450d-3618-acc8-2a44-1350f9a33c8d	1.0000	C

1286	>d5893ebb-f8da-c72e-69e3-540e71a1ce81	1.0000	C

1287	>833ff560-2a17-ac44-5a5a-5e135814ea50	1.0000	C

1288	>5af703ff-99a5-50e9-96c7-a2c918f26e1e	1.0000	C

1289	>09d6ad29-b44c-d528-f4d9-e601d8ead6eb	1.0000	C

1290	>ee30c8ae-b289-df43-271b-e928b77c208e	1.0000	C

1291	>5d34322d-4a4b-9fdb-c052-095762bb0d27	1.0000	C

1292	>97202603-256b-81cd-24ed-fcabdec13992	1.0000	C

1293	>9bc3fb78-1676-6bdc-a3a1-d3b2a2ada033	1.0000	C

1294	>d39dffd1-f82c-48f8-175e-17a663c0c1a5	1.0000	C

1295	>c69ccd7d-510f-4f46-12bf-7bbe3dfbfe2f	1.0000	C

1296	>3b87990b-86b2-1383-7e7e-61b82b4b87cd	1.0000	C

1297	>d61e8c85-75b6-6f42-b794-e27f6054bc13	1.0000	C

1298	>9ce0db7b-a569-4ae9-cfad-c4785652ed81	1.0000	C

1299	>bca620c4-b088-cb16-1334-97ce1dffd0df	1.0000	C

1300	>6b0a51d9-9b8d-1897-5305-d666d2c54856	1.0000	C

1301	>eff1f07e-a5db-b967-9ac2-bc1d4735471f	1.0000	C

1302	>3a22bafa-cf7c-f6ea-da2b-ea40c7cd1346	1.0000	C

1303	>44200118-e1e6-4fb9-f33d-79d2d0e76f15	1.0000	C

1304	>08dd0a4d-eaeb-98f3-b055-0c86d8488e99	1.0000	C

1305	>3889ed57-3bd0-8221-6fe5-ad0409c6c27c	1.0000	C

1306	>aab6d8e3-4638-0b90-e35a-a4bb47ab94d2	1.0000	C

1307	>7298fbae-3e2a-80d8-edf3-1cea38f9407e	1.0000	C

1308	>a91b8385-1613-92b6-1d57-1ea2ff7396e6	1.0000	C

1309	>7e6fd564-57a1-ad6f-519a-1dd1e84e9e01	1.0000	C

1310	>99d798fa-d33d-5fd9-0866-54a90dcdf10f	1.0000	C

1311	>eb6d81b2-1bc3-94a4-685f-0e371134735f	1.0000	C

1312	>27f8ce01-ce82-ca5b-81b6-2fb14ed14fa0	1.0000	C

1313	>db964f11-6bcf-6e03-6009-f4f05d3b6f21	1.0000	C

1314	>a7bbe2c9-c88d-c663-8ef4-fcd81407b8ec	1.0000	C

1315	>37b1c2d4-e019-60fe-1e05-3915f5828e7b	1.0000	C

1316	>6d25cec5-8498-fbb6-d141-4bc4236159ac	1.0000	C

1317	>b01b62ad-a22c-56a3-031f-c5ec0f1e98eb	1.0000	C

1318	>237a3bda-6497-b1d8-1190-787d646d19ea	1.0000	C

1319	>88206bb7-05f5-5229-69d0-0539c601a4eb	1.0000	C

1320	>19551c8c-4e87-d87c-016f-8df3e05e63ad	1.0000	C

1321	>8393bccc-d86c-9315-99cc-e5c301cc4115	1.0000	C

1322	>ce38816f-0dce-f4cd-04ca-d770f16c3e0f	1.0000	C

1323	>2436230f-0552-7068-fea8-71be293b7192	1.0000	C

1324	>5355d91f-2c74-0884-3053-9a4b358e4833	1.0000	C

1325	>c352a52f-f7fc-49ae-954b-bc2d3ab6c579	1.0000	C

1326	>b48b8c5f-4a42-013d-4c1d-842204365a41	1.0000	C

1327	>0c4528f2-5e9b-2ce7-5443-3a34ca3e2bd6	1.0000	C

1328	>6b5630e0-5564-0d0b-d00e-3c6e38cd8a4e	1.0000	C

1329	>a9e42fd7-a603-294e-7304-4f4092534080	1.0000	C

1330	>c11abc96-e95c-23e2-2698-7a27afef6af7	1.0000	C

1331	>6eadc3de-6f45-4c8d-40cd-ef2b00087232	1.0000	C

1332	>29d08ae6-f37c-ca57-82aa-8b66a064d23d	1.0000	C

1333	>e75e6c7a-03ff-4c3c-0932-1af11d47d9f9	1.0000	C

1334	>5b2565bd-e584-00d0-9b9e-64167fe8b637	1.0000	C

1335	>fce1b6ef-f755-1f07-08ed-25749c0dad25	1.0000	C

1336	>246159fd-e9d5-41b2-6ea2-12da1719bc9d	1.0000	C

1337	>917afca0-c3ec-d9b9-e4c0-e8d9e0be66dd	1.0000	C

1338	>6e0d4658-36fe-6241-f2db-fcc476c44f54	1.0000	C

1339	>7a7ceddb-4a93-2e82-d083-470ee4a28b3e	1.0000	C

1340	>c88cbfbb-1c6e-1c6d-204f-6e5d97f3a1aa	1.0000	C

1341	>4c944144-67ef-bc73-efb9-4964ff2460d2	1.0000	C

1342	>b8be027e-eb3f-beec-714b-e76e6a20d5ea	1.0000	C

1343	>5248e113-c456-b5a2-d431-bfa70bd0621e	1.0000	C

1344	>73924690-4bc0-8053-9aa8-49227181f9df	1.0000	C

1345	>e8f39dc4-af72-4917-2f6f-48a96fcfb901	1.0000	C

1346	>e0ae74e8-2b80-450d-7130-8efe253fd0d2	1.0000	C

1347	>a0ddd352-730b-8fd6-be24-298efa317423	1.0000	C

1348	>085cc985-8296-fd18-4919-a9e9702cae9b	1.0000	C

1349	>ec589a48-4c60-bcff-c3a2-f7dade9a1cbf	1.0000	C

1350	>ecf5480c-74bc-5608-941c-60e270008a8f	1.0000	C

1351	>c3e0cd29-3b3a-b779-af18-9ebc50e25715	1.0000	C

1352	>2328f70c-fcd7-ee0e-2122-c3cf2510250a	1.0000	C

1353	>28ab8bdb-3983-edea-3d9e-75721f5108e6	1.0000	C

1354	>4789d686-aaa0-fbd5-6153-11678bdfcf23	1.0000	C

1355	>35882a4e-2c39-8430-d754-ed2fd3121c65	1.0000	C

1356	>00459d38-6c35-7e90-e315-8bbcf3848364	1.0000	C

1357	>3f309cff-5caa-9757-cdf6-82481d74a08a	1.0000	C

1358	>e23b6735-abcd-1102-f62d-095ae8c78574	1.0000	C

1359	>ec503339-fffa-1aa2-d92b-97481b8b7027	1.0000	C

1360	>7953ab81-a2b5-5f26-a75c-b204bb837064	1.0000	C

1361	>4994d6c1-32d1-9bfe-b782-ddbf69e952b4	1.0000	C

1362	>bbc5b1a1-b96d-8dfd-2606-669180b673ec	1.0000	C

1363	>d7175bc0-50fc-7b02-7b33-6e55cb58fe3f	1.0000	C

1364	>5b8c78fa-59bb-01db-844b-bc971bfe4885	1.0000	C

1365	>fe4227d0-f01b-dda2-1974-e0371c4b8d3d	1.0000	C

1366	>2e25500b-7b30-01ba-2117-8a751109cba2	1.0000	C

1367	>c8c62e6e-40e1-5219-5151-644e90b61d6d	1.0000	C

1368	>2a9786c7-164b-5455-1a87-302fe18fde0c	1.0000	C

1369	>2f10027e-7db1-8aa8-087b-e7aa75ac0e1d	1.0000	C

1370	>c33164a8-a34b-1dd5-c255-90b9b2b452a0	1.0000	C

1371	>83bec37a-a174-2cc3-20ae-5b66cd5ac827	1.0000	C

1372	>fd8436f7-b324-c9f3-e1a8-02c582c337e3	1.0000	C

1373	>00f8c2a3-7f82-e24b-79da-dfadc24f1515	1.0000	C

1374	>2d15c173-54c4-024f-a26a-cf747c58fe03	1.0000	C

1375	>cd515b4a-fa07-1930-88e9-533ab99c699b	1.0000	C

1376	>8b11d9fb-5300-1313-b1b6-ff599b996fc3	1.0000	C

1377	>8433c91c-dc98-e597-8634-2353dfb4c925	1.0000	C

1378	>47b22ed7-c473-e31c-209e-622ef3aad244	1.0000	C

1379	>ecf22c66-89a2-f918-639e-b228f52dbe01	1.0000	C

1380	>ebd350b5-8807-c4b2-c06b-bc292e5ee81e	1.0000	C

1381	>4ef30098-5437-26d1-f478-926a24ba8db1	1.0000	C

1382	>cc45d89f-4f27-f288-e379-a6757b1f1fad	1.0000	C

1383	>1d87f680-beca-2782-3e83-b72ae5102538	1.0000	C

1384	>93308996-8827-5532-de0e-e7e30f036fb7	1.0000	C

1385	>2049b3e5-1b5c-cbe4-eb94-f7901375b8b8	1.0000	C

1386	>afbdd7e0-e92f-34c7-29cc-7d971b469558	1.0000	C

1387	>4dfed025-143a-b81f-6cc0-fc9222938b47	1.0000	C

1388	>9ba1c25c-b143-06d3-19e9-42f0031c5d3b	1.0000	C

1389	>c3c37408-7ab6-b2a8-b543-99c0f5c1ddf1	1.0000	C

1390	>0c1c289d-9ad7-77c6-0d20-b6b85c174e73	1.0000	C

1391	>7785cce1-af69-4c6d-4662-f696e7515ec5	1.0000	C

1392	>ef780186-9233-539f-42df-678403223b43	1.0000	C

1393	>61fca457-8850-caa7-7345-c677e127d320	1.0000	C

1394	>232171e2-15de-52d1-33f6-22aec7608f2c	1.0000	C

1395	>543e0a4f-b1dd-70d9-a993-8ac17ac07ae9	1.0000	C

1396	>57c688f3-92ed-efd1-c31c-f83b72262b49	1.0000	C

1397	>1d197a56-1e59-6068-34d8-c673d3cf7b54	1.0000	C

1398	>54918278-047d-c256-09ac-c6cf1e9ebfe5	1.0000	C

1399	>cb1399bd-767f-ca40-4bdd-b2e10323baa9	1.0000	C

1400	>449ba60c-47bf-65fc-8140-676ca0f59f34	1.0000	C

1401	>5c545649-2ae7-1df8-26e5-3de85ec51b28	1.0000	C

1402	>47e788b2-7e0b-fa45-bb27-da5e3f82691d	1.0000	C

1403	>8c3fc88f-5ee1-c683-f0ea-d79fddc9a1fb	1.0000	C

1404	>730c60eb-5c54-bd5c-0fb5-926eafaf87fe	1.0000	C

1405	>efc3269d-1e43-1b65-6eaf-07bed22922b0	1.0000	C

1406	>8b87e145-c77a-dd06-8b38-8ff39b0c1600	1.0000	C

1407	>6158d916-15c9-9d44-dec2-8c26c127224f	1.0000	C

1408	>5f91f866-649b-64c3-da9a-e2aad04d52a6	1.0000	C

1409	>1a67f804-cc1a-d992-f309-b7fb057be173	1.0000	C

1410	>b8a7e62a-bec3-2633-4614-87e7a08f14a5	1.0000	C

1411	>f1e5be78-fbf4-f373-08bc-ede4a3914cc8	1.0000	C

1412	>a29dd0eb-c420-0921-a108-699ccc98cd80	1.0000	C

1413	>124dbbcb-bba9-3bed-775d-7d5b54035bac	1.0000	C

1414	>cc7a10e2-32c0-41ea-f288-9a43727e9f56	1.0000	C

1415	>0618bd10-d328-0f9b-a373-288a6d5600d1	1.0000	C

1416	>01e6ab65-beb2-d4b7-4dc7-1062ad2af70d	1.0000	C

1417	>7aa57a87-1548-8854-a09b-fe4391da1f55	1.0000	C

1418	>bd75769e-909d-5d0a-9980-f8d46e4f5ab1	1.0000	C

1419	>d77f7eb8-c756-fd1b-ef6e-2742fbe75a47	1.0000	C

1420	>eac430f6-4f98-c173-8db7-654a554b30c1	1.0000	C

1421	>e9804dad-c2b7-e2f4-8b4f-6a9562b1af2f	1.0000	C

1422	>0620a22b-d784-c3cf-914a-0158522271bc	1.0000	C

1423	>a392f845-a3a5-b908-16d3-7028dc2fca0d	1.0000	C

1424	>f907b39e-247c-1a74-79f0-1ac2b7b60a81	1.0000	C

1425	>e5e10f80-35a3-b3c4-3105-1d5bbfecba4f	1.0000	C

1426	>a1966864-b33f-6006-a5b1-1ee6470cc3e0	1.0000	C

1427	>b8d9b093-95ed-dc91-4593-ff27440cd14a	1.0000	C

1428	>7de94915-6c8f-e0d2-a371-577ed8323f2d	1.0000	C

1429	>380949a7-382a-bd56-4fb5-d1ee1a338a74	1.0000	C

1430	>c7c3e7ca-affe-8fa7-f991-cc30152445e7	1.0000	C

1431	>5b65daf3-680d-72ec-3028-a9fe7d5555c0	1.0000	C

1432	>880dab51-3a96-7f5c-6d33-9a21a29c709b	1.0000	C

1433	>cbc1dceb-353f-3fa0-c25d-fd54b93c0888	1.0000	C

1434	>8d53f757-5aad-7b26-09b3-7b7cb4001415	1.0000	C

1435	>6532b0b3-efde-b66b-4cf8-5aa14a82ce9c	1.0000	C

1436	>6a28fc87-299e-7747-eacc-d42d58ffb448	1.0000	C

1437	>4a6503f9-6c96-61a1-998f-86f93e61a7e4	1.0000	C

1438	>2cb9f4b2-3d26-87b2-0179-92536382aa02	1.0000	C

1439	>3615dd3e-9ab5-b6e7-9138-2ef7d04c4d98	1.0000	C

1440	>d7d8cbc1-6df0-4c3e-e982-208084e1e1c8	1.0000	C

1441	>058292b2-8c66-4921-0ef0-04581903588d	1.0000	C

1442	>acdd34ef-c0cb-5f6c-4f51-135c8c9d1054	1.0000	C

1443	>358cf128-6658-6306-6fac-b9dbbca36f97	1.0000	C

1444	>d5338313-60fe-6f50-6c58-cd6abe192feb	1.0000	C

1445	>9301131e-ae8f-10fa-a105-9b8d808c6f77	1.0000	C

1446	>474cdba6-97f0-8dc8-31d8-546dc7c524a2	1.0000	C

1447	>a67e319a-f21d-7f62-2f90-735e7e721167	1.0000	C

1448	>e71c8472-c287-effc-b31f-833a3fa835b5	1.0000	C

1449	>3eaa65c7-cb41-b5d3-fd39-3b38eb65bf88	1.0000	C

1450	>3346c22c-9028-6483-188c-8ec711ac0321	1.0000	C

1451	>e6270f52-110c-ab41-2c6e-073020dacb96	1.0000	C

1452	>90fec8ec-6a23-60e4-70a6-31920b448fe6	1.0000	C

1453	>3e44ed3e-92ac-9f1f-f3d0-9efb056b7b55	1.0000	C

1454	>04af0c67-174c-c432-510b-8aa810358c1a	1.0000	C

1455	>83fe6c34-1177-3a3a-6f8b-b419a93e5988	1.0000	C

1456	>2d95ee82-83ee-7ff7-d45d-531b66563a52	1.0000	C

1457	>f1dab398-106c-0a04-c179-3d88e04ccac8	1.0000	C

1458	>e2f3c16c-64cc-2754-0230-c9ca42b4d51d	1.0000	C

1459	>3e37c08a-6294-a89a-6fb6-3040343bb42c	1.0000	C

1460	>7d2682c4-b15c-b70c-bbfe-c0f066bc2e8f	1.0000	C

1461	>67d69d10-4146-b950-2f9d-6d323a2b07ae	1.0000	C

1462	>2af06412-0189-a65e-1117-d29584deaa7f	1.0000	C

1463	>3ed76468-b92b-0a1f-c6bb-11d8036411b6	1.0000	C

1464	>618612b2-d1f3-5ac5-13b0-d3413321ed31	1.0000	C

1465	>9156c602-429a-900d-f6f0-872a00b57c4d	1.0000	C

1466	>6d436353-8b55-f85a-8cfb-f407b65d2faf	1.0000	C

1467	>26db2039-bb77-ed0f-5bf6-2e8bb7facb9d	1.0000	C

1468	>5f3c6cb0-91f3-ff3b-a993-9d81c4366841	1.0000	C

1469	>cf138abb-0f49-0e01-da22-02e318f3cf9b	1.0000	C

1470	>1a2605a3-f443-b074-44a5-c94c6a4fc52b	1.0000	C

1471	>d261a694-4733-f2d2-ea40-a5ae8bef6d13	1.0000	C

1472	>a620bd18-21c5-f884-a678-72c943db35b2	1.0000	C

1473	>3086f843-db6e-ea02-6813-90ba57ce4f75	1.0000	C

1474	>d4c64ccc-05e1-ec3e-7d0e-60880c856ee2	1.0000	C

1475	>155c3bea-11d3-527c-0905-fa0bd960f877	1.0000	C

1476	>5ec5c6dd-55a2-6f1b-71bb-e29af0a421e6	1.0000	C

1477	>5d929e38-6495-1be9-6a62-0dff8700766d	1.0000	C

1478	>51511db9-733c-4d7a-cb14-2932a0a1fb67	1.0000	C

1479	>858bb233-0bf1-2347-09a5-b0b6e9ed2e04	1.0000	C

1480	>f745da7d-b307-2463-120e-3689655dadfa	1.0000	C

1481	>90ed008d-49f7-e77f-8a95-25bf887b01bd	1.0000	C

1482	>2205530d-5fec-cb80-e550-748bdea6f5a7	1.0000	C

1483	>5af4b044-95a0-8ff4-94d0-9584a3c54b13	1.0000	C

1484	>3e630c9a-9ffb-65e0-b904-d5d07fbc9b1b	1.0000	C

1485	>53cbc3bb-03af-db55-8187-3e1dd08e8de5	1.0000	C

1486	>f8d8aa35-8df1-cd1b-73e7-f70e74ea26ae	1.0000	C

1487	>fad23267-febf-0fb7-ccd7-a48e6d218ec0	1.0000	C

1488	>91aa8d1d-0e7c-fcc4-a65a-4e7cc099368c	1.0000	C

1489	>bcbf380f-6acf-036e-2f42-08d2b4392c13	1.0000	C

1490	>d60371e8-7d53-1b3b-146d-cbd62dbbb992	1.0000	C

1491	>10a4861d-abbd-daa1-62f6-69e929778bd3	1.0000	C

1492	>dabd3491-67e5-d3d1-203a-0c8251462042	1.0000	C

1493	>2f44a7f9-44f2-2289-3ec9-6ef279577a9e	1.0000	C

1494	>0255f2e7-d3f0-7fb6-5560-b78001f89586	1.0000	C

1495	>0f51d565-5c0e-510e-abd5-a2f3132d4836	1.0000	C

1496	>c40ae177-2beb-8e07-8c56-10e2b43c0870	1.0000	C

1497	>283c3894-e535-49fa-53fe-0ebed3125033	1.0000	C

1498	>ac23301c-c42c-e375-6d55-7d00bdb20f3e	1.0000	C

1499	>bb31bb9b-2e05-1acc-a455-52c576ef95d2	1.0000	C

1500	>4f5709ac-1544-d4a4-4d31-8899dd343c25	1.0000	C

1501	>6d985a09-f8eb-bb6e-8ea7-9805aabd290a	1.0000	C

1502	>81a847cb-11ca-8dfe-94f1-f3b4654ac3e6	1.0000	C

1503	>71beddb4-48f1-98f4-6d82-4b23cf117d7a	1.0000	C

1504	>5d03c832-89ef-f065-72f4-2c21ca42b1b4	1.0000	C

1505	>5a153211-cd11-8cd3-7ba7-685a6bb3877a	1.0000	C

1506	>cbc36dea-e456-22a1-e3b5-65d03d526cd0	1.0000	C

1507	>8be54101-7c25-fea3-3af5-30d6c3321e11	1.0000	C

1508	>ae6432f8-26be-970a-e110-af6f9e0f824c	1.0000	C

1509	>d7f62488-7236-88c4-091d-31ad15c5a430	1.0000	C

1510	>ba7377fb-471a-77b1-10cc-c7480473d4a0	1.0000	C

1511	>dc34f3b9-51bc-180c-485f-7c437a7b5bda	1.0000	C

1512	>1d85d41e-96ec-c6c0-baa5-92bc793a08b7	1.0000	C

1513	>53d19ee4-bf5d-cc30-72a8-2dcc950292d5	1.0000	C

1514	>76fa853a-d89b-9984-6a47-69c1bfe006ba	1.0000	C

1515	>0528dbc1-a62e-5d1f-8065-395caaa24b65	1.0000	C

1516	>70a6c99a-556d-de6a-a988-4276fc1bb2a5	1.0000	C

1517	>48509171-a97a-6781-d5df-25a2eddf09fa	1.0000	C

1518	>aeec0222-81ad-3563-70d0-c6fd45634b61	1.0000	C

1519	>5b0e7832-e136-9dc9-6ec2-c80e8512b8d7	1.0000	C

1520	>812b13fe-5bfe-dcf2-e724-a7e234ff8c63	1.0000	C

1521	>271a6fe7-d1d0-edd4-5443-4844002d70db	1.0000	C

1522	>b306c28e-e81e-c2e9-b924-b4d4bf642f62	1.0000	C

1523	>b0842c6b-00ea-8c69-772b-09d71be5c677	1.0000	C

1524	>1114c25d-df40-6e01-9f7a-32fd4e48c4ee	1.0000	C

1525	>d2bffb3a-e9a7-e10e-4689-34efdc26a18d	1.0000	C

1526	>d4d31c28-656f-b403-1937-f8099daa1656	1.0000	C

1527	>e6f7b518-f1cf-25f2-5de7-cfa5a88c523a	1.0000	C

1528	>95cf4911-af60-dd45-ac81-01ce7ef0adae	1.0000	C

