1	>6200e8ad-2d1e-d8d7-fcf7-338522d52ee6	0.9495	M
1	>936bf323-4b46-2bc3-f117-08f9f6f014e6	0.9184	M
1	>054d3e93-5fc1-7412-baf3-b3e762b1be5b	0.8986	E
1	>54b3fbad-7638-80d6-2261-c2c074edce8c	0.9060	M
1	>a9c47e6e-873e-556f-163e-7cb9b9c74ed6	0.9192	M
1	>2589a726-f0d1-1803-8d34-3f7c7d17cef2	0.9209	M
1	>de77b9ea-4a5a-128a-13f7-be219a2aec1d	0.9232	M
1	>24ca6197-f932-451a-6537-51b8c57ab673	0.9194	M
1	>b1b1971d-2984-b572-618d-42ba99bfddca	0.9310	M
1	>13646276-bd0a-59ca-79df-58809b501bf9	0.9270	M
1	>df8f7601-7c96-91ac-69a5-9cbbd2146ef7	0.9444	M
1	>daed1704-c174-0419-0704-e923a12cdde7	0.9692	M
1	>56ff1337-8efc-89f2-220f-9f4b5710bc53	0.9057	M
1	>0c525a2c-da7c-e402-42af-777037773528	0.9677	M
1	>0d0ff0c1-9fa3-b712-73c4-30008bbc9016	0.9047	M
1	>be7c4602-9bf3-3006-70d1-41d90157cb02	0.9872	M
1	>b7e247e0-0a23-af23-5c59-f94f670a19ad	0.9008	M
1	>f59930ab-04f7-5bbc-fe75-efb6f6ac635f	0.9060	M
1	>4305f48b-7147-60c1-8b0a-fe332d6adc4a	0.9290	M
1	>f42069fa-f216-470f-22a7-d06cdb939798	0.9191	M
1	>7ecb9884-915a-5b3b-5e12-42ad0a7d9735	0.9241	M
1	>67c46b76-7466-ecc4-d04e-bfaea6a5d554	0.8908	E
1	>dc5ee5f9-a07a-ab2c-aa2b-c867df3cc9b0	0.9433	M
1	>506aee01-593e-6d28-8396-a085e79a8d39	0.9240	M
1	>cb2db61a-ff89-e50a-1a30-8a88cc50eafe	0.9451	M
1	>0b606b34-d4b1-27e0-56c4-31d2fafd6874	0.9766	M
1	>180ae570-ef3f-912d-afd5-e684a1e05f4f	0.9118	M
1	>6c24558a-50e0-b479-5188-2f5c0f7711e9	0.9535	M
1	>bb780541-1d29-9b68-f8cc-f6699197b489	0.9296	M
1	>b341592c-272b-0ff2-59e3-81ea5f4b5041	0.9117	M
1	>4e224118-2c89-9e57-034a-72e9a282b94f	0.9215	M
1	>daf1ba16-584d-f1c6-15cf-b25b13d3f2fc	0.9691	M
1	>feaf3435-7cca-8dda-fb02-0181f57c7bae	0.9019	M
1	>f9d22862-c835-6752-7240-a07e83dc9912	0.9238	M
1	>23093734-f7bc-280f-f301-56648c839a88	0.9199	M
1	>7b98955a-f780-16bb-8f97-d71cd9530a87	0.9284	M
1	>571cc9b1-7795-3f0f-a172-2f2975a3a0a2	0.9123	M
1	>41a7c285-eb70-d571-0ba3-33051e55c3e6	0.9057	M
1	>eeceb0c7-eea6-8a25-f797-9d4ce68e394e	0.8986	E
1	>1738711c-481f-a30f-f48d-afe3308b26db	0.9305	M
1	>5c36d7d8-c43d-17ba-d3ca-6a2b9b6aa0f2	0.9142	M
1	>58c439a3-ec67-b169-ab48-c5e1919846fb	0.9173	M
1	>80977b51-55fc-2d84-433d-b0046304d4a2	0.9129	M
1	>6c3d1c46-9e45-78db-f383-a0e0bd5866a6	0.9295	M
1	>388ec6d9-a242-5735-d90d-6adb8a8555cf	0.9337	M
1	>4c7a9e2b-cb4a-35b1-5c6d-890fcb457cf1	0.9109	M
1	>4691982e-e791-0265-3c7b-e47edd530608	0.8969	E
1	>ea68a178-cba6-87b1-04d9-f03392709ba8	0.8934	E
1	>529e9f3f-f778-2152-7154-351947ad6d7a	0.9143	M
1	>2d8c4f29-6824-3b23-3101-a940a823b0c2	0.9338	M
1	>430b1c11-4211-5e2d-6d86-3d4afe10a0cf	0.9180	M
1	>891372ce-efc8-1c17-2cca-b254c3cda214	0.9228	M
1	>9f877aed-345c-c3ab-ad86-2d4bd1a150df	0.9097	M
1	>f08d0046-ddea-0c51-4e17-b555cede15ad	0.9074	M
1	>41e97437-04eb-423b-c5ee-952ab7765e5e	0.8843	E
1	>c8be9eda-b218-cdf3-bde4-5e53a8bf1f1d	0.9192	M
1	>eab62f5a-5bda-451a-a3e3-cf9727cee230	0.9198	M
1	>f02fe7f7-508a-a504-5da4-bd8adcadb8c5	0.9922	M
1	>6b15145e-79af-7572-721c-cd927a9e6607	0.9087	M
1	>5292c1fb-b787-8cf7-c1e0-af054c564484	0.9139	M
1	>1a7f976d-3265-3dd3-1a92-736540db5dd1	0.9894	M
1	>a3d65d5e-bbba-1c2b-7d62-f0970888514b	0.9133	M
1	>1a2cfb4c-807f-1ead-5ca5-024b5f63d162	0.9169	M
1	>904c7cfc-8076-9a2d-cc8e-21af1d089f46	0.9156	M
1	>f6047bdc-d1b3-ad20-61db-a62611407eb0	0.9382	M
1	>ba772de6-a01c-fda0-f9e5-7c5f6c5b9b1a	0.9232	M
1	>f2e577c7-c67e-87de-2778-ec5e0e5a74c6	0.9178	M
1	>2a8a9d6b-2d35-5acb-0882-93f593507f44	0.8881	E
1	>fa8ddba5-d470-24df-e539-306a17e1ec72	0.9218	M
1	>f56b4c99-0b50-bda1-7cee-fb42fc986fd5	0.9091	M
1	>89412ffc-bdb6-b272-7465-aceb1b463c02	0.9277	M
1	>93865f49-e386-1099-a316-fb47f4125f71	0.9159	M
1	>58675e03-ebc5-7dd7-660a-2451080ab803	0.9213	M
1	>de25425f-713f-2866-f3e3-7b56767a0d80	0.9855	M
1	>e7bc4e4e-c491-bd0d-2acd-1d86e5f11013	0.8998	E
1	>b5527c57-e91f-b6b7-fbed-7c5dfa72c4ef	0.9224	M
1	>19485feb-84b4-5d2d-4cc7-97d89eb14a6d	0.8852	E
1	>217fef49-73d3-3bcc-e6bf-68e673934bf0	0.9115	M
1	>c22366de-78f7-f2e7-d606-2f873bd85f7e	0.8933	E
1	>a3236a4c-f3a0-f19f-0398-70ec28146303	0.9769	M
1	>52b1c52e-e02a-3961-6ccc-4d007362afd9	0.9907	M
1	>d8fbf2d7-c3d3-0258-b65e-f74c0843ad0d	0.9631	M
1	>4cf14df4-b14c-699f-75de-07c813803597	0.8911	E
1	>72a28942-deaf-d6f8-3ee8-5d9462a8827d	0.9081	M
1	>508d8f10-326a-bca3-dc65-7d6e167fda86	0.9297	M
1	>3a94602b-6bbb-eda0-1160-9fd69eb26207	0.9137	M
1	>f83b7104-00e7-9e42-0f6b-e9c8404fe0f5	0.9694	M
1	>ee1c1f79-8ebe-100b-ade1-f3211d2ba776	0.9278	M
1	>fcea14b9-fab1-6bfe-bd5b-6edca801b2d0	0.9176	M
1	>4370be69-0eea-b76c-a81d-9eb50efb6406	0.9254	M
1	>79e88101-0ce5-47c7-4eaf-98e46de2449d	0.9068	M
1	>38ba29c7-1b89-ac55-2128-e149581fe6e6	0.9175	M
1	>fc5bb072-a061-93c0-86ba-2281f8c40641	0.9729	M
1	>1c93df8c-6c72-88c4-91ad-b18840fd16f2	0.9245	M
1	>de88f3f4-aed3-5901-592f-a3336db0ded9	0.9264	M
1	>fd805d55-9adf-5eb3-a582-283b6070aab4	0.9329	M
1	>1b195cfd-537d-b95a-51d9-df4ec8c2c112	0.8842	E
1	>dc40b23f-f9eb-452c-268d-254ff198487b	0.8895	E
1	>227cf225-1f75-17fd-81c4-b4d4239a6972	0.8888	E
1	>471a2349-b1e8-db5c-dc34-8a12d9a29936	0.9766	M
1	>7dd76de5-5df3-8f81-d994-709f35937ccc	0.9175	M
1	>2f571f4e-c536-8912-0ad7-00734eea069e	0.9167	M
1	>cd514a46-8575-c4e8-846b-51db5bd799b4	0.9751	M
1	>fbd2c4f5-013e-f79a-7ac6-51a4d56ed577	0.9280	M
1	>04c58998-09e2-8383-c66d-04628dfd75b7	0.9103	M
1	>32c61e32-4cc8-b9e4-8a66-bc020be0e598	0.9140	M
1	>02cdb220-fe24-4b5e-a5f6-a1c2f1f4e22d	0.9262	M
1	>c6aa16fe-a0c9-74e9-77fc-12feba32a8d6	0.9141	M
1	>5f45069c-8511-09fd-0cb9-8d56aebfdd7f	0.8856	E
1	>26186bed-5efa-0733-f495-17a5f5e59230	0.9323	M
1	>f0cd989a-64ea-0f04-ba05-8b8bd2a71018	0.9286	M
1	>ac33700b-5198-4198-7c94-27fbd5802bc6	0.8937	E
1	>2f502e17-e1ee-de78-783b-dd22b87a4a3a	0.9167	M
1	>caf617de-5930-47ab-77fd-bc8147731f45	0.9111	M
1	>d963d6e0-d82b-ba89-ddd8-bb19111412d5	0.9254	M
1	>ad31d841-d946-b5c2-e6db-da4da5c94f56	0.9217	M
1	>5ebf1044-7444-92cc-c15d-811d810846f0	0.9039	M
1	>ce013c2d-60a2-d9aa-a668-980f08565165	0.9351	M
1	>24334ebc-ecac-c44c-4d10-a3356ce66ca5	0.9170	M
1	>3c122247-3ed0-8290-6528-b37ab6fb337a	0.9138	M
1	>8252ce48-6979-07e4-5c28-5433e511b8c6	0.8896	E
1	>992263a7-707b-9adf-3cd6-f1f05b313855	0.8914	E
1	>6660cbfb-6ead-9b62-d9e3-08534b3d4d24	0.9116	M
1	>fbb20168-c5b2-db01-5d48-5d3f4065d41a	0.8884	E
1	>b6e22144-1ca9-738d-a2b6-c1b870defe42	0.9069	M
1	>c8b40b7d-ec5c-2fd8-689f-d00cfbb6db9d	0.8925	E
1	>53987879-2c9a-c969-9f3c-90859b207224	0.8974	E
1	>40307063-3be3-7b65-d5f1-190afcb22b97	0.9066	M
1	>75e3f336-2a7a-ca68-ed86-454235e0da10	0.8830	E
1	>66f73a7a-6678-e85e-c2de-d79abc1da9b0	0.9151	M
1	>db840492-4972-59a6-a363-ae19b18e0d7e	0.9209	M
1	>d4c89eb3-a5a8-b4f9-38e3-d5d7d27d4aae	0.9453	M
1	>71fe8aff-40d8-5da6-d1fb-50711564a160	0.9135	M
1	>6c537748-1c01-4ecd-9376-9aa47776e633	0.9162	M
1	>0a211553-55da-8365-58da-2563349a0a85	0.9073	M
1	>e26785a2-90e0-83bb-77c2-663a175e5431	0.9254	M
1	>0f861741-f3a6-922c-4a9a-41dc321e486c	0.9902	M
1	>d5a31068-9d4c-9969-8bea-1ee6f62ff247	0.8989	E
1	>70990cd0-15de-925e-04ee-d2718edc7885	0.9065	M
1	>1edf1e05-f9ae-8df2-8f73-eb2ebab71ae5	0.9363	M
1	>a5a8a2cb-55fe-fb80-6adc-a313a321d32c	0.9250	M
1	>7990681b-46a9-4696-bfd1-8b3733f61b62	0.9062	M
1	>feede7df-b0f7-7c15-bd2d-a4a96ae16b5e	0.9037	M
1	>11eaf426-0a62-436a-09ed-bb0721fb1742	0.9200	M
1	>3764f3d6-d8a7-9586-4dac-50cdcd273c1f	0.9038	M
1	>da509737-1433-3123-aa45-9c74acc11e59	0.9077	M
1	>455326d2-6406-99ba-aa2c-08d91fef403b	0.9215	M
1	>6c6da44f-583c-4e3a-a696-9489b8aa0fda	0.9982	C
1	>632a8f6a-45f5-3f4d-f8c5-864e21424440	0.9178	M
1	>85d22191-e8c2-a44b-d7e6-9e200ea23e1e	0.9107	M
1	>2fb178f4-7aaf-bb0f-5dbd-4cee3de76a70	0.9095	M
1	>0aef1f76-e9cd-ed2a-47ff-ad14d1d62605	0.9766	M
1	>4d3e606d-4e5e-1236-7a93-559ddb5265ac	0.9000	M
1	>3519fce1-d03a-718c-1e85-652fcb4a75a1	0.8990	E
1	>fe320988-cc0b-d551-13f4-0f30588d2baa	0.9437	M
1	>94631144-98fb-3c56-096e-0eae1ee42764	0.9017	M
1	>268dbbb8-d678-5c2a-299e-1c42f49102eb	0.9338	M
1	>9b768eaf-b0f7-9372-18df-301ff6c819db	0.8958	E
1	>1914d94f-636b-4dc4-e83c-697228ee70c8	0.9131	M
1	>e80f5ca8-2051-ce48-2619-883d4f0beece	0.9679	M
1	>6c16883c-a496-267d-77dc-3e5b31d39fe6	0.9596	M
1	>fa05fa05-043d-e465-c0eb-8730d07c9790	0.9291	M
1	>d645435c-b7de-3e2b-4bc1-530dda7081d9	0.8898	E
1	>92068d20-3dc4-e4b6-5063-662c1fc315e2	0.9204	M
1	>aea7ce1a-1c45-f8ef-26b1-50a251be01c6	0.9389	M
1	>59d670da-5923-1b01-6f74-4536765060b8	0.9115	M
1	>ff817d9a-502e-ca5b-7615-205b289173c8	0.9667	M
1	>71cfbb68-64a4-d04a-ae99-9e383406db9d	0.9255	M
1	>872a3f5d-cca5-9d16-b139-90032486cb55	0.9374	M
1	>3434a529-7533-09e5-33a9-8b297cf467ac	0.9170	M
1	>b1dfa642-3e5e-ad49-6203-dce536e13bc6	0.9123	M
1	>2a433968-d20c-dbc2-0ca7-cf35191a6083	0.8882	E
1	>78374139-f60c-eba3-e5a9-e7a5e3a3d82e	0.8939	E
1	>d454f090-01ad-625f-194b-9888f32d2c9c	0.9158	M
1	>f27d31e7-213e-a68a-92f2-e862d87b4cbc	0.9220	M
1	>7901784c-49ef-ac01-591c-c6e2d2437cd0	0.9245	M
1	>9d185452-b518-a9fc-f084-656bdb7f39d1	0.9169	M
1	>377917b2-3a34-02bf-0fb3-0ebcb8c0671d	0.9884	M
1	>04239473-5655-9cfc-96dc-21c15857e43c	0.9224	M
1	>a173f447-99bf-278f-4d5d-fab3bde5405c	0.9183	M
1	>b729e414-67d5-7c4a-b812-dfb9de5b858f	0.9150	M
1	>dca6a0fe-0efe-eff6-8f86-40676fe23259	0.9796	M
1	>6e25b89f-3de6-2e6c-1d37-dcbe7381c814	0.9193	M
1	>51dd8f5b-2169-7ecc-dfcd-013339ee81c5	0.9086	M
1	>d0bae279-6b32-3b1a-ce54-5a22b7a70576	0.9600	M
1	>8831d925-98bf-0b0c-4f9d-71a79f74b153	0.8982	E
1	>5fc6e469-73fd-8812-a230-aa05ea2f62aa	0.9318	M
1	>b9aa867e-582d-89ce-7c35-c8aaef770f78	0.8930	E
1	>b5b3e569-9116-27f4-83ae-b4542b5d7647	0.9199	M
1	>70fda05b-3e0a-4b49-0f87-6814b5e55da7	0.9208	M
1	>e31d7c87-ca8f-1d2f-e8a4-c7b5986ae02f	0.9184	M
1	>47445690-9193-962b-4e99-cd15201469e1	0.9215	M
1	>0e5bcf55-e947-3904-2ff9-3a03500c5048	0.9126	M
1	>a8028b1b-0a2f-770a-e132-ad0633311976	0.9113	M
1	>4c717c9a-f1b5-bc7b-9924-8f7b68847f83	0.9310	M
1	>ad6f5efa-5efd-f405-e698-67fee100695b	0.9475	M
1	>9dd1a214-9015-a8b0-425c-b0040d791fcd	0.9077	M
1	>cb638b11-5104-3572-9db0-538014ad9a9a	0.9379	M
1	>3ce42dec-1692-a1f1-30fe-7b6ba657049b	0.9210	M
1	>404a78db-a010-3370-630b-0280e4c90669	0.9238	M
1	>7d9cc9a4-96e7-ff2c-5fa0-ef8875f271ea	0.9108	M
1	>57b099d4-d45a-bf01-6905-9e61f3ef6761	0.9193	M
1	>8d9a460e-a18b-82e5-b2fa-db64a3bddce5	0.8893	E
1	>ba7599c7-a647-fb45-c86d-0016a115ceed	0.9732	M
1	>54c7ece0-a4dd-cfa8-26bc-a56782209b79	0.9035	M
1	>f5905867-c011-4b31-0a7a-c7bb98b559e3	0.9068	M
1	>b316dfea-1a3a-415d-4b2b-4f38b294a5f7	0.9267	M
1	>7b3818da-1083-ad90-718c-75ccabd49930	0.9362	M
1	>84577044-ef5e-3717-8810-884200c4649f	0.9119	M
1	>232aed5f-eff9-fd8a-d4d0-aa90a343fdac	0.9701	M
1	>14851c72-5c63-e8bd-2a9b-685014ef3290	0.9429	M
1	>faaa7e77-1c07-cd79-be09-359f7ce177e7	0.8886	E
1	>a09fff78-0527-f2c5-5054-86403ea6bbc3	0.9101	M
1	>f5488319-f177-a4b6-9b43-2a142b6047f4	0.9444	M
1	>2208e6b9-ac65-6e40-4a80-63bb20b11324	0.8995	E
1	>4a1bf02d-09f0-2b21-a437-940b36e75874	0.9038	M
1	>ef59d883-754c-5b0b-72aa-204c73ac9e27	0.9247	M
1	>1d1e6da6-8713-9f88-2134-592a4d65f773	0.9402	M
1	>419aa436-bc3d-d9f3-3bca-af62ba8e00b8	0.9895	M
1	>91fd0327-37ea-127e-9dbd-ada157d1b547	0.9366	M
1	>3948e46c-bdd4-321c-7f4c-e4736ef6acd1	0.9398	M
1	>ef5864dc-71aa-7f4b-e74d-2c2b06d7d10b	0.9183	M
1	>1e24a9f4-96b3-d93f-4392-662bcdc230d0	0.9515	M
1	>cfb6cfe5-b4e4-d7bd-c8bf-4db498997ce6	0.9188	M
1	>cbef6fe1-b785-c951-ff22-4e7e52ccaba4	0.9863	M
1	>1ee8ae91-f325-8dc7-ba90-d14702faac6e	0.9337	M
1	>2c0d5479-d0df-d94e-4058-e42fcae1382e	0.8886	E
1	>5faac03e-2fdd-3365-a13a-117edef25915	0.9048	M
1	>14c03490-1802-8eb2-74c9-b787e85606b9	0.9293	M
1	>26ad8d74-e7ae-3fa1-5e9f-01654a76aa55	0.9271	M
1	>d8c9b574-b0a1-a466-82bd-a82223b3f05a	0.9219	M
1	>7e30de2d-acb1-39b3-c7b8-5227bfad58e1	0.8937	E
1	>af2e8e79-e311-08dd-3b87-ffb7bd8bc860	0.9176	M
1	>c262bff2-4152-8ac7-a5ad-bd63e33ab3d0	0.8981	E
1	>4f6b3053-fc40-adf0-e509-064e9fac20f0	0.9151	M
1	>96303c28-361d-2c14-e2d1-221ce7d75e21	0.8843	E
1	>4c396869-e9b5-0deb-5ca5-923e6d2f5349	0.9141	M
1	>086d5a69-af4d-2719-b565-c5682d5b8dc1	0.9340	M
1	>2fec4ed0-52b7-bbe5-0474-9ccbfecfb35f	0.9337	M
1	>e4ff7a85-be3d-a27f-c28f-fccb30590c0b	0.9892	M
1	>f74e6ed2-9dd9-0e86-1cdd-6b816e30412b	0.9392	M
1	>82aa2d7a-b073-bd95-86b1-3d34dfc5b78c	0.9152	M
1	>ebef54f7-3c17-976a-dc01-5b4019744338	0.9336	M
1	>61f7c3b1-f3e1-2921-257a-f75b1a8e2123	0.9225	M
1	>7ab96132-03bd-bfcf-bf90-ca027c9b3dfb	0.9274	M
1	>1035c008-2be8-340f-80e8-051556c32ae1	0.9132	M
1	>799045c5-e929-03a0-7cb8-a26613e5ba0b	0.9488	M
1	>8967132c-b78e-b4e0-048b-543554c9c65c	0.9350	M
1	>c8e19f58-651b-020f-33c8-2f7b3d400ff3	0.9208	M
1	>70f64fd0-acba-082c-dddf-3ed2fa41a47f	0.9098	M
1	>d0a0b7f2-ca8e-a05d-440d-418e6e30081b	0.9096	M
1	>d254c398-ff05-c306-2a97-fba785a41e38	0.9160	M
1	>c8fb3a43-3f76-acd5-d498-a3cc35007561	0.9338	M
1	>c8d6b32b-3283-b610-b267-35f355085e34	0.9062	M
1	>6f77f567-5fe5-b7e4-5c14-abe65219e959	0.9367	M
1	>00b9e306-26dc-f256-f8af-5b09b02ac5b0	0.9067	M
1	>57be134f-02ba-8780-a1e9-1b809353261d	0.9173	M
1	>79389239-c41f-d7f9-13a6-b997a2cd6033	0.8963	E
1	>bba0458c-199a-c6c6-9a96-7a4e440983b6	0.9118	M
1	>ce68e9e9-d030-435c-75cf-e83131ebc639	0.9322	M
1	>5a156f86-c361-bb40-c4e9-2b8b1ce66697	0.9369	M
1	>385b1108-979e-d40f-f6cd-253c4dc43f49	0.9077	M
1	>2e7c7a43-a669-65bc-c138-8e8ac45c7ee3	0.9219	M
1	>00d08ab3-d490-d89e-8dee-9b149d613cf8	0.9181	M
1	>10eac3be-b7ec-0695-7d6d-3bf52ede2806	0.9187	M
1	>32d913c8-9d94-14bd-ab21-adc85924b329	0.9169	M
1	>0fc4592a-77d7-4f8b-5b86-2e80116fed48	0.9305	M
1	>d112d10b-8158-cc38-364b-e38adc7dc9a2	0.8965	E
1	>ecb39368-2338-7be7-278e-22a51cf6420d	0.9218	M
1	>c2998745-46f9-c070-674b-3a614f45eb99	0.9797	M
1	>092bd361-97c2-6f2a-4be0-1d83c5b29fb6	0.9339	M
1	>1f653901-111f-84c4-5baf-b966af32da60	0.9816	M
1	>01cd03d4-db61-e996-3433-e46ac5db57bf	0.9074	M
1	>02cd4253-b163-3c5c-c951-15270c104800	0.9129	M
1	>ea630f61-4193-9a8e-cd91-a856d7944e3b	0.9228	M
1	>60766b55-3ae7-6cb7-7ae4-3f4ed3618b33	0.9073	M
1	>abd3db4f-185a-49e6-9909-f80d886e97ba	0.9223	M
1	>328a7624-64d0-328f-cbd0-62d3000abe26	0.9132	M
1	>48137a63-0b63-e607-6ec8-1c7ea3b8790a	0.9023	M
1	>0d762be2-447b-2444-f85e-6145a970cdb1	0.8936	E
1	>48938d87-e252-8ac3-6603-95bbf3458dd4	0.9062	M
1	>9f3b10dd-8d09-8418-d69c-feb30825fccc	0.9352	M
1	>aa9ebe61-1734-3d83-a28c-e82fbb68f419	0.9290	M
1	>fe0066b2-33da-8d79-2473-6d6e01e9dafe	0.9114	M
1	>ce8e78dc-7f4f-b208-dadf-e4ff34325790	0.9318	M
1	>93eda9bd-0d12-6ba4-d47a-377bb9cdcd6c	0.9165	M
1	>ccc5845b-4a92-d0d5-672c-0ad61f84eb6b	0.9208	M
1	>619aa8f4-ac9a-53c3-1dd3-55957de0b3e6	0.9069	M
1	>c055686e-e39e-86b3-4f5c-42d4d2151a0b	0.9096	M
1	>b0069f5e-d7b3-00e8-b449-bad822bfd2ad	0.9075	M
1	>e5c226e9-995a-ea64-9fe7-f2530c3ed264	0.9336	M
1	>6b3f555e-a9e0-9519-70e6-277b51311483	0.8923	E
1	>2372b397-b705-42e4-33ee-6786a811ece7	0.9183	M
1	>3a9449b8-9c23-8b33-7fd2-ba46c3549b79	0.9293	M
1	>be95f2ab-75d1-df71-cfe9-6ad082e4e66b	0.9273	M
1	>8df6694f-bc63-4888-adff-db017d08443b	0.9339	M
1	>2c17eb2e-b515-6c87-16b4-5fe4532755ec	0.9089	M
1	>81bfa035-f8f8-6c22-287a-a6422e9d7640	0.8977	E
1	>784e8ec8-249b-47f4-5d89-cddf86450354	0.9244	M
1	>ae7f7750-96f1-ea44-b109-57769f733c14	0.9279	M
1	>18f597ac-b859-ce2c-882c-4258c8811e55	0.9124	M
1	>a3697e49-e05c-b7ca-5358-d3bb48172a37	0.9293	M
1	>99d44e8c-c7c0-ce04-b477-df285a4739f6	0.9131	M
1	>2ff6299e-9af3-92aa-3ecb-14450eea0c84	0.9391	M
1	>559055f1-b737-1a4f-f722-0caf519c8e7f	0.9320	M
1	>b6aee173-0456-df66-6f4f-38d8af020177	0.9214	M
1	>36f8d531-cd72-b817-ebcf-ce204cdd2e31	0.9301	M
1	>1013b21d-7d6d-cab7-b606-2defa242dccb	0.9204	M
1	>b7931767-7cc0-8094-2fd5-565f7d84a435	0.9171	M
1	>279c038d-69e4-41af-38b2-a7ac2789b7f9	0.9130	M
1	>97606974-d031-739b-8715-fc21119a76ba	0.9106	M
1	>c1772651-9d1b-4b8e-987c-91852c63d6c2	0.9002	M
1	>ef9b3ad4-fd9c-cb2f-a602-ef2f91180d03	0.9383	M
1	>9831ada2-6783-ece3-81a3-f77eab94ee26	0.9165	M
1	>30f3c368-971f-bc3e-898a-d65d8024c75c	0.8996	E
1	>103cd27c-40e9-8e8a-21f6-bc3e871d51c1	0.9288	M
1	>f81fe5e6-4e19-b9fb-3185-1cc4fa9846b2	0.9052	M
1	>ada4c02e-a55c-d9f1-3c37-ad2f4886a75d	0.9396	M
1	>61ed3389-6240-8490-2ba4-01c7b3b6830f	0.9921	M
1	>0e9d043a-8737-81b8-3017-9f3b7e0caa9b	0.9229	M
1	>f1dc78bc-f2a7-3ce0-79e9-62e9905a0555	0.9085	M
1	>2d1fd695-4677-f0bf-4799-8029b3afe9d4	0.9096	M
1	>b947acde-b465-9104-404c-5c107de872e6	0.9023	M
1	>4411457c-7c8d-9783-a425-5299eb9ea422	0.9230	M
1	>18949e2a-17b7-0172-5646-36a65eeb15d9	0.9128	M
1	>720b6f91-fd11-fa91-a7aa-11635c99a070	0.9239	M
1	>d7b55b31-5670-9848-149d-b983d3d1005b	0.9106	M
1	>c3ed0386-9c1a-acf3-5306-638cdf593a0c	0.9196	M
1	>d0959313-03c7-848a-2d39-e8015c09949d	0.8857	E
1	>e2069593-7e8b-44dd-7aca-7751e49b9817	0.9104	M
1	>74876df7-c779-eb5a-350b-d3165badf915	0.9929	M
1	>49669f64-93d8-602d-ab1f-d0591103423d	0.9061	M
1	>1a65309d-c966-e908-ed12-a9e983978d83	0.9287	M
1	>6e969249-7f86-76a7-aad2-9a6cab1e7e30	0.9405	M
1	>116f7809-657a-28f4-b27e-873b0d3f1cb4	0.9080	M
1	>9d4a480f-448d-836b-aa5f-ebd960acf603	0.9220	M
1	>b057daec-30ef-5644-8747-d784d3223f96	0.9102	M
1	>e7bb50a7-73d6-76b0-d48a-329e13bcf9bd	0.9217	M
1	>20d0c15b-e8d7-f04e-1400-11ee1a5a4cc6	0.9035	M
1	>59f532c0-dd85-0d50-4d92-2869cdf969ee	0.9318	M
1	>59289b3d-a988-0cfa-d3d4-9e1ac4b5b4f4	0.9129	M
1	>736f42d3-e52c-c6d3-e792-cd94473a98e0	0.9220	M
1	>9bb48b9e-7cf6-dabc-961f-3d7a6e5c0e5d	0.9216	M
1	>7c534f04-6a59-1f6d-501e-84f8df9497a6	0.9044	M
1	>6b53e991-5920-c67a-8fc2-48278d88fc32	0.9240	M
1	>adf04c15-a790-e0f7-fbf2-6f02a5870c5a	0.9207	M
1	>d4ad2335-6090-f991-5114-52373c0246a8	0.9443	M
1	>2edd9790-60ae-35d9-29fe-68f3761515f6	0.9684	M
1	>cd704576-186f-a2ab-b838-138206d048d8	0.9304	M
1	>8754c1a5-2c67-7824-ce8b-a8953cd65829	0.9397	M
1	>7c8e16b6-bc2c-092d-347c-c85d308f4c52	0.9220	M
1	>c897b18b-789c-b3f9-6e78-cacdf0d2cc02	0.9272	M
1	>33205e9f-b58b-3d30-5932-6a77dad1c994	0.9377	M
1	>3d8de66b-50cd-3035-17fb-5ebad5c4d72e	0.9184	M
1	>aa10e563-ac0d-fb8c-a5e6-b9d0d2563862	0.9223	M
1	>4de544a4-f766-1081-1766-6a0bc294e825	0.9226	M
1	>9360e748-4103-7a4e-620a-aec8d83f90ec	0.9286	M
1	>f88de946-f2f6-262e-1dd9-d16cb4129b4f	0.8829	E
1	>5b0e43a3-2dd2-e6cf-da83-436a83b749c0	0.9223	M
1	>323586c8-9ef0-a316-d455-d7ea4657ddc8	0.9229	M
1	>91d61157-c520-19b9-3f8c-052969e4aced	0.9357	M
1	>3fff5e07-87f3-3c6d-054e-012cd56e83c4	0.9235	M
1	>ee901fc0-8f9f-0437-6701-d73ac1f7eb17	0.8976	E
1	>f0e4c82d-b348-2d6a-c604-b8b4fdf751c3	0.9298	M
1	>f0e85ad8-a762-7723-4c27-42a353441b8d	0.9820	M
1	>83616b8d-d8ea-81f3-6255-4e78424b26e5	0.9681	M
1	>ad61dbaf-3c4a-7692-eb94-ec9b4aad5b14	0.9332	M
1	>be45bd5d-ba9e-baf0-d5ee-d7fb1f5fbf3f	0.9168	M
1	>567b31d9-4969-793e-5021-7e4321d6de0b	0.9167	M
1	>b51bb01e-8e03-cbf4-966d-91d200cca04a	0.8983	E
1	>34d10a12-df9a-9b11-181b-d3e9f278b134	0.9031	M
1	>79f08e9d-8ae2-6211-cb71-3eb57796d791	0.9156	M
1	>ec959acd-ec0d-00d5-68ae-dae91f3fbd0d	0.9229	M
1	>4359c78b-e769-7bb6-db8a-551c32b242c1	0.8858	E
1	>b235b2db-4936-53fc-64ac-f9b6ad54a373	0.9856	M
1	>028d6a30-b25c-ed21-17ba-1ddd1df96bcc	0.9849	M
1	>a30d11da-c77f-afa3-ff38-17a1ea25ea4b	0.8999	E
1	>5087d765-ee24-8ae1-71d1-732127d9f168	0.9005	M
1	>f751014b-29c0-fae2-93d8-3eec0feb2b8e	0.9105	M
1	>84110b48-112c-275b-98e4-89bb74c2a958	0.9064	M
1	>c902e6ca-8c4a-2634-5f41-935ad8d8e3e6	0.9227	M
1	>40b84cbb-afb3-e88b-65fd-222015384085	0.9162	M
1	>56b7d837-e434-1ec0-49e0-c4b7dc7ae8d2	0.9044	M
1	>8b92b956-f65e-3dc9-1f6d-da2611543c9a	0.9217	M
1	>854f8713-c470-9ef1-6c97-c6a3e2fd39e0	0.9210	M
1	>11acdbbf-21e2-d107-3b5a-2c54d2749658	0.9238	M
1	>a736704e-bcc0-698e-9776-926b1d44a454	0.9320	M
1	>cd60398a-882a-9f7d-0973-f893b5b91fa1	0.8822	E
1	>1a7bc929-62e3-c592-aaae-c0383b17e424	0.9151	M
1	>5e3e69c0-6986-4cc7-16c7-d772ddb1bfe2	0.9378	M
1	>9553ba98-1ec5-083c-b40b-95b1b383d987	0.9258	M
1	>2c3644ce-631d-d93e-33f6-a0a297582589	0.9119	M
1	>172de41e-5ea6-6547-ae96-db2d02c08be3	0.9195	M
1	>3dacd0bd-f6e4-1948-7716-5ee2c1335db5	0.9257	M
1	>13199f30-a15e-20ee-f40b-58f13e36abde	0.9220	M
1	>15f4f4c3-12b9-c717-1a28-95a3a6724736	0.9360	M
1	>081075b4-ac4f-fd62-bdf4-809ed79721ac	0.9678	M
1	>d6303a99-b315-0e51-045d-3226bcf7e987	0.8911	E
1	>ef81b427-d800-1104-17ac-ee7af5b504b3	0.9214	M
1	>ad5d84e7-3fdb-44ac-0443-ec3440a9e140	0.9155	M
1	>dc99d018-2712-02b7-dc5a-8545ad60e8fe	0.9071	M
1	>5842d460-4417-00b7-5248-931f405fca7a	0.8888	E
1	>bb90c99f-79e6-cb65-cf7c-3b2ecae981b3	0.9234	M
1	>a2cb817e-2092-111c-f915-7bc0ed26ad72	0.9050	M
1	>8a41c316-3f0c-daf7-7bf4-c9116feed984	0.9372	M
1	>81fbc508-7c80-e46a-df0f-4d40222614d9	0.9194	M
1	>6533d803-5b33-f806-7c3a-30b2cc7b2abb	0.9828	M
1	>7c82dbc6-b18e-9637-b01f-9143bbfa0911	0.9827	M
1	>25053914-ad62-d84f-9f20-fd6e3fac3d8d	0.9108	M
1	>ab896501-f196-18d5-db66-0032b6a05369	0.9195	M
1	>00b88b5f-633e-959c-0dc0-3b1ea431a278	0.8882	E
1	>6cb538bf-1e4c-489e-23a8-faafa501ac5f	0.9369	M
1	>5fba3b00-c94a-1d0b-59d6-bf0b0a1eb35f	0.9296	M
1	>fc30951a-d996-67b6-2cf1-1779393d053b	0.9256	M
1	>e5f99ee6-3f10-f397-cc68-34fde5e5899b	0.9044	M
1	>22120924-5983-d317-aa19-34a1dd664c5d	0.9142	M
1	>e316d238-2990-b3d9-7fe8-63996c942b8f	0.9019	M
1	>b15055a7-c460-f6a0-f01f-8b6a1f9341c0	0.9824	M
1	>5d427705-4a89-3174-228d-b66cfe82ea4c	0.9093	M
1	>b05e12cd-decb-009a-7761-160c0a999c67	0.8973	E
1	>a0863bdc-a9ed-0ef8-9802-28d7837b9783	0.8845	E
1	>9e05037f-2ea4-2b8d-64f5-ee7dab1d4bce	0.9118	M
1	>8df1109b-7a76-c3f1-4c5e-94fed745514e	0.9196	M
1	>b184a629-d44b-86df-b8e9-42debf1efce0	0.9151	M
1	>1c87834d-0486-39ea-5913-b2d83fe80a2d	0.9228	M
1	>d17995f6-5ef4-e5de-6d02-468678a42312	0.8835	E
1	>b9885c07-8f4b-96aa-a202-095adc508716	0.9063	M
1	>d1ce3403-d768-8e42-6932-35be6c4dd651	0.9281	M
1	>5b25473a-9423-c994-5546-896b5ff2deec	0.9848	M
1	>ae044b74-0319-8c17-07f8-223b836deafb	0.9219	M
1	>64d86958-dc01-00c7-2af0-e31c603ced78	0.8894	E
1	>8dd805c4-b837-eeff-9dee-6efe6765ee3d	0.9039	M
1	>917f9c5b-0b85-6940-3f75-ca37fcbcd821	0.8974	E
1	>edeab7ee-70de-64f3-d912-1049b84de585	0.9179	M
1	>82484315-ea2d-4516-55d5-7e5a4956f0b9	0.9859	M
1	>3f1bbc6b-15b5-56a4-37ac-39b17c6b6175	0.9291	M
1	>2f8e506c-f88d-eeab-6388-32c6b8c674ca	0.9317	M
1	>cc87c7ec-6ec5-fadf-cd77-65794467dd6e	0.9434	M
1	>11c0339a-40a0-1b8b-03d5-6eec0e9acdce	0.9090	M
1	>fdb12cc2-aff4-82a2-deb0-a6709e8c7d1a	0.9002	M
1	>e6d3ca60-e233-ed6a-e51d-a4d57bde41e9	0.9118	M
1	>ddd4fe86-f16e-ff82-137d-2770891da9cf	0.9158	M
1	>9bfa1a06-620e-a61b-6313-f20da4d21ea3	0.9170	M
1	>bf4caa73-6676-d770-8586-5e9172250ead	0.9451	M
1	>8c62febc-24ba-cbf6-c951-353b926211a0	0.9184	M
1	>8a08832d-33c8-4c71-d354-5d01c9808e4d	0.9362	M
1	>de644e80-0108-d62f-0e92-6ee95fbef4fb	0.9905	M
1	>c682932a-3e48-b9c6-434c-4bc29134a82a	0.9356	M
1	>67d414b6-8f4a-3532-6130-5ed638e5fd4f	0.9108	M
1	>9ee348af-e793-7e50-27fa-0acc8e4fbd01	0.8872	E
1	>7799ee0f-0397-9eff-68fd-0862e9a3a2e6	0.8945	E
1	>088d6a90-6cf0-52f7-82f7-d6ca99243808	0.9165	M
1	>30d32b9d-f0d0-49a8-d25c-4e1c8d478d50	0.9186	M
1	>099a935a-5c2e-876e-208f-f420552f20ae	0.8860	E
1	>d5a0fdc9-4bf4-f035-ed41-42f8a6f7be45	0.9145	M
1	>bba3d19e-3622-c649-5803-edf8924dd714	0.9144	M
1	>78394ed7-89a3-4853-5260-cb88ac3449dd	0.8940	E
1	>201ba861-26b2-ee39-e5ef-7c73656feac2	0.9266	M
1	>da496138-e20e-459e-ce7f-00c82d13b355	0.9268	M
1	>ad7ac870-2fd9-f392-227c-9b14e06acb87	0.9211	M
1	>7cffdecc-ac65-9d94-3f4e-1452967649bc	0.9761	M
1	>22e8e811-4191-a67b-386d-eb1f3143b31c	0.9119	M
1	>f879cf21-62b4-da22-723c-07773d5195bd	0.9191	M
1	>8cf550c1-6890-abca-0fcc-65743e018170	0.9140	M
1	>b2aed4f5-8c1c-6d8f-f0ad-56693f837326	0.9363	M
1	>c394c6a2-bbe1-3838-58ba-c4af2ed94e6f	0.9136	M
1	>db90d578-de99-caff-180b-639d891b3b7f	0.9264	M
1	>65219fac-eac4-daa8-e31f-b47c3bfd7199	0.9163	M
1	>40f85cec-55a7-61d9-3bc7-ebdf0a9dc2db	0.8932	E
1	>c8e238be-f182-7d88-75a5-276810bef7ee	0.9507	M
1	>7450168c-088d-e842-de83-ddf642e70c6f	0.8843	E
1	>91edcf3c-f87d-ec46-11ee-8d12615d20c8	0.9073	M
1	>1b186d2c-db2d-b2c5-262a-27058f25c335	0.8827	E
1	>2b6d2d1a-a6e8-13b6-d893-d24c6cc5ec0c	0.9343	M
1	>6d863e8d-f45e-ec4a-7fed-262506a67016	0.9156	M
1	>8e7e9ac4-8e5a-96aa-309c-1e3792a68321	0.8969	E
1	>490efbeb-9d20-17a6-9284-e5c63eff1696	0.8925	E
1	>176e7cf8-3b70-7ecc-c304-9cfce2b4cc00	0.9149	M
1	>fc6fa454-ecf8-3284-822b-a72fc5e4c8d9	0.9693	M
1	>4d64f767-5d69-95da-1ff0-d7b17b59ff89	0.9426	M
1	>a3068047-81d8-86ce-2768-a159e9cf8bd9	0.9247	M
1	>122d1fdd-1ed4-7ef8-cb3f-fb6d2ccda92d	0.9228	M
1	>7395b18c-d7a8-a4e4-34cd-b296ef270738	0.9130	M
1	>6966a985-e4c7-b1a6-8ecb-22f840708be6	0.9237	M
1	>865a1503-4141-0069-cba1-848317843705	0.9130	M
1	>e333f09c-69f7-cc92-2bd3-425ab46c9eab	0.9909	M
1	>1a7507ee-3009-bdda-4a04-8acf833fa4c3	0.9196	M
1	>80670313-d30f-64ad-2175-ffd894b397ed	0.9237	M
1	>ba5de8f5-8103-1b97-d171-87d74df00598	0.9262	M
1	>43dded95-dd18-9e0a-c27f-f96fe470c835	0.9339	M
1	>15a6c993-35e9-982c-2429-3d6e49afcbfa	0.9160	M
1	>65d32658-96c0-5170-273d-d2ca40d2f279	0.9410	M
1	>2aa5282b-137f-ece3-92cc-915d3b310d89	0.9376	M
1	>671e3821-208c-e25b-8e90-26fca484fe7b	0.9208	M
1	>b3647ff6-7883-2610-006e-80e5426308ec	0.9905	M
1	>3368f7f2-f51e-14c8-cb09-382544306aac	0.9118	M
1	>8c18afce-1dd1-988b-6f6f-d09b76c124fe	0.9173	M
1	>ebe52d42-3192-a74a-73c6-16ce1240ca3b	0.9344	M
1	>fb93a250-9926-4b5c-452c-d9d94c465749	0.9099	M
1	>739fb6e5-5136-0e1c-8ebe-36ef98207ccf	0.8965	E
1	>274960ee-022f-6fa8-004e-67645791fa5e	0.9184	M
1	>89956a1b-3682-9bf9-52f0-b8617712d629	0.9076	M
1	>1f83d8f6-942c-902b-5e7e-d0dfc9f4fd98	0.9123	M
1	>e38db78f-6135-d947-49bc-47ca34c97b7a	0.8966	E
1	>43bdc362-6eff-e353-13b3-668e3fd0c326	0.9368	M
1	>3074b57a-8815-0a52-8573-58047407e97f	0.9213	M
1	>dc3f2c9f-8adc-805a-8720-f7dfd4a0b57a	0.9115	M
1	>d2e3b944-419c-55ec-6667-8d3e060a33e0	0.9306	M
1	>486abfe5-201d-99aa-6b2f-e1888dfd6169	0.9411	M
1	>e405f11f-f725-0a86-5ae2-46f534a57414	0.9148	M
1	>f0316b20-c308-b4cc-7724-a2151f541b54	0.9408	M
1	>6317cd5d-941a-2554-fa46-e56929a875fb	0.9073	M
1	>a4e1a28b-9c39-1071-fb9e-214a57248890	0.9179	M
1	>ad14bf1a-0688-3b60-aa5e-4ae79f4ab512	0.9227	M
1	>01cccc29-91ea-ab42-0900-ef1870e3582a	0.9811	M
1	>97610c26-3b41-0470-6388-f62d32652c94	0.9235	M
1	>d9d5e695-5e6d-f5fb-2b51-b3a3b349c384	0.9428	M
1	>1df6071c-335c-7dfa-5964-3eee0ea3e4de	0.9391	M
1	>7061737b-5762-cdce-ced4-2ac6f22dbd8a	0.9192	M
1	>d99f8674-4168-4d90-f63b-4734bf314ff2	0.9206	M
1	>075a22f2-f7fd-715a-ce39-9626f993a6ab	0.9318	M
1	>586f981c-8520-b1f9-3a07-e9d51da37d60	0.9205	M
1	>b3ce2c84-4733-f75c-13ba-281661795d28	0.9186	M
1	>b09c5240-002d-57ff-aa2f-d8fe0f84c862	0.9061	M
1	>a2801029-be8d-fe2d-935b-d9b978e8d1cd	0.9231	M
1	>2c30f7d9-b592-e383-898a-4933743eba24	0.9312	M
1	>87204ac7-3d61-cba5-24e1-7539c297316c	0.9205	M
1	>183ff088-e280-7295-fcb9-6dc469e678c7	0.9168	M
1	>225c29a2-d39f-1865-8905-69e64329a2e5	0.9332	M
1	>79b872a1-93d6-7628-6efc-b704fe7f89e8	0.9284	M
1	>57df903e-01e3-d289-4bdb-b4d9b8e97aca	0.9306	M
1	>ed024bfc-7e98-7aa1-2705-71b38c1d241d	0.9147	M
1	>a0faf0b2-976b-1919-c2e9-1939ea07033c	0.8900	E
1	>7ef07c42-8124-3120-0042-748e7f1cbf14	0.9229	M
1	>1f8c8936-1784-09e0-9013-2486d6bdc07b	0.9211	M
1	>1d8cd7c6-85a6-aeeb-0acc-fb92de2d8b30	0.9262	M
1	>84091297-d5e8-788c-54f5-4770503b6e38	0.9286	M
1	>e7c4bbfd-c5af-8989-7551-222b7163ef0d	0.9237	M
1	>10199eed-6428-4e15-7bed-9b0f3e2ee5e7	0.9292	M
1	>7dd2918e-e5a6-d129-60ab-9879f0e715a4	0.8992	E
1	>13a9ce53-975c-fb96-530f-a887231427bd	0.9321	M
1	>26cfee3b-5981-d40f-0ca9-a107ab7512f5	0.8848	E
1	>b85d4ed6-5cd4-e0ea-75bc-cc24e996a7c7	0.9162	M
1	>9323a62c-babd-12f5-fe3a-f86a35a803d6	0.9070	M
1	>bc00d05b-c22c-50b0-3d61-e9c07cc818e5	0.9307	M
1	>278367f6-60ca-2413-f696-87821c38fe88	0.9318	M
1	>2079f9c8-87e8-0587-e67a-71e23dda92f5	0.9738	M
1	>e7d39960-6464-cd56-ed25-c726b84164ec	0.9340	M
1	>18ea8760-6235-9615-46af-e9817f5e5e2a	0.9651	M
1	>6c2a831c-7274-3ed8-327e-6c33343f9b17	0.9079	M
1	>2fd252b9-3e4d-5aea-7a9b-e91af3fec6b8	0.8944	E
1	>ec1b48f0-2ba8-5a4b-8478-7d890791625a	0.9265	M
1	>37e93684-8e3d-7c18-cba9-32844022d3c7	0.9887	M
1	>965d7caf-c198-531d-bfb4-bd22d120742c	0.9863	M
1	>bece2114-c1f3-ad20-20a0-c341f128d03d	0.8854	E
1	>0de7a6b7-c8f3-8014-a163-025dddbeb5d4	0.9096	M
1	>72b48c95-bdaf-2aa3-306c-17bb463116af	0.9225	M
1	>c3ef82fb-19c2-f352-eaab-42a45892d299	0.8960	E
1	>0481fde4-cc7d-d94b-abbf-5a3db374799c	0.8942	E
1	>156dd8f3-f2d1-9fac-ddbd-feabd54ffb91	0.8983	E
1	>258ee43b-0d46-868e-5148-7d2bb462eb6c	0.9285	M
1	>698ee26a-af8a-0545-a169-307ce9d737bf	0.9293	M
1	>8b5460e8-8d58-0392-ef93-3301290addae	0.9178	M
1	>a83a085f-2728-296e-1205-78b12ec1e870	0.9162	M
1	>8f62e7b3-89c5-7b4c-00d3-7e075be0330e	0.9154	M
1	>07333716-b2b5-151e-be34-317fb3d2adee	0.9785	M
1	>2d8ac1a8-d0f5-ddd1-57d7-b544670bca60	0.9212	M
1	>41cf1bf7-884d-3a3b-4497-ae6a54e58279	0.9783	M
1	>12c378bb-a3f6-17be-fbb5-2fa112fdfd39	0.8983	E
1	>a2d1ac22-c2f0-b178-3714-68c3e165f96c	0.9843	M
1	>8ea7edc8-e31b-1703-4f0b-7983aaad2035	0.9008	M
1	>03653f33-3ef2-e763-bc3a-432f442d0929	0.9626	M
1	>02b3c7bd-e4bd-3833-2c28-2ee5f5c60dc1	0.9163	M
1	>2bd8c49c-54c4-a1a8-89e4-99d741a277be	0.9168	M
1	>3a34dd23-0307-6e2e-ae76-033f759ef79a	0.9017	M
1	>57c5ba6e-94db-0967-752b-16952e02a4f0	0.9090	M
1	>b99fa4a0-3122-0f0b-9d5f-6922fa7ab10d	0.9220	M
1	>83a880b2-ac8f-0502-a9c2-e94206655663	0.8879	E
1	>ceba0b5d-65b7-3013-7864-da437c28ccaf	0.9143	M
1	>137f2529-3d57-82b7-32bd-872cbd615958	0.9202	M
1	>27ead9ea-2979-dfae-cba4-9ffee749436c	0.9302	M
1	>997f37c7-6fa5-240f-60d5-d5ad2d1f155c	0.9243	M
1	>d42b4caf-8f1c-1302-7619-11fc4ebae961	0.9825	M
1	>c47bc475-6fbb-471c-df6a-3457b377dcfe	0.9387	M
1	>60a613c2-8a61-5c76-4680-2e56ac2ba639	0.9278	M
1	>ac0e809c-bf60-23ae-d569-85c33963b725	0.9056	M
1	>526d433d-50b7-a2be-ef23-ac0042ee4da0	0.9166	M
1	>3b1f6aef-703b-fe3b-164b-39e068f68f25	0.9310	M
1	>15e49dea-ada1-2495-ef19-499d2dd6f80c	0.9538	M
1	>c318094e-33f0-b4ef-8375-6dd0e72b9cd6	0.9189	M
1	>1baeb3fd-fc83-5ca2-22ee-141e4e9e33ed	0.9324	M
1	>bd1b73d8-6cca-c132-ea6c-7f7b764b367f	0.9227	M
1	>a6d4b82b-0152-5d94-9d97-182bd3687b4f	0.9056	M
1	>ad921d95-cbd7-1b37-dc3e-ddeb02eccde2	0.9393	M
1	>e3ba4e02-f097-9fae-bb51-1a3432663528	0.9098	M
1	>3b7aec44-6814-066f-c519-92f64bd94e4e	0.9214	M
1	>87bf9c3c-f71b-8740-8ff7-1eabb7079ab3	0.9327	M
1	>8bbb278d-c6c0-4051-2e28-b9fce70914cd	0.9296	M
1	>9e57ff74-466d-a92c-8ffa-81c8260760a0	0.9097	M
1	>02bd0c28-9e80-d265-384d-88719e805e57	0.9263	M
1	>5c8654b4-0343-4776-61e1-d16521eeeec4	0.9377	M
1	>b8ba545f-a52d-b383-b35e-dfb7da637058	0.9247	M
1	>3fc710d6-2eba-944c-8515-eaaf8090de5f	0.9210	M
1	>1b42e55d-cd4b-bd55-994f-de505bfed393	0.9439	M
1	>3b1a4118-7864-351e-ee22-c8a0607ab993	0.9141	M
1	>2c0a9d3f-1f19-886a-2e3a-139d47925403	0.9418	M
1	>468c4622-2385-c963-a989-dba06b76319f	0.9904	M
1	>3739d28b-1188-3ab4-eed2-4baf42905532	0.9254	M
1	>ef0a51ed-34f2-4338-ae0b-53ee408c1f2a	0.9140	M
1	>7afc07fe-9dac-93e6-81d6-79e90cf2a9a1	0.9342	M
1	>88665ca7-8c5e-9f4c-207e-ba43060c5b4f	0.9010	M
1	>566b8aaf-1cfe-0847-1894-8603f4673d26	0.9125	M
1	>2a13258d-53a8-2fb4-0f1a-82df8f473f3b	0.9221	M
1	>42b811a9-1283-a9a9-4d0c-3ad4c5f58706	0.8944	E
1	>e465f069-dc67-11f9-6d7a-590ad9dce451	0.9853	M
1	>c8d17119-ffa2-8b14-1dc2-f33f4fc1ed3a	0.9223	M
1	>bc70fc3a-179d-a8d0-a0c3-7c65f69adf33	0.9470	M
1	>90ca268e-3305-5d12-098c-cfeed8d7f91d	0.9129	M
1	>e676cea6-cdcc-dcb7-a6d1-3477e4b01c25	0.9108	M
1	>e931831b-47f3-fddb-bb8b-547e180f7e5d	0.9434	M
1	>2d37e4d0-9b5d-f5c4-c5c7-e30d95b0ceac	0.9322	M
1	>c9061bae-2a68-c6e3-c7e7-a398798813c9	0.9043	M
1	>ac2486c5-1f14-2928-5fc9-7e5fae80fe6c	0.9249	M
1	>ff781b3a-2d46-66d5-5766-f05861ac549e	0.9145	M
1	>220d2426-fafc-912f-14d9-91cf4fcdddeb	0.9195	M
1	>2157de2e-511c-9660-8677-de30186638a3	0.9171	M
1	>8437ceba-618f-9b95-b245-70123d56d4a2	0.9824	M
1	>4bf117d8-c44b-452c-aa15-1003e851dfe2	0.9307	M
1	>f1b96a27-0ae7-de02-ed3a-d02b664ed1da	0.9127	M
1	>08386f5d-a634-ac02-8f3b-bab12e4950e5	0.8895	E
1	>a21557e2-4e57-4fbd-1450-4124a0f472d1	0.9102	M
1	>1bddef51-3224-a343-8e20-dc83d7ed684d	0.9143	M
1	>695e2664-65da-d651-a885-c58ac9299cdf	0.9662	M
1	>8689269f-0fcd-750d-4d0c-fc5a82b3b039	0.9204	M
1	>806d31ac-287a-7167-f6a6-2f238d4c3647	0.9289	M
1	>31c72129-ea2d-0b91-5b3c-10a3fa0c370a	0.9215	M
1	>36d4f97b-32f0-51f5-98cb-6f2206e48851	0.9298	M
1	>457fb4f5-8b6e-2c8f-e52f-22430d06f3c9	0.9134	M
1	>ffad6a0f-30ce-0be9-394a-ce99411b541d	0.9712	M
1	>df8dfb01-1235-0740-d452-09360571f283	0.9778	M
1	>d8ba2ac5-9c05-4b34-0fba-5a34a2f9ce42	0.9132	M
1	>293b3aa8-229b-92df-1f0e-545e263d26cd	0.9254	M
1	>1a284063-e64e-ab65-ae80-89a958f6bba3	0.9241	M
1	>adb2458a-d197-d8c3-d8be-ffae711b0019	0.9444	M
1	>1e079880-3271-4b58-7c3b-10dfe35295d7	0.9242	M
1	>450dceb1-3bb4-56ab-aec8-d3a1b7c4860f	0.9521	M
1	>e7e98c71-d7e1-0a72-15eb-2c2c623f1dd1	0.9145	M
1	>f11fe814-754d-cd5e-5578-cfaf1adf526f	0.9354	M
1	>523ee353-79ed-84fd-dce1-8daf89428690	0.9172	M
1	>f6e375a5-54ee-eb3e-2d88-ac3fd2e3c563	0.9341	M
1	>60421ab2-f33c-f0e0-1665-c3f5beb43580	0.9193	M
1	>c650bdae-28a7-d1b1-bfd7-c6795b403ead	0.9089	M
1	>9a451d89-b1a2-dfdd-bf0a-8be89fcd52f8	0.8953	E
1	>0a2328ad-a447-5f4f-c5eb-c92797673848	0.9827	M
1	>16cc6624-1c99-bc1f-1041-0d55d6c6bc09	0.9198	M
1	>1cb1d060-3fed-3ec8-2382-172fd5759754	0.9224	M
1	>43b668fd-c28e-6be3-5714-17eb5e4a3a4d	0.9298	M
1	>ddabb4fb-181f-bca9-9301-66659fc75b06	0.9272	M
1	>04429420-cec6-0d70-40f8-e2383796cee5	0.9261	M
1	>df587983-1a68-c5e9-d5a9-b83ec987689f	0.9275	M
1	>e6d9e793-7326-7837-2be6-2da171de33e9	0.9155	M
1	>29f106ee-aef8-5c77-95b5-4ae1427aa427	0.9145	M
1	>eb9d4b3d-9767-d5ec-393b-66a5d61a4606	0.9256	M
1	>10bd8bb0-abaf-036b-8af4-a4f26c6012ec	0.9133	M
1	>7061627f-0a83-7783-a9f1-ec956c5120d9	0.9691	M
1	>09120040-b633-7688-5b07-858cc45d1294	0.9056	M
1	>14ec1c5f-25c8-42b3-6a0d-421cebe67e60	0.9228	M
1	>119df117-639a-50f8-e406-1ee0820d1081	0.9348	M
1	>84f0c622-7303-257d-0519-bf55416cd004	0.9310	M
1	>e8677a61-edb5-4385-9491-0ae6ad913f5d	0.9083	M
1	>1e627ed2-a54e-654a-febc-d0cee7f107bb	0.9035	M
1	>d53d1f56-1e75-d325-d5cf-44aca112f02f	0.9290	M
1	>842caaab-e6f8-7ed5-d4d4-ccbb2ee2f524	0.9146	M
1	>6eb38e02-b835-b36d-a35a-2cbc5512a3ff	0.9260	M
1	>f3ad20a2-8490-0162-1f0f-c27bb1af28fc	0.9240	M
1	>cc6ae2d1-f650-8f3e-a3d2-e92deb6ed62a	0.9288	M
1	>c7401729-ece1-4f0d-6499-a2a5b7ed422b	0.9354	M
1	>3ee3ccb5-35e3-c0de-bdce-7b05f8d149b6	0.9203	M
1	>467371dc-36b8-30b3-7b33-796919fd14c5	0.8999	E
1	>efa21504-d87f-19b7-df80-ab96e5255606	0.9196	M
1	>034f896d-1982-10ab-dba4-085a0d005431	0.9032	M
1	>1b987110-4bb4-5e14-b4fe-aba406df64ea	0.9099	M
1	>78ef44f0-0c94-9537-9379-f04c3448f343	0.9113	M
1	>2ab2aaff-7800-0261-de18-337a91ae4bc5	0.9178	M
1	>835747cb-7951-b8be-18f0-fb9e2cd6c4a8	0.9268	M
1	>9ba45c59-ca7c-351f-e744-653e5cd20352	0.9129	M
1	>110b551e-ab38-8a0b-82df-8ba66eb8c6f9	0.9197	M
1	>f636a2e4-e7d6-f3d2-cb16-f8ac23edbfe2	0.9070	M
1	>374f8a04-5e7d-70bf-9c03-091e310a752f	0.9632	M
1	>96a4e579-9647-b31c-e883-3044dd0b2dc4	0.9781	M
1	>877e4f37-1f03-004a-b7a4-e674554a4ca1	0.9254	M
1	>01e60841-d34e-47f9-ee35-9df29af848ab	0.9303	M
1	>0ee94cdf-ea50-fdec-761d-a3a61e877bb5	0.9239	M
1	>7d8de134-f77d-73fb-9d7f-a15695ddb4ca	0.8853	E
1	>bd08dbae-ee2c-c357-12b1-7c9515b0a397	0.8841	E
1	>6e849df2-b817-7efb-97b6-ec3f32e9ce93	0.9353	M
1	>ecd7df86-b6c9-ee38-d809-f105f431c6de	0.9689	M
1	>c3fec2bc-d334-fc63-f67d-b9204e41025c	0.9306	M
1	>7d27e8d1-c4d6-86cc-bf7d-a73147677ad6	0.9027	M
1	>6296aa52-f215-9998-bb1c-00276324c314	0.9349	M
1	>193d5183-c12d-9540-0e60-ef319a4f5757	0.9150	M
1	>99394201-9c6b-6d13-383d-7295ccf07aec	0.9463	M
1	>c633a3b6-b467-5b42-d4cf-84403e0089ca	0.9841	M
1	>be3c183c-002e-bbdd-788f-0ecda1c2877b	0.9095	M
1	>347e4bf0-f108-8195-1f3b-3c6fd201a0d9	0.8850	E
1	>e452837a-765e-406b-f440-44123b9d4c83	0.8864	E
1	>55305938-1bf9-2b0d-029a-b3177466cd4c	0.9776	M
1	>23889029-0acd-7d87-5490-6f916f107ced	0.9102	M
1	>46ebe337-ab2f-e842-562f-e62298ab99b7	0.9213	M
1	>c8d7a41a-6a69-e429-0cfb-4fe40da267f0	0.9137	M
1	>fcecc3a6-d044-f701-ad9c-7faa8beac4d9	0.9308	M
1	>8245aad4-9c5e-7689-f5b2-f9b6b62582ab	0.9292	M
1	>35890a90-1092-5d25-a7c7-19f0c05f6d4b	0.9411	M
1	>87cc635a-e509-6416-64cc-ecfc59a2ad37	0.9570	M
1	>de23bf01-2205-9e10-4102-648550870499	0.9383	M
1	>015f651e-58c3-df83-f5b0-025f4336a770	0.8954	E
1	>e912dcd7-167f-4c42-16ce-4a2bd898e41c	0.9207	M
1	>bb2c3bb9-1a66-536f-5584-bd4a2daf3d2f	0.9173	M
1	>84e63bbf-b3d6-c9fd-5d74-08c024ae0464	0.9877	M
1	>5bc38897-ac9e-d944-38ef-2b58d4a5cd2b	0.9056	M
1	>ce91faec-3c69-c1dc-61b0-520a7b373f55	0.9349	M
1	>e21ab052-130f-1dad-12ee-777e23fc9ab4	0.9182	M
1	>edb27b95-b3de-1409-b400-3e92b6109a40	0.9255	M
1	>a8b15727-3846-2779-bfbc-e77347ed366e	0.9058	M
1	>c5cbe1e5-c30f-abaa-d3e2-c502dd5a6450	0.9271	M
1	>b8b071fe-9c3e-8d33-c3ea-62fd03f8dbb8	0.9313	M
1	>c9b228bf-dea7-56e9-326c-daae97e59847	0.9187	M
1	>7e6afacf-fa32-5e61-8ecc-b641983b4d53	0.9172	M
1	>faa34216-6f98-58dd-79f6-87f3d40318a9	0.9223	M
1	>034d299c-b018-5e3a-ed24-8ded3d314d33	0.9149	M
1	>64a839f4-a78f-f10b-1d02-61da4c487178	0.9431	M
1	>9723a187-8459-3217-4d41-d427fc41ee84	0.9767	M
1	>024ab1ba-5144-09ee-f76c-b66de71466ac	0.9135	M
1	>6df585d2-6f3d-b093-e110-f14030a867f8	0.8927	E
1	>e0dd60c8-e5eb-213f-3292-8057c81f0613	0.9219	M
1	>a957e0b2-ab72-368a-ba0c-eeff5630b644	0.9145	M
1	>554e25c3-57ea-4fca-030e-e4410a31f9ab	0.9441	M
1	>b02900c1-2208-c587-1ac7-490edbb0f782	0.9617	M
1	>9b407f5b-2b74-37e3-36b9-ef8343e7f745	0.9190	M
1	>92a0db78-5d0a-2906-264f-b102c9de860f	0.8922	E
1	>a79d34ac-cd07-f6df-6cb7-60988b93d07c	0.9308	M
1	>f6dda908-ff38-5dbc-daa9-1d92135f0bab	0.8978	E
1	>af5401e9-f906-191b-474b-2f7ecbd06701	0.9195	M
1	>9c1515fe-d0e1-30af-bb42-13e49104fe74	0.9199	M
1	>dc8e119d-91d2-c13f-01c2-44ee34d33a2d	0.9210	M
1	>46515185-bd65-cb77-fa72-57941cbf1683	0.9255	M
1	>d4fd9932-7c95-bc8e-1b9c-14b8f97e07f1	0.9031	M
1	>a328556c-50ad-d861-b38d-4419522c0d27	0.9356	M
1	>dfbe092c-a2e9-60e7-3a62-303e0ec22999	0.9178	M
1	>fcea124a-6a16-a069-7a4e-4ed9da4a67b9	0.9006	M
1	>309e6154-563b-42c7-dbaa-c4aa252411e4	0.9078	M
1	>e684f0fe-b9dc-4e4b-d81b-b3bf8ba2dfd2	0.9358	M
1	>abaf76cd-39d4-9140-7beb-18e735b1f576	0.9198	M
1	>4a317d4e-e2c8-1eb3-e67d-ecd04f3eea94	0.9259	M
1	>a2687a77-12f0-9daa-1120-203aeeeeb634	0.8994	E
1	>b44eead0-5685-b344-9d86-62afa406763f	0.9933	M
1	>82785f87-2959-a6af-ade3-c7f90d736adb	0.9257	M
1	>0c30409d-202c-e224-3a99-6ed3d0f30de3	0.9056	M
1	>5402bfca-b60b-d4ea-ff23-201d41dc1ad3	0.9177	M
1	>0b695e44-7842-2dbb-cc4d-43fce4f5f9e5	0.9868	M
1	>1da9755c-4a94-4da5-7503-8c00ed79b842	0.9169	M
1	>3a5e6e61-3ec7-eb6e-e1b9-0964d2cde7ca	0.9095	M
1	>1c11e46c-9518-39aa-0df3-5e90d75e6108	0.9051	M
1	>63ac8ce1-af83-5b6c-5583-340a7e5609d0	0.9428	M
1	>9fc832da-0b1b-cd0b-37c9-e33515a7ec87	0.9218	M
1	>62990300-a212-5b39-6e72-ff66e1175a68	0.9625	M
1	>81b21fdf-662c-af8a-f74b-6ffe000bbb15	0.9274	M
1	>d994096f-69e3-827b-39e2-5e6b20232a4e	0.9048	M
1	>74916fb0-1bd0-a875-ad78-adc9c844902a	0.9241	M
1	>81101997-c79d-fd85-13e5-db5f7784f0cf	0.8881	E
1	>485c2f8a-9650-f267-9873-a78c83c55e2b	0.9338	M
1	>6267901e-10ac-1493-5fd9-dd43e6ab657d	0.9209	M
1	>076abb43-c29b-a1ef-d413-6e5e44a5b9cb	0.9252	M
1	>e3838d1c-4c59-7342-28ec-d083ef5f1672	0.9045	M
1	>63141225-9437-fb0e-0114-d2ba5e956c69	0.9130	M
1	>7b8016e2-0e1c-dee1-763a-f6d311865052	0.8903	E
1	>fd08a493-37e3-c544-de02-7da04814ab8b	0.9156	M
1	>7405be75-786d-e29f-d19e-c7119e370870	0.8910	E
1	>0fa343c0-edda-3c32-25a7-056d943c5c5f	0.8911	E
1	>0d41a216-8d44-49e2-4f15-cfb4da3fa4ed	0.9228	M
1	>5743b577-e11a-9f45-2684-ddb7aea34fcb	0.8989	E
1	>ae1cf831-6b75-156c-40a4-db6603b38135	0.9192	M
1	>8df1f561-2138-91e4-e077-7aeb1de036cb	0.9252	M
1	>c118c902-7cba-3d5c-64d0-434dc5543671	0.9150	M
1	>ea8de238-d05f-e7c2-1b3a-193a965fe81f	0.9176	M
1	>c1f62673-1513-a749-4c07-438b3e5e3d07	0.9117	M
1	>f4b9002d-1781-3862-bf64-80188113ccd9	0.9130	M
1	>dd9074b7-9aa0-a2a4-192c-2110487da79c	0.9194	M
1	>a3afcd41-b676-1a9b-366d-7a16c8a09842	0.9339	M
1	>00d6af0b-382b-d243-fdfa-d0d17b4a7003	0.8951	E
1	>1293c19c-eb1c-4ee6-f9b6-d2597edb3261	0.9203	M
1	>abcbfc7a-120e-9f4c-c601-5b38599ff8e1	0.9074	M
1	>e6e08640-7093-87ba-3fee-0408f8c684c9	0.9174	M
1	>90712cb6-dbeb-2cc7-d7fa-475e727209eb	0.9387	M
1	>38816a51-5c7b-703c-c86a-91cc93fd888e	0.9167	M
1	>21d2ab1e-a2b8-c50f-409a-ad37e75571f2	0.9101	M
1	>bfd3b58c-1ba7-f3c6-0481-e512e8c7645e	0.9424	M
1	>18b745cd-2047-f778-4a17-3ef8a69ba38f	0.9317	M
1	>b60c57f5-d40b-8399-739f-1b4ae0134a38	0.9419	M
1	>089199ad-d1df-3489-8c09-c087eda39d5b	0.9062	M
1	>51bbfb1a-96b6-9f0c-63e7-eec275558661	0.9233	M
1	>c5613025-b0f4-94c0-279e-b08bccfd58bb	0.9115	M
1	>e9592dab-8324-e585-738b-f1e30dcfa87c	0.8971	E
1	>835a518e-797a-8cff-1d4c-6f1c1e00b09d	0.9397	M
1	>e36924e8-80e2-089e-b884-018e62d22cb0	0.9382	M
1	>b9e74d4d-5597-d8a5-4317-0f11c97da9e1	0.9248	M
1	>a532bc81-daaf-19aa-0212-c90d922061ed	0.8844	E
1	>0dfde4ad-9c79-e013-a5f6-86a763bbcdb4	0.9202	M
1	>70d93333-eb08-9459-db24-3a077790859b	0.9378	M
1	>f90d62e8-7c81-3587-0d37-dacd1147ba67	0.9143	M
1	>5617d5bc-0a3c-b85e-c0f8-7a581b29ff34	0.9170	M
1	>24ba33e9-9322-3c3e-52d4-47361f2a67c6	0.9338	M
1	>ea6ed105-e108-2902-4604-66ef75125832	0.9376	M
1	>203eb32b-f5eb-32f4-52b3-8e1818ce9e0c	0.8862	E
1	>db9a8b39-3e21-b822-5791-3e24ea734746	0.9291	M
1	>20dc31a9-3a23-0f28-4f0a-e41ab590e0f4	0.9113	M
1	>c25113fc-a030-4669-ea8b-30849143252f	0.9148	M
1	>a9b8e389-8e39-a622-b3fd-3d08a6ef7c77	0.9257	M
1	>253515bc-9ad1-de08-4717-b393d8125981	0.9234	M
1	>d0862dc3-aba2-3fe9-9529-596e728028e0	0.8965	E
1	>4e76fb4e-55e5-5b77-90ad-b1474e49f32b	0.9351	M
1	>555139c8-ebd5-cb4f-c147-b7f4167f6d8e	0.9302	M
1	>446ae3a3-16fc-a49b-bb22-01995db43652	0.8997	E
1	>4c5ba706-be56-e276-7fee-68c006c3b572	0.9401	M
1	>fec24b42-2c1e-f48c-6d7f-5a99b5c8fbdd	0.9155	M
1	>8c79c53d-33cb-d02a-3ca3-694057a6fbec	0.8952	E
1	>c91860ee-b48e-5da2-2e4a-7dfeffd68708	0.9200	M
1	>2fdeced0-8dc6-05f8-85fe-d3a9c7a08133	0.9278	M
1	>26587079-ef4c-c02c-da2a-0aade739015f	0.8931	E
1	>73e81b7f-552f-b08a-66f4-7f3099406d17	0.8903	E
1	>10b2d1f1-9618-52b5-e3a0-81dca6610358	0.9090	M
1	>ef2948f5-6500-419f-68fe-7885268e6804	0.9433	M
1	>c8473da8-ff17-83bc-d152-b59263117a1a	0.9028	M
1	>5de3aa45-7b02-de3f-8c78-1e05e4dec771	0.8896	E
1	>c52f73ef-5f84-6bb5-3780-bd16c9e6ef36	0.9198	M
1	>f60b1e13-74d3-7c35-5847-f8b77532afe2	0.9271	M
1	>f77983c7-3a02-14e3-114d-331c07b74d7c	0.9380	M
1	>b318f24f-0c24-af62-5385-4f6d3b8728a7	0.9305	M
1	>664fd7df-9608-42a2-1a94-351878d390fa	0.9128	M
1	>2bdfea49-1c64-7a98-4601-fe1fa675875b	0.9164	M
1	>fd199422-38c8-273d-4986-7aa62197928d	0.9771	M
1	>2f852aff-7895-56b8-0a09-49c172d5ff7e	0.9808	M
1	>f32fcfac-5e2e-f734-6660-f69e3d791801	0.9207	M
1	>44449d3b-ecb7-cc5e-3b59-84a9564b418d	0.9096	M
1	>e0671330-163b-4f47-39f7-3d560fd22dae	0.9188	M
1	>4209719f-c4fe-30c7-93f9-7e738a234d67	0.9170	M
1	>0606d33d-2a8b-e2c8-d524-646da681f151	0.9230	M
1	>322cdcd5-497d-302f-9b74-f4350e3b4aab	0.9402	M
1	>91e8a4e9-1fdb-09a8-f656-29646424e069	0.9223	M
1	>ecb485b0-51c3-635d-9c09-12b4f26f8596	0.9208	M
1	>b422e648-50a6-b1cb-1d29-d87a1598a4bb	0.9314	M
1	>06c5d511-1708-71ef-f75e-2b9a38bcdad1	0.8954	E
1	>56eb8cde-f30c-1b39-54c3-2138167d6208	0.9284	M
1	>a8cb714c-a372-2b46-61cf-7fc4baec77b5	0.9073	M
1	>dcbaf34e-34fc-d094-9a3f-a803f93b8e6c	0.9201	M
1	>8452ccb8-5da8-1cfe-da96-ed9944d2e3d0	0.9164	M
1	>10efb97b-a22f-4517-5123-c77ad7094fdf	0.9009	M
1	>5f0684d4-f152-f3da-0687-ca62fa7f5483	0.8999	E
1	>1da75ce9-6ef6-caa3-9389-3ab594b64e59	0.9363	M
1	>1978bc1c-f0b1-f298-fb70-c881aae640d5	0.9322	M
1	>4e63adec-1d53-90ef-3eef-5517739b0b8b	0.9301	M
1	>b73b170a-820c-1ce7-8bd2-6ea9fbc87e53	0.9221	M
1	>4215a446-29c6-a4fb-f047-e45d5f789ffe	0.8999	E
1	>be52efde-e5cc-2f79-2f53-7ded1ca390c1	0.9313	M

2	>6b464916-4239-9365-43ef-a8bb387ae17e	0.9092	M
2	>750b1596-0852-b80c-d5dc-cf6258c9bf89	0.9173	M
2	>790f220f-468c-6b4d-a7f8-51a3cd18ccd1	0.8872	E
2	>2a346050-14a8-0a4f-bec0-4591b652fb69	0.9265	M
2	>3064b0d6-f683-ae96-0018-808c3143635b	0.9180	M
2	>0e33cad7-2445-04b9-fc85-45125a730474	0.9281	M
2	>97fe86c8-5450-a181-c9a3-73bdab04d098	0.8957	E
2	>87d15c08-4e1a-060f-bf3b-61430a6888c1	0.9297	M
2	>477122d0-492c-1323-0f60-c2f377e09179	0.9019	M
2	>521f1ab2-1cee-88ba-fb61-2bede2ff19e1	0.8949	E
2	>38dd7737-13b6-bf0d-6f63-18165be410c8	0.9359	M
2	>e00231aa-c4aa-fcd3-b5f7-f32575d902ae	0.9334	M
2	>1495f7ce-6f8e-c03c-3b17-75d6e0a7e344	0.9350	M
2	>f4db0ddc-573f-4982-4dcc-08c0e045b037	0.8932	E
2	>c94a3369-d5ab-0812-6220-21dc65f9478b	0.9281	M
2	>8574c87b-c1aa-591d-fb41-75b38111ef3c	0.9098	M
2	>494bc10a-764f-377b-dd68-84094f59a253	0.9052	M
2	>53ac39b9-c9f4-f688-0f70-252a5e32d20d	0.9163	M
2	>a5dfd4d7-dcde-5b71-25db-f5b2328b65c3	0.9147	M
2	>222828cf-d11a-e0bb-8f46-ff37052cbceb	0.9063	M
2	>225231c1-b6d5-fb38-2f3a-adbc62717fda	0.9264	M
2	>1afa016c-283d-a7ea-a2b3-5b11ae767780	0.9194	M
2	>6a6b527a-a0ea-b92f-374a-42183920f35f	0.9848	M
2	>92b98294-5e3a-271c-8ce8-d22a19d2f718	0.9237	M
2	>44554280-f086-231d-e64c-3e2230187c35	0.9303	M
2	>c668fac4-fea1-2ba5-3ede-7e669e086896	0.9038	M
2	>706598df-5b73-73f3-e791-3b56e331bbc4	0.9267	M
2	>6814aa1f-7324-b54b-46d3-2c7de20166ff	0.9236	M
2	>d7af4c76-d00d-9da2-3499-49737d87a499	0.9381	M
2	>6015acf8-b675-9fc7-056c-c0d0fa89b750	0.9201	M
2	>e499bf28-7dbb-907e-9ab3-6146eeb7bcff	0.9219	M
2	>70c639f8-2ddc-9df8-59dc-0ad3c40d8078	0.9091	M
2	>cc08ff05-5700-7e06-933f-7a6807bef2ad	0.9154	M
2	>8c795392-b427-de9f-0a39-67b7a710ec17	0.8923	E
2	>8b0a118f-bd91-ebd4-82a6-f3f63bae9054	0.9325	M
2	>63340b07-3a4e-b7bb-95ac-d30de041f49e	0.9150	M
2	>4ffcc10e-4d8e-cbca-eb5d-29710a1e5578	0.9323	M
2	>67ac6567-51b1-197d-947f-97b29d416a2a	0.9340	M
2	>9cc5be1a-352c-cb73-12d7-6429fe18d0e7	0.9415	M
2	>7b7e5b4b-d347-bdab-04ec-7ef7a9887d4e	0.8908	E
2	>63a3eb81-8335-06a9-a7ca-5f6c8e9970fa	0.9287	M
2	>be4469fb-6510-6a1d-f647-b2573b372781	0.8903	E
2	>1cf49cbe-580e-287d-b8e6-916d1d24824d	0.9186	M
2	>ec95507a-fc68-f6c6-e9ff-296217c02fcb	0.8968	E
2	>8116bdb0-53b5-e3dc-7577-b42f9521ab0c	0.9277	M
2	>678a303e-7efc-8899-efac-2c04e7686938	0.9208	M
2	>2c62b89b-e77e-925d-7a7a-295391b16350	0.9239	M
2	>1bed1032-6de3-bbb8-feda-855a0d545cd3	0.9314	M
2	>5491b15a-e1d0-ab34-7129-d36a509874eb	0.8904	E
2	>c9793ffa-3793-db90-3da5-7c01e922b27a	0.9176	M
2	>59865cac-6274-3e70-58ca-c72df3f86f63	0.9133	M
2	>4442f7d9-34e0-fa3b-a771-0bad3b3b6f7b	0.9189	M
2	>5204fd51-c58c-53f7-86a4-e7935445df5c	0.9749	M
2	>292e123c-2cd6-320c-afc4-1c51d39a890e	0.9206	M
2	>60b09e33-b5d9-d859-f8cc-f574889899c3	0.9214	M
2	>58f97678-9e4d-feff-449c-37fe052f8d1a	0.9111	M
2	>2eb9667d-acbb-8f53-ee6e-c475f514361e	0.9881	M
2	>d4d7e4ab-b03a-05d0-7635-22eec6122d96	0.9144	M
2	>630efd37-2ef9-5f15-9fa7-6bd8fc30859b	0.9157	M
2	>6857ab6d-72d5-34b8-5e45-344334ee83fb	0.9791	M
2	>f73bd2e4-9870-9597-165d-de7d9ac54bda	0.8990	E
2	>9798d15e-2ddc-4b47-d39a-4e682f15fb8e	0.9273	M
2	>179866d9-f9b4-4384-784f-beec35d31feb	0.9173	M
2	>b56afe0d-ca81-acda-c977-cb34665518a5	0.9195	M
2	>7434c6cf-ca47-a9e1-215e-9189103da599	0.9182	M
2	>581e7ad8-7430-7eee-6848-18870acf61b4	0.9689	M
2	>b46acdfb-fe34-de20-a46a-bc298c87e49f	0.9146	M
2	>5735ec46-07da-e15b-178d-48f49abc184c	0.9075	M
2	>d362e575-9c49-5878-ea95-dccca56d1705	0.8846	E
2	>80a55a6e-dcf1-a7e3-9dbb-99c6eacf36e7	0.9268	M
2	>8184ae7f-a704-6869-3fa8-621cc118650d	0.9117	M
2	>eba16b27-2fc6-0f4e-d1fc-a295db6183ed	0.9607	M
2	>aef62db6-aef2-6b69-d88f-5dd807be53bd	0.9270	M
2	>8bf58a54-438a-bf12-10e7-861e61800552	0.9204	M
2	>8e270b73-2650-1ffd-83b6-4523acdf7a09	0.9046	M
2	>32564472-7b69-9287-3d50-667b495147b2	0.9220	M
2	>d34b6e52-3dba-a24a-4934-18b06681fdc4	0.8910	E
2	>5bd1763d-f4fc-d41c-2734-df96763a0f3d	0.9256	M
2	>cb33ebf3-72bb-a70a-daa1-1809a5d39242	0.9088	M
2	>34aa715a-bc8c-e18d-9220-8f8571383955	0.9180	M
2	>1fac1174-35b9-9df2-3917-cc84e7493ca9	0.9062	M
2	>6c321507-1c33-80e3-68ea-3181cce008a3	0.9361	M
2	>ed9e07da-163a-c24b-24db-105ce5280919	0.9346	M
2	>0a9e6edb-973c-13d7-b61a-118d28154d0e	0.9094	M
2	>b1de8d32-4a11-f039-04ef-39f11e836171	0.9199	M
2	>cc1edc81-b401-6de0-ab3a-ae1d83668aec	0.9148	M
2	>4440ca7b-2a0f-9782-a6b5-7d14221b3f46	0.9794	M
2	>536614a9-ebee-cb81-73cd-a326165a566d	0.9081	M
2	>a496fb1a-0e08-52d1-ab60-1399d63550c0	0.9069	M
2	>6bc553d9-3ccc-3ecb-9230-9ea3ac558e26	0.9239	M
2	>4b827431-d8de-4b97-b797-35d547bf3e43	0.8994	E
2	>5f9ba0b6-9fbd-3c9d-3c6d-ac1ff5630d9d	0.9248	M
2	>83b18493-0191-a2cb-effa-844435b0165a	0.9022	M
2	>584e290e-0568-2294-e3d0-f6e29fb79aeb	0.9866	M
2	>e0810aed-70d4-14cf-045e-c8f23a0d05ef	0.9253	M
2	>aa7e7778-a2fb-1691-c60d-9c758d21cd72	0.9325	M
2	>f4730f02-8403-2102-2732-cedc89b5a4e5	0.8930	E
2	>7f9c30ad-6cc3-3dbb-0166-0dfe3ce19e31	0.9210	M
2	>6fcbedac-5284-31bb-aeea-07889155c93b	0.9256	M
2	>67cec131-300a-882d-c947-61b6504ff804	0.9142	M
2	>fbd15cb0-2331-03f5-a87f-b043c5cfd91e	0.9215	M
2	>2f950856-434a-f54a-9ef1-8386bf94a1f8	0.9098	M
2	>af4fe859-0705-21e2-efef-64d47a0d46d8	0.9369	M
2	>ec3051c4-9885-4b6a-3f11-2f32bd09cc8f	0.9082	M
2	>d0918fd7-2ee7-6ff8-ec8f-bbf55470fd99	0.9207	M
2	>fb6c2d89-6657-c8b1-7ae9-8039d9410f56	0.9204	M
2	>a73b7a2c-0bd2-0cc4-6648-d8066f622e72	0.9226	M
2	>1e958377-7050-8daa-9db1-d11e7473d510	0.9204	M
2	>3a0fc396-518e-9eca-1658-9b5250433217	0.9098	M
2	>a74ef7a4-f5ce-6116-79f5-a9f275750953	0.9118	M
2	>fa5c1f87-d2ff-0efa-e225-a12b2a87ea67	0.8971	E
2	>d40fabbf-c681-d703-9349-86b791c4ba53	0.9380	M
2	>45b11bbb-83dc-8854-20c9-514d2be6633b	0.9245	M
2	>b861bf63-fb28-4a59-7dda-9897abfe7690	0.9178	M
2	>00dde40a-8d61-9a7d-ccc0-ffd0b34d82cf	0.9836	M
2	>4de6d3e9-088b-26c8-66be-7f968c6898b6	0.9744	M
2	>412c379c-1cf5-f10d-0179-f9755b73d842	0.9233	M
2	>91ec723c-5cd1-bb59-c5da-8eeb565626cd	0.9144	M
2	>38071eb8-f90d-3c6f-0f61-b8d2ce77b64b	0.8976	E
2	>146fb0b1-c35c-8200-9d07-cc39980956b0	0.9268	M
2	>ffaf04f2-6c1d-2f7d-1135-1b6b1176ac9d	0.9327	M
2	>43419e6c-968a-aefe-1af6-aefba01711c8	0.9159	M
2	>4ad7bb3f-7b00-5d2d-3dc6-d1944f930dc8	0.9306	M
2	>32b04db2-8b64-1e23-aa09-87d7391757ec	0.9130	M
2	>acb2acb5-81c9-dd0c-b2ef-ab1c26434c56	0.9149	M
2	>26bc3ead-bd96-f968-c456-ac5fc1c00811	0.9184	M
2	>c65966a4-eb28-298e-e1c9-64e3a4fc1399	0.9212	M
2	>0972bf18-9342-a398-271c-1abe3e3c8202	0.9080	M
2	>52cf240a-be75-c2cf-ff23-b25cf5b33816	0.9247	M
2	>5bb89ff4-71b0-213a-4804-086fc70e2f03	0.9245	M
2	>2fadbc1d-53bc-36a6-385e-cec80755872e	0.9550	M
2	>3db0ae41-dc08-4b73-0686-a67c5af55d66	0.9103	M
2	>4ef3f179-7350-f55d-7572-4c064fd41874	0.9153	M
2	>cb46cd4a-b5e4-21af-cf53-5c86b5034e9f	0.9261	M
2	>38dca160-3cdc-44d7-e520-6f8c97801d9b	0.8912	E
2	>f892c1fc-8f3d-d8b5-613b-3864f918a799	0.9101	M
2	>76832de6-4fc4-8222-ff24-487fdf0a5ec3	0.9191	M
2	>71ac0234-1cb4-0225-4b28-1e2e2fb594a1	0.9701	M
2	>3184fe06-66bc-435d-1f2b-d980595314a5	0.8960	E
2	>bd0e0ee0-0375-8126-4f84-95f682756b89	0.9207	M
2	>95bd1e84-1f54-b3f8-c8d9-67549090cfb9	0.8869	E
2	>94f22f51-f411-52ad-7b20-e506a4e77791	0.9142	M
2	>64be7b8c-7339-7642-316b-2064d3139b1c	0.9073	M
2	>9280cb88-4011-1cab-839f-07f50a4e20fe	0.9228	M
2	>88f28985-23b7-e7fc-c1d7-716a6d05a1a2	0.9115	M
2	>d185b424-8f28-810a-3ea1-b0b1f32e6f16	0.9269	M
2	>b8b5f62e-bcba-9c84-9398-60b9db92f0e5	0.9234	M
2	>baa1a0ac-ffdc-1ee1-5a32-70db9870d611	0.9073	M
2	>557180a9-0bb3-9e6b-5c98-aa59238b2a55	0.9139	M
2	>b5bf0070-7a43-9752-7c04-4bbaade49efb	0.9377	M
2	>7346bca0-d849-7efa-1a33-ed3fa2bc8330	0.8916	E
2	>8e4d9a07-7a3c-9ce6-42cb-26669f838067	0.9202	M
2	>77366e61-3d7c-8cbe-e242-8e4671952acc	0.9229	M
2	>c60570bb-6300-adfa-bedf-906adc994beb	0.9325	M
2	>0d9be99c-0ca3-a834-744f-ae06ab84f2c0	0.9175	M
2	>f9e4fdbe-e37a-18a2-4e25-9560ca4cc840	0.9185	M
2	>5a821eb8-5c56-6772-5ff0-4aa7b3b22c66	0.9873	M
2	>205f16f9-d92e-37ce-9914-f1e75206d635	0.9078	M
2	>129e2671-91be-75ac-373e-9dcaa7465833	0.8970	E
2	>089c6415-3617-672a-688f-aee5bda12bf8	0.9364	M
2	>c7436650-1e89-f15b-b9de-96553a571f73	0.8911	E
2	>9c8672e4-736b-2b5a-37bd-10f1894a895a	0.9281	M
2	>2a4a0038-62e0-f18a-027e-91b8b7028244	0.8839	E
2	>3480cf9a-2784-6299-cd97-f139edeb38dd	0.9250	M
2	>fa276a4c-37c6-cd7f-9092-e7fe7afda99c	0.9350	M
2	>780070ab-f574-3459-961a-55e43654f622	0.9172	M
2	>db4de38f-c6c7-485d-75f8-714fb0e09419	0.9152	M
2	>d2760c14-c969-78ca-4b73-60cdab2dc782	0.9134	M
2	>17dc28b5-209d-8caa-874b-b4936007551d	0.9246	M
2	>6ec079aa-9881-a18c-df2b-4b6e2825ab95	0.9208	M
2	>41d9adb8-8e02-c2e0-d953-7c395c0c8d07	0.9075	M
2	>91d7573b-d8b4-8a15-1e76-30679771228d	0.9366	M
2	>d8f4c900-2583-fc63-5964-c2d6f6edb616	0.9237	M
2	>f5bd48c8-253f-4f3a-756b-3fed1dca5107	0.9258	M
2	>1bf7f4db-fc72-666c-9102-471699e4c87a	0.9058	M
2	>311bce07-93dc-8784-d717-69e244ac7dad	0.9130	M
2	>0f15ff41-3641-5063-b2b6-bac15d55e011	0.8976	E
2	>b454115c-9e1f-dbde-0fed-bc59393da7c4	0.9318	M
2	>57de8c2d-3bc7-c942-0118-89bbef7bd8d2	0.9132	M
2	>a8dc54f1-40ae-6854-034b-57b3c90dc809	0.9222	M
2	>484bc7c2-d323-2766-f071-f5dbeea90c1c	0.9136	M
2	>71a64956-59b9-4975-f776-e852e10944c2	0.8845	E
2	>bbb66fd7-0aa3-e4bf-3d18-d83c77922f69	0.9076	M
2	>7a00fed7-38c6-586c-51c8-7ab0e6f05ba6	0.8934	E
2	>871bf75e-8758-78ee-7184-af4ace091020	0.9657	M
2	>6bd359c4-a415-69dd-795d-8e215ebbd2da	0.8994	E
2	>c52b5e87-2d18-5ab4-0e72-06d4fd18ceb6	0.9167	M
2	>939b24b3-c7c4-0d6d-2371-bf46a2758347	0.9185	M
2	>0c65657b-42a3-7f42-1fbc-9a7450b0b01e	0.9234	M
2	>ecc36574-25f8-adb5-e115-fbeaee65d246	0.9214	M
2	>7cafbc64-0698-afec-0c73-fa8ed66305c0	0.9329	M
2	>5967e929-a495-a055-296d-dc2682a13f21	0.9211	M
2	>5fd4873e-08c8-9b78-863d-0ff4ec6dd9ab	0.9194	M
2	>eab39a61-ae3d-e2a1-760f-26b65f08988e	0.9275	M
2	>7a9bd27a-b325-7f2d-21a6-ceec5d37997e	0.9251	M
2	>fefaf395-3eb0-f40d-b62d-641c08c340e4	0.9159	M
2	>73a889b6-a47b-a8ad-f454-950e9ac58e4c	0.9263	M
2	>1f1a021c-89dd-8b98-f95b-dfd09db85141	0.9145	M
2	>9d6ecc88-986e-8173-5b6f-51ac4671c59d	0.9133	M
2	>1810bf96-c6a2-429b-ad87-0f6427893b4c	0.9112	M
2	>767af8f8-8fd5-46c3-bff7-4c56aca6d9ae	0.9240	M
2	>7b25e938-4220-27ce-b1e3-fab3802a0071	0.9759	M
2	>49a9c027-957e-1307-4428-2f52046a6ba3	0.9280	M
2	>725b5e66-b761-2bf2-e6e9-ff21f69609ab	0.9141	M
2	>f7899a88-83d6-4839-e014-69466800b10f	0.9260	M
2	>db35f282-46c4-ebf6-8aa6-cd6edb03593b	0.9050	M
2	>e7d48851-f683-0976-c6d9-dd280b5298c3	0.9244	M
2	>61272859-1cb1-6beb-921d-d21fef8f6586	0.9172	M
2	>bc1964ef-ac01-5435-5e50-d448eb08bf6d	0.9224	M
2	>bc7bda45-0f4b-4747-a060-778ffe80ca38	0.8981	E
2	>68ba13c8-7900-5fe1-d968-92f2d6dcb595	0.9252	M
2	>c9ca7902-b52e-a88a-1b2d-b96170c463a1	0.9748	M
2	>9308fed9-d0c1-929b-46ca-87009673b392	0.9289	M
2	>5d554629-cde5-6ab3-5a64-3078cd50bc99	0.9375	M
2	>49edbcc3-6a5a-4311-5eb6-0e356dfc9eb9	0.9074	M
2	>e41cf952-d02e-ab4f-7bfd-a8858761e57b	0.9227	M
2	>73db681e-92f4-c0df-4585-bec6ab3bb8e4	0.9369	M
2	>13ddda9e-6d4d-f23c-f200-939155777873	0.9130	M
2	>0ad83523-626c-5ee7-1c13-6843ed89cda1	0.9668	M
2	>a26c1cdf-228f-1458-b880-8ce540ba9c45	0.9189	M
2	>2b3b326d-5b47-ecae-ce70-239ab2114eb2	0.9117	M
2	>89f4ad31-c441-e984-25ba-2381100c0b89	0.9152	M
2	>275b8a00-926e-540e-21fe-a0ddd964cee9	0.9208	M
2	>93b020e8-e44a-2939-86ba-cfaff9f5a74d	0.9346	M
2	>46e2d160-2b22-d35c-394d-c95c3b4f52ed	0.9088	M
2	>6a059e24-2c80-f37a-f0d3-0dd9b268291e	0.9074	M
2	>11a6ddfd-0890-c3fc-0435-de4cb1404ce8	0.9238	M
2	>22a7a81d-1a2b-dde7-7ca4-3fc7b85e4c34	0.9091	M
2	>28be77b7-c709-20d6-d1be-75ae470ab61c	0.9028	M
2	>54a25a32-360e-1a62-7010-44d4fc282e6a	0.9253	M
2	>83a65f1d-6aba-7cfe-83a9-4cf9e86304b6	0.9766	M
2	>7d475191-2468-0058-899b-cbf2afd39312	0.9359	M
2	>6ec459d9-3691-a972-2a1d-34367dad3f9e	0.9138	M
2	>5bccd6f4-0b86-423f-530f-a27443bdf8d4	0.9217	M
2	>01456a0a-238b-43d2-2299-2b99bcaa9991	0.9250	M
2	>a3476985-b8e0-e0b7-33c3-6b0d3bd701f0	0.9142	M
2	>ea999ffe-02b6-e29d-4fea-11b02c45b3ee	0.9420	M
2	>f8a8e516-5c87-7be3-e138-ce95768fad8f	0.9137	M
2	>1453d016-6a23-932a-4690-2cae212f7de3	0.9223	M
2	>8e3c9f3d-db0d-79d4-8ad1-fd65e1454988	0.9117	M
2	>7180c4b2-eb4e-4242-dc81-05e819b31b12	0.9192	M
2	>2d791f5d-7071-894b-324a-d453f514b12b	0.9383	M
2	>28a9ba76-67c3-c2b0-e95b-894ba03e9340	0.8977	E
2	>678fdb04-5c62-5267-d922-e0467ec70522	0.9231	M
2	>36e70331-e8e2-0a95-af7c-39c0c9791fe3	0.9074	M
2	>15b8b767-d89d-0905-e3bd-498ae41d4f76	0.9216	M
2	>ce8dbbb8-012e-fd41-01fc-e40126a5cbd4	0.9065	M
2	>0b677646-22ad-d173-ed7f-d9e540c28bad	0.9110	M
2	>052bea35-e438-5048-4fd8-44302123e803	0.9290	M
2	>dabcaa05-bd48-c791-57e1-f17911df16f5	0.8969	E
2	>e2967ffa-d2c7-2405-4c41-8c78b2d042c1	0.9222	M
2	>10d76dd4-23a7-2f46-0185-40f92298be15	0.9795	M
2	>a4fff0eb-3165-814e-0bfc-5f2871956e82	0.9156	M
2	>d9c46c80-94cf-a75e-452d-d7eec6e5894c	0.9298	M
2	>ba842028-8d4a-c1f9-804e-2f0a0e233790	0.9196	M
2	>285e204d-2f03-db15-bdc8-aa239aaf0d6e	0.9252	M
2	>f4f40039-337c-e7d5-d1fd-4d8194d2fd42	0.8850	E
2	>d6a2b6e4-fe77-a853-9161-25fc4de12e5e	0.9241	M
2	>fb5f277a-82d9-d7bc-fc34-09c1e2f1f0b4	0.9257	M
2	>33a1cbc8-e442-7452-cfb1-fc9b0e2082a4	0.9369	M
2	>222b180d-a8ee-e629-1039-a5a5a477fe5c	0.9098	M
2	>9035f326-3e6a-72c3-9bef-26b3e2fd6ee0	0.9189	M
2	>60cb1e5b-19f8-eae9-d84c-892997a59906	0.9321	M
2	>f882dcc3-933c-7df8-eb10-b474df4ff1ce	0.9209	M
2	>eaa1e50d-82f2-1fbf-f920-5c8d35793855	0.9520	M
2	>ab065cc4-f840-d41a-dd63-4b68e0ddc89c	0.9191	M
2	>92ca8382-780b-b221-8bd6-1fc7775fa6a2	0.9850	M
2	>0c7f46da-60eb-bc9d-d929-2d04659b8ce3	0.9004	M
2	>01ab64b2-5df9-d2b9-c19e-56234142786b	0.9287	M
2	>63d0e36a-2659-23d3-4ade-bd78af7cc18f	0.9247	M
2	>76a59531-e52c-f789-c026-1c46439aadf5	0.8993	E
2	>5076a5bc-748a-dc8a-41f1-d6c9692b6d6f	0.9230	M
2	>cb590850-0bee-84ab-f872-491a8921199a	0.9300	M
2	>978c0931-0a1f-211b-9939-349ccda5ea9a	0.9250	M
2	>cf857dc5-5641-8bbf-13d5-3fdd59ebe5c7	0.8990	E
2	>bc8c4833-c62d-2475-7294-e9f41debc4b4	0.9236	M
2	>02d9e01e-0c54-2db2-0198-22799dcc428f	0.8997	E
2	>4764459a-ec1e-5b5d-f52d-4ed5f07be481	0.9075	M
2	>bf8bb975-1ba6-a743-2798-5e0e280039c1	0.9858	M
2	>8e2e3538-9271-b773-d52b-f45c516ca667	0.9810	M
2	>e3126a47-5fbb-714c-4667-4f0c1ed7ebb9	0.9219	M
2	>113e57a5-2a54-5fdf-7159-2b47b09d23f0	0.9314	M
2	>9eebc3e1-2d9c-dfdd-2989-b42f58f6f6b3	0.8948	E
2	>602cf2a7-6e1d-c7e8-d4f2-2f6ce9bbf932	0.9102	M
2	>b5f49773-2e3c-68a5-8765-767c27ab3342	0.9121	M
2	>0b1f593a-35f1-092f-85ed-a52abadd31aa	0.9384	M
2	>61e1ad7a-7b8c-7f36-5237-1e51b7b9e9e1	0.9065	M
2	>4cb8534c-0e5f-2069-a61e-ade632883d0a	0.9138	M
2	>bc1034c7-dba7-b5cc-b49c-6bbe8d5b6fb6	0.9188	M
2	>5ee3c16d-536f-7086-bfdd-9aeee0c503d9	0.9107	M
2	>a804db3e-b306-b7fe-79d9-5006ebbfc487	0.9039	M
2	>955f7b95-3bf9-40a2-4792-213ba6d1ddfb	0.9266	M
2	>ffe8b609-7f41-08a3-d8a4-db4eae6bfe94	0.9404	M
2	>0efb8c51-778f-7106-cf8a-812409468ca0	0.9310	M
2	>d5351b33-23ff-18f5-f238-0d0b5d6408af	0.9339	M
2	>fafa2553-4a5f-78d6-8704-908d8a2fd7b4	0.9580	M
2	>42425427-4f5c-b9ff-6987-c47174579717	0.9352	M
2	>7e2ad9f5-22c3-2be9-d647-fa7209280d8a	0.9274	M
2	>79af667e-8378-4a5d-5971-94908bef70a2	0.9629	M
2	>7af9db59-5c05-d048-36a3-7428ed6f99ba	0.9145	M
2	>2a5d51bb-3347-7d70-5fdc-380037a28851	0.9298	M
2	>086e9b3e-c4c4-9c20-1799-a8184d53f73d	0.9315	M
2	>dd5d1dde-6702-fee5-53d2-af83896a9860	0.9780	M
2	>72b9d213-7d54-bd35-f713-0189b2cac0c2	0.9304	M
2	>f7217023-5812-a36a-871a-62ea5db19005	0.9255	M
2	>dd166ba2-07c0-c6ce-56d0-850563b2be97	0.8998	E
2	>97cb1540-ad8f-0959-3427-72bd36995846	0.9260	M
2	>a0673df0-88e1-5797-5a6e-eca5b15916f2	0.9264	M
2	>fa0c58f5-fb38-5b55-0502-1b28c960a7b2	0.9164	M
2	>dda89577-2954-f96e-c146-88d9e54bbfed	0.8953	E
2	>abeb3156-26f3-bd27-9035-c778c7e65fd4	0.9194	M
2	>93ee9771-1838-3efb-c669-10da1dc4a8bf	0.9274	M
2	>f3de4301-c133-ea0d-58db-a3d67e6e6f1b	0.8985	E
2	>0648dc4b-22b3-9db6-533e-2c344de88314	0.9695	M
2	>529bbeb6-c56e-702d-7973-4fc43561df16	0.9786	M
2	>aa49605a-b13a-cb55-e341-845c06c212be	0.8940	E
2	>6e80c0c1-fe00-0b0e-6cb5-eed31809b515	0.9266	M
2	>cee67f8a-db12-b0f0-5e51-04dbc828677b	0.9169	M
2	>565e0a38-980b-5f09-5350-96ca3f0ebf28	0.9067	M
2	>f715b86d-2837-e7bc-eac2-3a7a015094db	0.9197	M
2	>3341180e-5570-ad40-95c8-c3b9eae7a369	0.9205	M
2	>d9abcb79-6bfc-860b-ae0a-60e9dc9f7c72	0.9181	M
2	>f2bf7ada-082b-3542-bca7-e535124f2d10	0.9710	M
2	>2985559a-3215-a3d1-2b5b-5fe11239958a	0.9843	M
2	>58c07969-6660-a9ab-c12f-c64b391dc2b4	0.9268	M
2	>2b4b51b7-3778-3f0f-619f-0a2e1daf277d	0.9885	M
2	>0e8b9864-ecd8-efff-bb21-35b54e818358	0.8861	E
2	>65ff91ce-6a82-c3ab-61de-6597aac93d86	0.9147	M
2	>2fb43e1e-2176-b082-f493-d064b3661417	0.9326	M
2	>cfbb50a5-209a-c609-d3bf-bf2ea1b9fa83	0.8886	E
2	>e991702d-7ca5-a9e1-0c8b-c128fdbe39d2	0.9146	M
2	>7c1f3811-da86-0883-de46-c5764ea643b0	0.9204	M
2	>39cd86a3-1c6f-43b8-d294-a4ee7fc1e492	0.8907	E
2	>5229d852-babb-1cd6-ec83-5a432a02201d	0.9269	M
2	>d1f88cb0-8baa-d930-d222-9b813d572e53	0.9018	M
2	>b6dd1d5e-b4aa-872e-118e-6b591d5f6a18	0.9030	M
2	>cd343f50-9615-b862-300f-0549304b14ea	0.9065	M
2	>df89383d-8da4-a34d-ec3f-3ec74b8ff610	0.9045	M
2	>d8aa10f1-fcf7-e074-4008-e676edf23aca	0.9428	M
2	>152a3115-7b14-4fd5-9842-171274ba0bbe	0.9071	M
2	>17d241cd-f90e-d959-4004-94729242554e	0.9133	M
2	>624c89ff-87e2-0c1a-a1f0-62ba0fca48c8	0.8894	E
2	>bf8fe21b-2f47-e301-8602-b44886dd4876	0.9871	M
2	>61efa6d7-d0a0-53d5-2759-c11dd576f052	0.9281	M
2	>2084f43f-8260-b83f-6fae-b01ff1e8ae0b	0.9060	M
2	>84c9d2f6-507b-e0af-4260-fc6603e2e64c	0.9302	M
2	>93ded669-2548-124c-950e-dd1c9e0dcbeb	0.8968	E
2	>9842bbfa-aa9e-29fe-27f7-c520ed86aaad	0.9063	M
2	>a50711af-e446-fc24-f596-41271df6368f	0.9192	M
2	>8c8d8130-ca04-3588-9295-5f4962714ab9	0.9413	M
2	>3dcd5343-82b1-7f4d-30b8-4a29a55f9c1d	0.9731	M
2	>aaad6a51-9387-354e-7f98-68232b26f49a	0.9204	M
2	>266d89e5-f548-00e6-4876-43840de264db	0.9170	M
2	>21f4919c-2614-5371-6868-143c7f8fc2bc	0.8890	E
2	>7f4b2d35-fad7-9863-0fa7-b058d48ce47f	0.9384	M
2	>c49d3ccf-32cc-e2e7-ded3-a4f9ceabe335	0.9152	M
2	>8537e791-b025-28e3-c542-e31c33b78ea7	0.9015	M
2	>d9eb8396-61f9-8947-eeb9-fa94ef775df6	0.8991	E
2	>9c688c9a-c786-21f5-0d57-c4c073d747f5	0.9823	M
2	>17bf87e9-a7b0-65a7-6c97-ac22d6f69e40	0.9009	M
2	>f93cecd7-1ff3-d2fb-af4f-3c3b34520086	0.9152	M
2	>6824038f-5a3b-93de-aee8-4c962c8dcbc6	0.9315	M
2	>ecc3f8e3-86dd-3311-8bb8-836afc62a22f	0.9136	M
2	>04d58f58-83d4-4128-0f27-14a02cfb502b	0.9101	M
2	>d2352699-c661-f528-5417-c4c0b5ed321f	0.9303	M
2	>4ff3fe7c-786c-a845-fa65-edc36fbc3ac6	0.9001	M
2	>0d4c86ac-9420-99ec-01c3-067970828c28	0.9211	M
2	>d5043c88-c022-2f39-7229-14a59a65c140	0.9333	M
2	>575250f6-bb0a-19ac-b0cd-66072d5ca1c4	0.9295	M
2	>4323817a-9ebd-bbef-2c69-dd296f43b920	0.9224	M
2	>e4025ec3-34eb-8ccb-ea2b-3237e83bb33c	0.8964	E
2	>2980e830-8d09-3445-8f4a-f87d78469819	0.9156	M
2	>465235ab-ac7b-b98a-010c-11eaf5cedd45	0.9778	M
2	>620fa2ce-7b0c-f460-42b0-f63e6d3b4e61	0.9214	M
2	>e998cd0e-81bc-0730-6469-aa528c05265a	0.9428	M
2	>b3d52ad4-c3a4-aa3e-e8c5-61733b35589e	0.9059	M
2	>d489ba00-f414-c075-0bba-62c12de5d1da	0.9255	M
2	>bc9bd539-ad8e-1e42-5515-f8b2cf9ce3f6	0.9139	M
2	>2332b52f-62a0-872a-18ad-761a32ab2874	0.9060	M
2	>e3ed5751-ac27-81d3-cead-6c2b68386cc4	0.8871	E
2	>a2c7efd4-bb88-172c-a8d8-e2e641032ccb	0.9144	M
2	>58f20620-48ef-c2b3-bc72-24d4b002da89	0.8963	E
2	>74d1c757-fb81-583b-2777-3ac2d4f4548e	0.9096	M
2	>69a29984-f775-6009-ffa0-03b086f004be	0.9791	M
2	>2aa743d9-53c1-fe90-b689-d7dc4f9bae9f	0.9315	M
2	>7c0e1f1f-02b6-fe45-1384-d4c2125eac30	0.9103	M
2	>370bfade-80a2-c589-9961-90528ed9d693	0.9281	M
2	>4a4daa9d-dd6e-fece-fbd3-8decad5617dd	0.9122	M
2	>015926bf-96e1-5936-4359-9bfd6650eaed	0.9431	M
2	>bc9f9c75-cbd1-ab53-b36d-71dc2f925887	0.8998	E
2	>a8441f81-2dcc-29c2-a0bd-853ed15c8415	0.9030	M
2	>7d1babf6-2bbc-5620-51a2-18e8c7b197ef	0.8922	E
2	>1d43e2c9-7165-5653-0336-01d4222e3317	0.9314	M
2	>232ff86a-452e-4719-a2e0-b4428c345732	0.9143	M
2	>f308ab01-6ebd-38d5-5acd-6197f9468067	0.9446	M
2	>8071e2a1-bca0-b2bd-2dca-60ac372a69c9	0.9262	M
2	>367e69ec-74ba-56d5-015c-91cd7c21bb92	0.9338	M
2	>a4668738-b32d-8ff9-c355-9e71ecaa8185	0.9203	M
2	>1a6a789b-b3f5-7d47-3052-bd42a4c40eed	0.9304	M
2	>b8042290-596d-04ff-08cf-59c0bc0b4acd	0.9286	M
2	>4691227a-0430-2254-8fe0-8f7ebe7468c1	0.9674	M
2	>a028dc58-b7b2-70b7-a059-ace27945b359	0.9179	M
2	>5b66d6a8-8cd1-d840-c98e-b8cf695388aa	0.9089	M
2	>f584a204-da90-433f-3cc0-02e908ee51a7	0.9137	M
2	>2b2c6229-aa81-0445-2bd3-32b9edee956f	0.9227	M
2	>78b67303-ffb7-6976-176d-43668597c628	0.8889	E
2	>b94e0ac0-3bcb-38c8-4396-8184646add32	0.8978	E
2	>f87abf8b-ae64-2816-459d-0657f2ad984a	0.9333	M
2	>4e2d4a16-642c-8062-3764-b3a3b634d0ee	0.9400	M
2	>aacbe5af-2de3-bdfe-22c4-90561fe4dda1	0.9083	M
2	>38341ef5-53de-c1ae-9ca1-af263ff26bf6	0.8969	E
2	>18840140-903f-5824-3fcc-4712124e522e	0.9238	M
2	>286d0210-aebe-d737-70cb-b21f92179d5f	0.9083	M
2	>79d60260-25a4-9ef6-1967-886344a4b67f	0.9185	M
2	>f3f41c2f-3208-5032-40c7-eb74f77248d9	0.8876	E
2	>152a3428-3dda-f1e3-38bf-58ba003d8bea	0.9759	M
2	>f51e6b89-6f74-f6b9-22da-c0b31aac401e	0.9147	M
2	>81e10fae-1ac8-e67e-289c-823fc257ebdb	0.9191	M
2	>b8ae5203-9d58-5e18-2a55-7e3a8d87ef18	0.9078	M
2	>cfdefe7e-1fcb-0564-b17f-2dd6544e79a1	0.9170	M
2	>a451c372-fff0-cea6-f9fc-2c77ed3aba06	0.9190	M
2	>fc8a5c48-1b17-7269-cc7c-5bfc67841a98	0.9155	M
2	>e6e37d44-2fc4-2186-db7c-6eba04d2ea30	0.9001	M
2	>5bb44f77-4afd-bae7-b73a-e3ae1d48c909	0.9046	M
2	>0b25b759-cfff-1d3e-ec95-528a39ea90ab	0.9112	M
2	>0f20861d-289d-258e-7c9a-3e681051f97a	0.9293	M
2	>7c93756a-ce81-7159-8647-1f736c7bb4f1	0.9136	M
2	>4bf1f85b-8d3c-75b4-3f9b-fd7849f97199	0.9412	M
2	>6c76a436-9220-9da9-c38b-6cf996242287	0.9261	M
2	>4d42cd6f-e63c-5f5d-3469-39c204613c5b	0.9233	M
2	>fd978058-0fb3-3765-024f-ae5138fc5c1d	0.9370	M
2	>02d1b2b8-ef93-8e41-16af-e947d83a5832	0.9382	M
2	>58405ac5-e3aa-cb4f-c396-5b5a1c2668cc	0.8950	E
2	>f20bbad2-ef9d-8cd2-f7f0-351a949d48a9	0.9097	M
2	>674e026f-88d2-4c3e-81c0-a247852eea39	0.8916	E
2	>66ef46d1-f6f2-3bf0-6a55-4b13dcc3d7be	0.9117	M
2	>ef483e24-4636-d55b-abdf-07802de20d19	0.9167	M
2	>89a6cc1f-9632-a052-074d-689639477e7c	0.9480	M
2	>5bc30c5b-05c0-3943-3686-91a919a94bf4	0.9102	M
2	>521186fc-950d-0d99-ed22-656cc65883cf	0.9214	M
2	>582c0189-4c55-63f7-7a4b-e0737affbe01	0.9158	M
2	>184c70d2-2bfe-bd60-ea13-916468eaaba5	0.8956	E
2	>02bcb1ce-2df6-83c1-909a-d8d198280a01	0.9179	M
2	>3fb341da-7488-cb14-7151-eb67f2a150ad	0.9098	M
2	>21b56711-8b4c-4aae-7f4c-4de3fa7304f2	0.9334	M
2	>3a7eb42f-e0b1-3729-bc4b-4a9611500998	0.9284	M
2	>70b6e415-1e47-6c45-2217-63d80f734ddc	0.9843	M
2	>54cd5d53-89c0-08b3-9132-ef555c6a4de8	0.9306	M
2	>997dd383-7329-7cda-4ca6-4c52a5f7c9c1	0.9810	M
2	>c49aebec-3d22-c909-84ea-739efd7d83ca	0.9354	M
2	>077b276c-9ae6-ff5a-7e44-3969e9376b87	0.9173	M
2	>a1b42364-41b2-1c90-879e-3e97706a3ab4	0.9253	M
2	>8c074062-cf2b-5351-eee6-9cb811024d77	0.9725	M
2	>ce7a21f5-eec7-28ee-0b55-a44d4c9c22d7	0.8928	E
2	>dd878549-2db0-6f31-16a0-8c294b75f28c	0.9121	M
2	>60bbc22a-778c-f27d-ad0a-79052e4b298f	0.9128	M
2	>291a0b48-4403-3be4-fb96-9aff962f50f9	0.9144	M
2	>543259ab-200d-a8d1-0ece-ea09b7fda784	0.9199	M
2	>011b75ed-a9ac-ce46-6d83-cb0a6b4efb7c	0.9351	M
2	>e3e543f3-3b40-36d6-ce71-432e0d8fc511	0.9341	M
2	>7e6a9983-3237-faf8-dc2c-b273f7b9f3f8	0.9350	M
2	>6869d877-2e24-cc43-13a2-ee1a9d9346ea	0.9069	M
2	>9af9a0ec-393a-3303-549f-5a5c36e4c6b4	0.9225	M
2	>3e9a8200-b756-0e1d-10d1-8be8317a9d4c	0.9147	M
2	>f83bb44d-8e49-66f2-fea8-63fd85e15363	0.9229	M
2	>e8f787a7-557e-d360-ca7b-c9f2832f1c40	0.9160	M
2	>60f4c4d8-f114-3fdc-9fc4-c98899ed9a0a	0.9135	M
2	>be940d94-f27c-b8a3-967f-4ccee1a19b61	0.9126	M
2	>2feac4d6-da8f-2fbb-f776-6c9102d8f184	0.9281	M
2	>51bc8678-67bc-b0b4-467a-e3e1de6dfd4f	0.9059	M
2	>fe48f3cf-417b-5396-dfd1-23b0ba775e8f	0.9206	M
2	>07dd49d8-44e5-261e-9c72-1fa0df0dd76e	0.9087	M
2	>3e4f0d32-231c-67bb-129c-88a32d4d85e6	0.9222	M
2	>3af4aec4-2736-3078-180e-4cbd4124dd53	0.9228	M
2	>607ed618-1385-1c75-e6d5-fe5d613baccb	0.9288	M
2	>b783ddcd-c94a-a3db-e0a5-9bf615c4b313	0.9698	M
2	>258c3aa7-5da6-3215-d31a-fd7de84d39ff	0.9253	M
2	>32ea4777-6074-6eb8-22a7-911562883668	0.9218	M
2	>7a84c2f1-ef9e-1d4f-9fa8-65916d8be2fe	0.9327	M
2	>53c33cd0-1c20-66c6-bfb8-31344d3a17a6	0.9040	M
2	>2ae263d3-d68d-be9e-610e-8f7bcd5dade2	0.9348	M
2	>f447cf8e-4a84-da68-2a79-3ee3f2617895	0.9785	M
2	>12b795ef-6dcc-df62-779c-0e2a1dd3d72d	0.9193	M
2	>00f6665f-64ea-36ec-dc6e-a335769499b9	0.9022	M
2	>f8141e5a-f545-a10f-8927-216f82c53980	0.9162	M
2	>891f4d04-f409-0e58-ab57-79aee0122aaa	0.9266	M
2	>2e208c5a-03bb-a64b-f9da-b4ce5caa0b47	0.9199	M
2	>c4288d63-b374-1bbe-18c8-16888a4dc714	0.9218	M
2	>a5378436-61d3-ef8a-2d32-9805fe4b7e54	0.9069	M
2	>73edef40-0f40-4db0-66c4-fd415dce7667	0.9177	M
2	>a4556b8f-daf1-1922-78e4-59f093b2c650	0.9205	M
2	>4d9bef5e-b34e-fe7a-221b-f04704c99672	0.8978	E
2	>00c904c8-783f-880a-170f-314ba1fd60fe	0.9048	M
2	>dc4ae3d2-db71-e29a-b8ec-814762f1a28c	0.9206	M
2	>c9941c9f-d274-903b-bb72-a39a0a159a2b	0.9012	M
2	>22928544-763a-a400-0b4e-4dfe5b86ccf5	0.9508	M
2	>476a159a-e1d6-9081-7869-c81e4b452052	0.9322	M
2	>214f13d8-4d59-d7bc-f6dc-5733135181eb	0.9242	M
2	>d4c07b07-b736-00fd-1ca0-4c6641497fe4	0.9787	M
2	>93322035-dca8-f855-e822-8e65bcc18bbc	0.9251	M
2	>c686ba49-eb6d-ba0b-69a3-2593ecfda198	0.9076	M
2	>73c3c8d3-0218-3c74-58f7-c1ea79f3083f	0.9183	M
2	>40ba2270-28b2-18b7-a9e8-f2344c87616f	0.8979	E
2	>5c4d6265-0fd1-6657-b019-b0db05a619db	0.9020	M
2	>b3257738-3c3d-54c7-4702-6326c7da17d8	0.9387	M
2	>ddf06fd0-dcb5-e827-22c4-98281864c6ea	0.9219	M
2	>fb467bdd-f410-d0fb-48bc-5ce39ce682f4	0.8921	E
2	>f656ed01-1821-55c2-2726-3c5c39525d2d	0.9488	M
2	>3f5d43cb-68fd-a08f-7c43-0a5cd533621a	0.8834	E
2	>608f5534-2eec-88bd-1647-76e9b2635765	0.8975	E
2	>5ca2228f-30bb-125b-c9c5-d333518d164f	0.9123	M
2	>7af5a9a9-7901-b204-4d5a-b2c5e9cc2337	0.9159	M
2	>3ee4485b-157d-aa3a-57f9-fdfd6921e381	0.9093	M
2	>919297fe-d066-7dd7-87c8-74125ca324b2	0.9356	M
2	>8d95f361-49ff-6d07-a881-91bc26d617bf	0.9236	M
2	>82e12947-ea86-46d0-3206-08e3ca39fdd0	0.8901	E
2	>4a3173bf-7884-a631-d5ed-4e7958318ca7	0.9136	M
2	>95772aa0-aca2-e08e-c3e6-31686513a9e0	0.9101	M
2	>fa147d3b-7be5-7c7e-844c-2914cdd78b3a	0.9571	M
2	>d569511c-15fb-0ded-2a77-761a8efd8dcc	0.8883	E
2	>f62676f1-6054-ca7f-564f-e6d5e4b6d3d3	0.9193	M
2	>029a7f28-f8a3-5c92-92a0-fe2906345ad3	0.9243	M
2	>057c775b-ef5b-fb37-e98d-3275dc525a40	0.9143	M
2	>4550beab-6a54-7c65-80e7-3f9a178159c2	0.9836	M
2	>cd6f47be-bebe-f05c-6d53-e01f4e107b73	0.9116	M
2	>0f8ad71b-9c54-d22c-3054-e0a86578c00c	0.9221	M
2	>582fc56f-4b08-fcf0-f0b5-373bc0cf94e1	0.8936	E
2	>e76a7593-d054-7320-1f42-ef864f0be74f	0.9001	M
2	>5fcec390-5b83-f580-f4fd-8b1934b14a5f	0.9403	M
2	>ad77404f-d7d6-360a-2d02-171e3268b374	0.9185	M
2	>9033f761-ec6f-f40b-c490-3c0cc1ce185e	0.9216	M
2	>e0d1c6aa-671b-0f5a-fbae-f77c55323a33	0.9296	M
2	>10258f6d-a186-af18-799f-0e5b465275c0	0.8877	E
2	>77724995-4260-1c9c-5be5-db2bc2a45c34	0.9251	M
2	>4983d9c5-d0a9-37cb-baa4-291f930ca9cc	0.9060	M
2	>6ecf4233-443d-b8b7-7287-97512ac96420	0.9090	M
2	>da564ed1-26ec-9daf-f420-fc2ba04deb52	0.8997	E
2	>1a46b642-375b-f239-9cbb-6fd106b54f60	0.9202	M
2	>f65ac6fa-501f-3167-e8b7-27250a44f92c	0.8876	E
2	>07374936-bc6c-b36e-dc61-66013c5176ff	0.9018	M
2	>6484fc8c-643c-f24c-4ff1-fbacb6e00d9f	0.9117	M
2	>7594f87b-5dec-2f88-29bd-48357c7a34f5	0.9396	M
2	>5c02fb89-8ffd-90db-3cda-b06785aea0a5	0.9692	M
2	>1e59690f-c381-b74c-03a7-0b5299dfffa4	0.9183	M
2	>ac869eab-7ac5-8b23-b2ff-bdc3c9f3b23c	0.9202	M
2	>910b9089-31bf-a03d-0431-1bd9d825ec40	0.9109	M
2	>604fc3eb-506b-593a-bbc5-14aeca61d3ee	0.9152	M
2	>58ce9c78-cfa2-99db-3b06-b808828bef03	0.9240	M
2	>11daa33c-da33-1679-ed69-96a9e704757f	0.9095	M
2	>e34174b1-0b00-fa29-219c-40d5234cc52f	0.9288	M
2	>52cd714e-c0c5-36b7-1745-322615624758	0.8996	E
2	>7e274d0e-9c06-a4f3-58cb-d9232e032bcc	0.9167	M
2	>70c95afd-6077-c47e-b0eb-5ff40b23b939	0.9298	M
2	>677f5247-495e-3838-7136-3fc0503f3432	0.9278	M
2	>54b4d491-2bc4-e936-63f0-fb6d66a8d2cc	0.9320	M
2	>892d20c6-e6da-4c45-efa7-3512227a0e24	0.9331	M
2	>c52660e2-4ecd-b423-9322-be4baeed2a82	0.9057	M
2	>16949fcd-b53b-b2ff-28dd-9613aaf775be	0.9093	M
2	>9fec4d2a-7d10-ecc6-090e-d0fe68187978	0.9273	M
2	>2ce38fa5-49ac-0ab9-426d-64998364dea9	0.9733	M
2	>8261d85e-9eaa-bbd0-4299-f4deb396b5a2	0.9760	M
2	>1a645744-6346-0a64-53de-af03f7f720f6	0.9226	M
2	>c6b4d220-54b7-ded4-1bd8-dd744fbf4e90	0.9152	M
2	>aeceb0e4-6014-e09a-739d-07e819002298	0.9188	M
2	>7a91518f-74e5-7347-9682-98260fa4351e	0.9457	M
2	>52cc8de0-3901-daa8-bf25-dc6d39cffd52	0.8948	E
2	>6d12fd90-cee6-63e9-b4f5-a2a68e7ad921	0.9349	M
2	>0fea573e-8921-71e3-209d-06c020bf4366	0.8889	E
2	>70135aef-cd14-2680-7d2a-ab454f28de87	0.9303	M
2	>ec516d1e-e6ba-254e-38a5-ddce6605d066	0.9173	M
2	>a2590a8e-74ba-56d5-a90c-258888aa4ad5	0.9187	M
2	>ab3bc7c7-a8a6-f895-06c8-c572918b8c89	0.9280	M
2	>6eef5736-fc6a-f765-7d0f-72b9b3a6c052	0.9117	M
2	>833824c0-c235-5c48-4d40-198ddc174208	0.9320	M
2	>0c1af52a-8b96-aa02-de2c-293eb16920fd	0.9351	M
2	>b86a0499-65b5-3a52-8ed8-f357edd14c51	0.9055	M
2	>c06c673d-fd6b-f996-df0a-2ac21916e94f	0.9045	M
2	>261351f7-3a38-edd2-6b59-3cfd34238033	0.9043	M
2	>8ce18666-37c7-53e7-7261-965119ccf3c8	0.9184	M
2	>d882d331-c735-f712-5648-134e06862cca	0.9982	C
2	>2a956bc5-050a-f9cf-0732-94285bd9ef37	0.9207	M
2	>6ae9f01b-05dd-253e-a638-74c680ee5965	0.8937	E
2	>97db5c85-14b6-4787-6493-fcde453ea1ae	0.9175	M
2	>5bad883c-7a9d-629b-ba27-966e2a210c71	0.8902	E
2	>4d4cc6de-b997-0076-31c0-a4131fe494b1	0.9133	M
2	>8731be3b-0d02-3ced-ca8d-f27864a93658	0.9202	M
2	>0c0c3658-a0f1-6a92-2707-ae35b9697fff	0.9567	M
2	>7291aa42-36e3-82fa-e7f1-f437015070ae	0.9019	M
2	>20271416-a983-0867-e7eb-f35af7ef0217	0.9454	M
2	>2ed587ad-2cd7-e850-da93-2015770844de	0.9048	M
2	>2a5dbe9a-3a07-86e3-0555-7a936bf23597	0.9049	M
2	>1af5eb3d-59f0-2422-1afb-bd1e7d7e417e	0.9471	M
2	>3ca2a405-88c1-1b7a-e224-1de68f7cb1ec	0.9229	M
2	>01b84da5-3c3f-d81e-8faa-357d2319d03a	0.9175	M
2	>eeb31b5e-d93b-ef54-92f9-8782d024c50b	0.9237	M
2	>124c5286-f0cf-7f9e-a549-753c524b13c3	0.8995	E
2	>d6b38f9d-172f-44e6-bceb-73ff63af90d3	0.9112	M
2	>758beb79-8417-2bfd-7402-0c4e0621b2a8	0.8879	E
2	>4a2caeb5-fbb2-2fc2-7b90-1e08ba6ab380	0.9395	M
2	>51c086b5-1305-5527-b492-4d8a1e0a111d	0.9262	M
2	>ad66130e-34d4-b1c8-8a1f-1009464fd8ea	0.9068	M
2	>d37833ca-f50d-eadc-2509-9222ad4906e2	0.9055	M
2	>ef20d9ce-c955-3044-40a2-8986cf94e39a	0.9356	M
2	>f78dfaf4-5640-f9db-19ee-348598179c7d	0.9107	M
2	>ed550376-fe67-096d-c53b-1a68c11ffaf5	0.9036	M
2	>4c9c2c10-5a5d-f6c9-a94a-1e49c85197ba	0.9395	M
2	>caf317cc-e2e6-6e4f-fa20-04a6374009c4	0.9182	M
2	>dc7186c7-1bd5-4861-d2f5-3552fbbf00b3	0.9368	M
2	>ea3680a6-b42b-ced4-ddd1-7d91cddfd6ac	0.9170	M
2	>919a35da-4160-8ff8-d343-d405f4949bc9	0.9239	M
2	>c7ba4b31-86a7-1030-6376-d7c3345ce10f	0.9303	M
2	>25fa1232-97ac-f696-79c5-2a45a3c04226	0.9170	M
2	>9b92a089-baee-6d61-5853-38529e40c228	0.9352	M
2	>d5128b9c-7c43-b0e0-8b6e-995b54a4ccf3	0.9389	M
2	>e7cfb736-792b-5ca2-d9d7-0bed4b5419f6	0.9164	M
2	>d6830cc0-7223-a11b-4d24-e8f679615814	0.9139	M
2	>7c3dd6e8-8133-7124-34ef-68b307c8d342	0.9434	M
2	>129035b4-790c-6f01-9fb3-f4476a9c2e22	0.9323	M
2	>d346ae8c-6615-f97a-92d6-d4f3381d9210	0.9246	M
2	>f228fa58-d5a0-6c2a-a224-8da0d0188cd5	0.9317	M
2	>23ae956e-81b7-8d1f-c568-02b7a04558bd	0.9343	M
2	>912d121b-8b34-9cbc-99cc-d18e9567fe31	0.8927	E
2	>164b538c-1d44-3589-171e-67b3d1603dc1	0.9295	M
2	>72883656-5744-55a8-8014-d0c1256d5bd1	0.9201	M
2	>6b348625-3af9-5e3c-a56c-67a9e7c435d2	0.9340	M
2	>b57763a2-4d7c-cccd-443c-a13bfbfd2dbe	0.9026	M
2	>0543c61d-64ce-ca92-2c12-b89b4cebbceb	0.9027	M
2	>fb0459d7-bcb0-da35-25c6-6d72168d7fd1	0.8880	E
2	>9b61aa75-3534-54f5-dae5-a0a91d212157	0.9313	M
2	>93b6778c-a527-4aff-a126-c589e0008a99	0.9268	M
2	>b4cf854d-e24d-4e1f-c632-5016a2d35d08	0.9097	M
2	>a2355379-3c4d-a1ea-de4b-53b103799e38	0.9274	M
2	>c2153e1e-094b-b171-bae4-e188331c70c4	0.9206	M
2	>16c6857c-d26a-5449-86b9-253105fc8c69	0.9082	M
2	>c2f2a49b-69dc-5816-a7e5-faf22df1d4c4	0.9726	M
2	>74cd0fdb-61d1-104c-d58e-de9ded5c9ee1	0.9406	M
2	>ac88ca10-314c-bcea-cd0f-b792e8a1f6a3	0.9280	M
2	>a5a9e831-0f50-f4b7-2bcc-85a7aede1615	0.9132	M
2	>9b9f17bc-cde2-4dd9-57be-c2614524fd1d	0.9381	M
2	>aa05b91c-2815-bb16-ff0b-d902934a7530	0.9080	M
2	>cf2cdae0-9ef2-0da1-94a4-3bb9c8eb502e	0.9102	M
2	>7ff0ef75-f287-f79b-175a-a8369f10f30c	0.9215	M
2	>fe863195-3b9d-b1c3-41e3-ba7841fe7cc9	0.9851	M
2	>302d582b-3a2b-bd85-4955-fc898d4ca4e1	0.9298	M
2	>95f61d84-7bda-eafc-2d25-2bbfe1584b04	0.9109	M
2	>a40609fa-919f-078f-36e3-98ec63f60c4d	0.9688	M
2	>3897202f-3a28-2b34-202e-d82720aa4455	0.8956	E
2	>fd231a67-3b01-e03a-fd2b-05f52cf5ed4e	0.9200	M
2	>91c85f52-8df6-ff6f-0f5a-eeb8c8d81155	0.9192	M
2	>f398da71-d14c-0000-cdd7-b55fe10ce774	0.8984	E
2	>261b1ecb-8749-8c3b-32d3-cde5e7e03e6d	0.9182	M
2	>68a2dfbf-698b-50b1-76ef-487b1991936f	0.9339	M
2	>3ac44803-a758-2175-b912-286bc400596d	0.9013	M
2	>d1f9b2b5-4e4e-5a2d-75c9-79193373a50f	0.9049	M
2	>933e3aec-b4b4-6d5c-2406-98f4ea564f5c	0.9178	M
2	>8faf3d63-39dc-90b6-8008-c7d1909fdb29	0.9196	M
2	>c0ca2255-61f3-962e-0cc2-b191e97d90f2	0.9299	M
2	>9f18fe14-1888-fc2b-e270-92527cf02a71	0.9001	M
2	>93391fdb-1dd5-107a-171c-45ce1150a8f0	0.9652	M
2	>233a59da-6355-35be-66e6-37a0598b9d18	0.9032	M
2	>4c2aea12-a5aa-deb9-8608-482a59904308	0.9303	M
2	>58fc6813-8904-04e1-85a6-4137bf02e34f	0.9153	M
2	>68afa6f2-a8ea-9447-e608-e2cf7fea7012	0.9216	M
2	>c4836c69-32a4-0ced-d466-a516a7164ab8	0.9308	M
2	>2fccd2e6-e13b-9aa2-90ee-21b1578ff8ca	0.9814	M
2	>29e991a4-c52b-e759-87be-0c90ed3018f6	0.9192	M
2	>2e74e964-d832-4fd9-bf84-d9e66e7f7cf3	0.9200	M
2	>2010afd4-4d06-4b69-153b-2616adeaaba6	0.9188	M
2	>732811e1-2db5-5c8c-a8ee-0d52391d9066	0.9075	M
2	>3f03790f-08e2-6c9d-e696-0af292ca3628	0.9322	M
2	>eb94606e-91cf-59de-1cf1-d4070c964087	0.8965	E
2	>271f8697-5396-c1d4-54b8-23e9026e9c4f	0.9434	M
2	>1f17ccee-1cf3-fd16-4f47-f0804d95e787	0.9213	M
2	>a7d06423-5f32-a5ed-4053-82853478a10c	0.9144	M
2	>296e1e1d-a4c0-70f2-cacd-4a48a21bfd1a	0.8956	E
2	>bdb7a821-f48f-d13a-f845-29e87dc1aa27	0.9218	M
2	>c4db8e78-8e4a-752a-576e-baf3907f4779	0.8914	E
2	>9ef6465a-f65e-d8ee-24b7-c415a9db314b	0.9172	M
2	>ab4aa7ad-648f-306e-226b-9aa0e59df652	0.9043	M
2	>772be023-26d7-5819-60a4-3fa3caa68fd2	0.9133	M
2	>0821290a-1760-f5fc-6db0-7bd051520e7d	0.9461	M
2	>14cfd303-c8b5-2117-6a18-5fbc59085bed	0.9798	M
2	>0ebbd441-7271-a869-f54f-61d4b7269d6e	0.9242	M
2	>a0fc218a-0a2e-14ae-54f4-088afdf03391	0.8916	E
2	>8b4b397c-0e86-9ade-88d1-57f058082cd6	0.9186	M
2	>11b35cd7-8cee-64fe-304b-897cff9351c5	0.9116	M
2	>96b071fb-6bbd-de08-a908-b8be01d63dd7	0.9265	M
2	>f8228723-446e-3bae-c930-d82eb884a3fe	0.9188	M
2	>b8728a22-e142-84b3-c490-2aab97a068cb	0.9270	M
2	>5ecfc5b8-4bfb-957d-1b1c-cee0ce79685d	0.9098	M
2	>ed46850b-b2c5-48c0-0135-de7fbaf0f517	0.8938	E
2	>a1c756f0-c0d5-558b-27df-981032793f13	0.9165	M
2	>008e1dc5-dcca-6ebe-e3bc-0d2d3a76224e	0.9282	M
2	>3baddfce-874f-6cc7-7467-2ca2ecdae1b0	0.9786	M
2	>5fcdbade-e67e-1b6d-3ea3-6a3b7f49bea4	0.9637	M
2	>c96e6c61-a28c-34ac-b6b7-d91ca5367412	0.9351	M
2	>e1a0cbfd-f284-45a5-9374-83ee4daae03e	0.9329	M
2	>49f4564f-8b7c-ff4d-7d0a-45e450596507	0.9139	M
2	>3a1bba31-efbf-7e08-b728-08a88bda6686	0.9282	M
2	>2a4d7bea-a580-996b-9d73-05a3e4587a08	0.9171	M
2	>8fe87674-b730-7339-fe76-ce4fafbb56af	0.9334	M
2	>12944f3d-9693-3599-7189-8d837663669c	0.8929	E
2	>57739086-632f-9f6a-d854-839bcf35fe47	0.9169	M
2	>b17c8a23-9302-cc6f-c7d2-8e610b166b21	0.9125	M
2	>bb6b7a27-4868-395a-69ce-47507178baab	0.9201	M
2	>215e5407-fef5-edd7-5312-95d8a2a21107	0.9354	M
2	>8deac939-ded2-7811-ad8e-9ea0286af659	0.9312	M
2	>36fc8660-4761-9228-0151-5d46c917ac29	0.8831	E
2	>7b668ccd-b866-5eba-d469-4593c5f9d03f	0.9615	M
2	>9c74427d-419c-f6cf-63d4-1bc59edd2aa6	0.9204	M
2	>a718760e-5668-2f92-ee3a-639438342fa1	0.9189	M
2	>d5ddb23a-5df3-cc95-7116-1f7584e2a926	0.9034	M
2	>543594c4-45b5-cfec-c0ba-b28df90612af	0.9228	M
2	>1f85089d-2497-31b9-b32a-266fc1a87fa0	0.9255	M
2	>81e82191-83af-9c90-ba8d-54ff73404f04	0.9277	M
2	>b4a0ecd7-a8e6-87f5-285b-395dcb081c01	0.9143	M
2	>4907bd88-7104-f385-f116-f18a87944b1f	0.9100	M
2	>c92b7feb-716b-9034-08b1-a3e3668d4439	0.9109	M
2	>fc24d872-4f28-c119-8dc9-0932891f59d8	0.9169	M
2	>5b9bebaf-d304-d01d-a88d-6583d4d9dd0f	0.9196	M
2	>c3ddf9c7-2f38-7f17-e3b9-c6e6a02dacdc	0.9099	M
2	>2cad7aae-ccec-5a4b-8814-db6a667348fa	0.9363	M
2	>a32e09d2-f44b-2fab-145f-fdcebead5412	0.9142	M
2	>be38cf09-8fc7-9a45-2d3e-5a0c92e363eb	0.9068	M
2	>91fa1c04-69c8-0d35-6f5f-e55c0490b494	0.9128	M
2	>0385cfbe-bec8-8bae-86f8-57d6e6ec263a	0.9120	M
2	>d4d86727-029c-ba32-f955-fd8b4eac3a25	0.9177	M
2	>ba211fcc-ab30-b068-e733-1e36e0298383	0.9442	M
2	>a6653eeb-16e8-cbbf-f94e-97ed9b961317	0.9173	M
2	>7d9ddaa6-0e04-8253-d2b2-1df94748293c	0.9176	M
2	>8893d590-c610-bc55-6e68-d22418c11648	0.9886	M
2	>7fbff589-e24f-d736-7c89-d26d08fe5a5a	0.9088	M
2	>03da154e-ab01-e365-448a-0179a8967a5b	0.9500	M
2	>d1cc4fa0-c6e5-92d6-2ec8-fd36c5972eeb	0.8884	E
2	>187d63a7-5a18-81c7-e89d-6b466efaa6f2	0.9069	M
2	>0ff39681-ee84-772f-5a6e-11b24ff1abcf	0.9114	M
2	>3176d5ce-e657-140e-f8e8-b6a484728817	0.9343	M
2	>0bde36be-90a8-cd07-144f-60b0cf2c30ef	0.9241	M
2	>0132e92d-4048-1fdf-1f8e-d5640117ddbe	0.9286	M
2	>5878bd37-64d6-148d-ef17-fc6e73f71d80	0.9388	M
2	>2ca4293e-e8dd-9195-4969-8cf397ebfc53	0.9692	M
2	>2feb1a12-b9e1-e054-1275-dc6533e80594	0.9076	M
2	>bc61d715-5850-59a2-cece-20213231e69b	0.9121	M
2	>be2d30b9-0f6a-ce62-a1ef-cca5e20c64c5	0.9355	M
2	>5cd8c28c-a95c-724f-40d5-c0856ac55e2a	0.9423	M
2	>f5974554-0a8e-73ea-aab8-c74c269dedaa	0.9211	M
2	>1cc4ba8b-01f9-bcf6-6ffa-b0e7c9f74b64	0.9143	M
2	>081557ed-1c77-51ce-2424-23ae83bc7471	0.8882	E
2	>f8d73b25-e5bf-7435-e3d6-399e98470a88	0.9169	M
2	>dee5071f-0d04-6f7c-8955-614cd0226ab0	0.9065	M
2	>57cec653-1567-282d-87dc-bbb63a2db797	0.9222	M
2	>97de9bb1-83dc-e27a-278b-2ec64f130460	0.9141	M
2	>834dceed-dfd5-302f-25d1-e60480e2a55d	0.9016	M
2	>9342905a-e871-28e5-10f3-ddf7fcfd4942	0.9142	M
2	>076f1fcf-a805-0ad5-5e0d-f306bb9d1a08	0.9273	M
2	>e52a13fd-42b0-a035-b074-087a8e3bcbf8	0.9018	M
2	>1e677921-5989-2e9e-8c5f-74b3a0f5cf3b	0.8959	E
2	>2786e6b1-2041-744b-027d-db9335af946c	0.9157	M
2	>cebca8bc-ccb0-fdf7-93a8-8684cf1a4a68	0.9828	M
2	>e36b85d8-391f-515d-fe33-d6e5a8b4c519	0.9454	M
2	>3c86c0e4-8036-0839-e2d5-2627c870f3c3	0.9123	M
2	>f1b18058-fe0c-0b7c-5d02-c3f53649fadf	0.9318	M
2	>2e9a65b6-782d-ac3e-0fff-c3cd1661517a	0.9156	M
2	>d3f74c06-520f-a386-71b4-fd2493f5a211	0.9430	M
2	>662e31b0-8bd5-bd9b-be43-b3a01dad2a1b	0.9187	M
2	>529957ad-eb39-4d80-0f04-e6d9efaf3a5b	0.9165	M
2	>6f357f82-0f97-b0f9-d3fa-ff51cc547698	0.9086	M
2	>c25541d7-971e-8735-3e13-464c9881c842	0.9055	M
2	>fe71b2a0-8b7b-75d8-8219-bf3520cf80f6	0.8824	E
2	>2aef7e72-2507-cf13-f15b-893dba5e5b97	0.9150	M
2	>2baadeb1-57bd-5fb1-5d8c-2be26562adbe	0.8983	E
2	>18ccbdd4-cfab-9357-0e32-3602f8dbacad	0.9274	M
2	>f033c580-d9d5-88cc-665e-66a2eae4e5cc	0.9774	M
2	>19806e17-f8cf-99f3-36b3-d3f1d260aa70	0.9190	M
2	>9e1d901f-5b8d-7fd8-59fb-6070fd9ec1da	0.9356	M
2	>22be25a3-5f65-c91c-2ca3-d6ec6c588e3c	0.9149	M
2	>9dcc9848-70f9-a6b3-7d0f-b01c3f2c05dd	0.8986	E
2	>13696754-4c55-bdb2-6cc3-4dcb4b82d17e	0.8998	E
2	>6d6d7b06-fc0c-c46c-1e0c-8172536a45ad	0.9054	M
2	>0ec500d2-c8b1-eaa4-bb7b-c8da9ea7b933	0.9164	M
2	>9fbb72f6-7777-f679-f905-d2f9e8ddb707	0.9019	M
2	>001dea1f-33c0-8fdf-d6cc-dd0f4408cea3	0.9120	M
2	>cb0e7fa3-b4b2-cf7b-4b67-ab3524406552	0.9133	M
2	>6c5710b7-040c-4495-bb42-94582f0731b2	0.9300	M
2	>547a5942-9472-29e2-4a39-e6a158025265	0.9052	M
2	>42e64ca7-545d-242f-4456-9bff3f0475b4	0.9663	M
2	>1e9c50c5-6261-62be-e831-14d1a06f7f7e	0.9169	M
2	>e4b3e076-98b0-2bf3-e0e1-87258c31d433	0.9381	M
2	>99967ace-ba7d-cc26-ff99-b1c883a6d95a	0.9045	M
2	>13085300-089d-7726-156b-132c3d8fc6d9	0.9170	M
2	>4c58c295-fd7b-b84c-40ef-5cd111616519	0.9201	M
2	>5339fb29-a0fa-1c82-0059-cc54d4854d5e	0.9025	M
2	>fb44c175-deab-06ef-faef-270c185b2d0b	0.9260	M
2	>37a16577-d06b-9b68-3a74-d8d551fe2976	0.9077	M
2	>69dbeaa7-14bf-17ab-8cdd-9802bd56a57c	0.9657	M
2	>e4a40c6d-6bf3-3802-f08a-665dde5f046a	0.9039	M
2	>0a2e0d8d-6fc0-8c11-9e18-14191b6ab8aa	0.9112	M
2	>31e58a5c-d76e-dc78-84c2-1c95a0029c4d	0.9226	M
2	>420e7e68-4170-c01b-a698-f8195082e07a	0.9033	M
2	>8032d5f7-a683-9362-aeb6-7262be744dfd	0.9086	M
2	>4408953a-43c3-39e6-3663-b3b5438f4414	0.9210	M
2	>159a5bfd-7eb1-8159-db30-59537741f1d7	0.9391	M
2	>06bfc54c-4b39-6f69-b4ae-2d57ee8ac590	0.9312	M
2	>6b65962d-6b78-2c38-8937-0a28750061ab	0.8986	E
2	>b2d0e9d9-d698-a262-e7d2-ee24bd234cd3	0.9758	M
2	>de2fec18-f14f-8ae2-e823-e7ebf97d2c83	0.9010	M
2	>7a9a4603-5270-8787-3df0-6599613a4c3f	0.9349	M
2	>83fd6a59-7c74-d33a-143a-a73f5b33ce4f	0.9028	M
2	>4d62dce8-dbb7-0f1e-9e5a-9e85ec0ab7ce	0.9344	M
2	>439a339e-b33e-648a-ca0d-8e2893612816	0.9230	M
2	>b64f2239-7fa5-30a1-9952-e453fe20a005	0.9514	M
2	>ab54376b-05a8-1e0f-56bb-1a5f6e39f045	0.9279	M
2	>d3321b8f-25ea-fde3-9dcd-28abf6229ff3	0.9292	M
2	>2de7722a-d18e-5748-658b-6d7857078dec	0.9280	M
2	>3a846b40-719d-92bd-9c55-e892e1866e62	0.8821	E
2	>18a739e7-5c58-737d-22a3-f1f7b71cedd5	0.9505	M
2	>d3de29e4-7f8f-e7ec-6a68-f9f915ff5cfe	0.9140	M
2	>67a4bfff-c8de-d56e-6dd0-15c589b54d54	0.9687	M
2	>36c4a4d2-1ccd-f5e1-073c-d2e0180e7098	0.9180	M
2	>a1a3ca17-b604-777e-1007-d68ab07f1eaf	0.9642	M
2	>711b9a77-8319-bfa4-f96c-f81259a66864	0.9684	M
2	>d53b3f9f-191a-b528-ec9c-9b1b9b4d7ac1	0.9071	M
2	>6bb0505e-a835-8e16-5036-b44a5d10a116	0.9075	M
2	>37a78ebd-5e47-a252-08c2-8efb961f40af	0.9190	M
2	>a2af48cc-03a0-0a9a-3a10-4ed07caa0cce	0.9744	M
2	>3f45bb50-5b3b-943b-609c-f0e434b1eaf2	0.9414	M
2	>52e4615a-51dc-b4e3-5e71-d22c3d204015	0.9183	M
2	>cb47893f-5469-3825-9835-fa9e4fc63842	0.9255	M
2	>1dcb1ba1-8ad2-bffc-014a-0efa4dd7c37b	0.9198	M
2	>818ccb22-1be6-4a4a-731d-a1615483a63b	0.8899	E
2	>ec2373d4-08f5-ee15-7103-f6b0383fcb99	0.9221	M
2	>c05ce49a-9418-3f1e-fbaf-573b1904463e	0.9170	M
2	>c1bc1479-7b0d-be70-8e4e-ac920facbb52	0.9327	M
2	>2ef6c49f-65a9-fc19-a94f-c77fa0fc0a61	0.9101	M
2	>6de72381-7675-1cbc-fb06-0da5ba00e3db	0.9203	M

3	>501a9787-65a5-92ca-e4e6-73e84322ae08	1.0000	C

4	>d3e25cc1-94f2-ed10-9c37-77a18b4644eb	1.0000	C

5	>266f0bbd-d0f0-6659-fae7-f8e2e448826b	1.0000	C

6	>d567958a-410e-a400-bda5-a2ac13c8ce75	1.0000	C

7	>98c10e82-2172-9afd-e130-2435356ad942	1.0000	C

8	>8a2a6b6c-5175-724b-b93e-f1a72dca0e0e	1.0000	C

9	>f4baaed5-1b49-b2d2-3cbd-51daa97044dd	1.0000	C

10	>2dc3c275-d1da-41b6-2220-04393cb4795f	1.0000	C

11	>9867289c-ff3e-12cd-9451-70c134c27199	1.0000	C

12	>10fb722d-2e04-2eab-677f-2708cdcfd719	1.0000	C

13	>a72870ec-56fc-13e0-28fb-ded5edad54eb	1.0000	C

14	>2278e574-e51d-96e1-b666-f98e08dd1af7	1.0000	C

15	>0312ec00-4850-fe90-2161-084b83ed1a34	1.0000	C

16	>30569206-ad3b-16bd-bf20-c37968abeb98	1.0000	C

17	>e0b5908b-50c0-dd9f-f5de-eac597441fd7	1.0000	C

18	>2753502f-23c1-66e3-bb4b-1471b3d3772e	1.0000	C

19	>c55baa34-d239-9373-cf88-538bceae67a8	1.0000	C

20	>d0c932c8-9676-3ec3-a77c-6ea792ed549e	1.0000	C

21	>40c5f04f-d18e-083d-ea91-f7c621ded5f9	1.0000	C

22	>b08efa96-6ac1-a22f-fd09-ca428e0ec471	1.0000	C

23	>0fc39b6f-6c4e-871f-3485-08e8b5a913b4	1.0000	C

24	>5ce42929-a7c4-47ec-68cc-cfba6ecfb469	1.0000	C

25	>1ba4d89c-6630-e696-570a-b847057081c5	1.0000	C

26	>1f463b88-eab9-b766-78a5-a2c4d9be91b9	1.0000	C

27	>78c904ab-23d7-dbc2-4d92-189c4e5ac77a	1.0000	C

28	>99286de5-e9e9-add1-9e2c-e938bbc84108	1.0000	C

29	>70422499-85eb-5d6b-3bc5-db95ee826dde	1.0000	C

30	>076d3031-25b5-f7af-e65d-98bbbc37ec00	1.0000	C

31	>e68e9dbf-9274-44e2-fead-9df9be59f9a9	1.0000	C

32	>ec38bdf4-be3a-b0ad-d28b-64c88807ecb3	1.0000	C

33	>6f9184d4-3042-5f89-11fe-1ced74369575	1.0000	C

34	>3372283d-f9cd-a0a6-dd43-e9a8815957ca	1.0000	C

35	>fbc5f207-4829-3a4b-9231-dad153153d7f	1.0000	C

36	>01d7aaaf-c8bb-a0e1-58e0-99d7543c0c8b	1.0000	C

37	>f450630f-7522-7b95-5d6f-bcc47b864565	1.0000	C

38	>71333eb0-6a12-a3eb-1a44-af4b185bae48	1.0000	C

39	>c3eb916f-4ef4-3061-7eeb-7658bcfd58eb	1.0000	C

40	>7230e3f2-a7e4-392b-be45-328f91095111	1.0000	C

41	>5b99b008-5a98-ac0c-85f0-8a9da5c0f0d0	1.0000	C

42	>3b71a2c5-3884-e4c1-5e8d-114a21c80679	1.0000	C

43	>55b02689-32ef-3e92-3fb2-93e2a7319da0	1.0000	C

44	>38153cb3-1b0e-8219-17b2-add2cf7a4f89	1.0000	C

45	>2b270e87-e593-c79b-93cf-841a3df2d9ef	1.0000	C

46	>6e2c05eb-2316-81f7-8b23-3eac14a81c6e	1.0000	C

47	>745f2c25-a4a7-9d96-3374-33f284220c6f	1.0000	C

48	>e56b01c8-3df2-b905-2bfe-aa3fb34239be	1.0000	C

49	>9e0c9ab7-9ceb-9fb5-4c58-8d65436f3dd8	1.0000	C

50	>50a9c460-bc54-a44f-685b-dd1c78fee9d2	1.0000	C

51	>46dcf6bf-2bca-1061-d9fe-c65e5028e532	1.0000	C

52	>dbab7d6d-204e-ac69-8bd7-c7fe4f117af2	1.0000	C

53	>d9e73777-f1f2-d110-f641-7feeb490d6b0	1.0000	C

54	>725c7841-27f7-3e6f-65f7-9023e411e1b9	1.0000	C

55	>c98c508d-90e3-73eb-94ef-014ade5bb211	1.0000	C

56	>a62d65b4-a41c-2152-e9c8-97afe2b3b6c7	1.0000	C

57	>4416f910-4df9-613a-092e-4c2f33bc419f	1.0000	C

58	>ca76a60e-2f8c-d69b-0b61-b1665e1d1289	1.0000	C

59	>efb66759-37e1-697e-118d-442b23df8e53	1.0000	C

60	>89c2ba91-e49d-bcfa-2eb0-5c7bfd2888e9	1.0000	C

61	>be7abeb0-13db-85e2-6fb0-9b62e7021b6b	1.0000	C

62	>2b6934fc-7531-164a-ba73-894b0e5d0ebb	1.0000	C

63	>e82cf00b-0127-51b3-0843-0726d5c665d8	1.0000	C

64	>550bb8f3-c55d-db7c-b94c-dc11e3c2dc37	1.0000	C

65	>8def07a8-0e9a-8a6a-fce9-8331073aa2ce	1.0000	C

66	>68da4b92-04c6-3c0c-5914-60c6114bd433	1.0000	C

67	>60d5442e-73e6-614f-f876-9d67bea917f9	1.0000	C

68	>68e1abbc-5bf2-e4f5-d1cf-7f3c20c975df	1.0000	C

69	>97a62898-1da7-c840-1514-92c634745a8e	1.0000	C

70	>94eec971-7ecb-249c-9ef6-bf83c3178dcd	1.0000	C

71	>242ba39a-0b1c-f638-632f-fe0574b3484c	1.0000	C

72	>76cf43b9-9798-9204-99b6-e0d81e3d21c0	1.0000	C

73	>c75c12d2-b8b8-8994-2325-e71473f63428	1.0000	C

74	>45e16523-0027-838f-a58f-ab0bcf57d1fe	1.0000	C

75	>794eda6f-a161-5bd2-9093-edcc71e088e8	1.0000	C

76	>196bd399-5f5b-2d6d-3382-b2582e7407eb	1.0000	C

77	>8b1cc6dd-4c7e-05f1-2c53-2520049aaea3	1.0000	C

78	>d50dc144-3492-840d-6ebe-518a15cb8548	1.0000	C

79	>9960e95f-6dc3-2a8e-b765-d63014e0d88e	1.0000	C

80	>468d4ba1-5974-375f-1d9e-44171391affe	1.0000	C

81	>686773b9-a793-de84-c95e-ebfc363b1fd0	1.0000	C

82	>69871d70-3191-607b-3cda-6ab0bab007ea	1.0000	C

83	>b1fda056-8d4a-13ce-4826-81db61d5f3f7	1.0000	C

84	>cbe84749-4540-8999-0cbd-3101362cbdbd	1.0000	C

85	>68fc2d00-30c0-5f4b-d8a9-198d23b352d6	1.0000	C

86	>9145f53b-0a25-ec18-d768-778a79d9be7d	1.0000	C

87	>cf610b98-b9b8-bea1-263d-6688f55ed941	1.0000	C

88	>ed6447ef-e352-856d-0765-00715caaa2e9	1.0000	C

89	>5936cb5d-2c34-4ef0-83fd-90e1eeff90f6	1.0000	C

90	>919c9795-0be1-839e-ddbb-1b7815794c6b	1.0000	C

91	>93c33ce4-879d-616d-25a5-f8085d1cdd2f	1.0000	C

92	>0891a66a-d81f-7479-3ed9-e0f9a0549ba3	1.0000	C

93	>fbe2c297-c020-b022-15a3-627dae6b7f07	1.0000	C

94	>5666b0bd-17d1-4f32-91e0-1628b2561ae8	1.0000	C

95	>a3b852e2-1293-ccf8-cdde-3a2174845cf9	1.0000	C

96	>cc4837d6-a372-daf5-9aa2-702b67cdb107	1.0000	C

97	>a3b1cbc6-ecb5-ff59-4f82-0ef93326dcbf	1.0000	C

98	>97c6665c-7b48-9a21-f6d8-e770e1ecefdc	1.0000	C

99	>6d4319d6-672b-461b-20d8-adc0309118bf	1.0000	C

100	>13e69fba-f331-a6bf-b1f3-bd97daa5e3e1	1.0000	C

101	>15925ffa-11c6-21f1-58f8-454633d12025	1.0000	C

102	>073d7de3-a095-ce95-d871-23e3a4c61567	1.0000	C

103	>adeb65c5-f08a-6d21-e402-135a6f616c38	1.0000	C

104	>c30aca6a-cbcd-5226-52bc-76fb736d0cdc	1.0000	C

105	>d980b1fa-f869-6f83-f4cf-46781e31f8c1	1.0000	C

106	>4df406ff-b9f7-35de-71e5-0ee04b013020	1.0000	C

107	>d61a638f-ee3d-9c4d-d877-c267dbb3bfba	1.0000	C

108	>957bc4f9-4a3a-67bf-d3fe-212041756904	1.0000	C

109	>5d9e6524-7603-8564-2000-590f10ce29ed	1.0000	C

110	>7ec0298f-e240-c102-db3b-8e6254f866c6	1.0000	C

111	>bfd5771d-e06a-1f9c-0d31-406f75dceb2b	1.0000	C

112	>8463bc72-8925-c4d2-1112-ff0381a442b0	1.0000	C

113	>8562ca37-aab6-e09d-b3b8-8eb98f374b3b	1.0000	C

114	>13b5e34b-a752-236b-9c56-24d42cdc1f52	1.0000	C

115	>6f3f6026-3af5-095f-3217-ca59556fb904	1.0000	C

116	>e65bb626-6440-996a-d876-b39c559ffc14	1.0000	C

117	>765c4736-bb72-6083-a397-035250d2384e	1.0000	C

118	>fe201811-1d6b-b442-c020-cdeef53bc2d3	1.0000	C

119	>81139319-60d1-90fb-3ecb-f27a81d6ad58	1.0000	C

120	>80ca4c6d-2400-c15f-6fd5-2c755d44d176	1.0000	C

121	>1972157c-606f-35de-1ba9-011df3e8aedf	1.0000	C

122	>e62865e8-2947-252f-a3be-3250cc5459ce	1.0000	C

123	>284c4253-f41d-33c7-5aaf-10eb5e142b1d	1.0000	C

124	>ff4f6530-2b45-32a2-e755-310cb0c67413	1.0000	C

125	>c0ef9492-bc4c-093f-1926-2bd4eec62ea1	1.0000	C

126	>90f636c3-ee6f-72d6-0da6-c200ea697b4c	1.0000	C

127	>c7a6fd5a-e758-0995-f22e-21f97d3ad44d	1.0000	C

128	>e06774fd-585c-ad45-ddc2-5990c4331af3	1.0000	C

129	>5c572858-de86-0138-d27e-602a04f27db7	1.0000	C

130	>eed089d0-3f0c-a108-e2fb-47191f250734	1.0000	C

131	>284d69ad-4e7f-3456-30c8-8f79257f7a8b	1.0000	C

132	>0339e8fd-1253-09dd-f628-845c23af87e1	1.0000	C

133	>d42da51b-eb1f-07f9-fc06-59b4674d7be7	1.0000	C

134	>e872c877-ab3e-2175-5df2-db56045a3c47	1.0000	C

135	>e2dd6e68-8d81-1e0e-28cf-caef7eb8e139	1.0000	C

136	>fab9bcdc-2c04-8c43-4e99-baf5fb6def9a	1.0000	C

137	>e5f16929-3119-d201-6290-65665e7ac41b	1.0000	C

138	>dda2d264-0660-06fe-2101-a4c61f56b4ab	1.0000	C

139	>585982b4-d5df-c2dd-9c72-63883057d2fc	1.0000	C

140	>772116fe-de09-11d4-ead4-8b19b2ddefbe	1.0000	C

141	>539d08c4-67eb-b850-952e-063bad3f487c	1.0000	C

142	>cc7cf896-b368-9e83-bbfc-524cea9c15d2	1.0000	C

143	>3a8d70a4-5c41-6475-8088-f1abd8611655	1.0000	C

144	>7690b534-7bf8-964e-0552-a4b3d64efaf4	1.0000	C

145	>7a27d837-0052-ba14-8ef7-4cd650d58d03	1.0000	C

146	>7f4d9aed-9e64-1a11-b586-a1796699ec9d	1.0000	C

147	>abf23134-a528-2531-f131-708be07351de	1.0000	C

148	>3b92b1a5-bcf8-d545-cb6b-40205b732d08	1.0000	C

149	>eb41d795-8ffd-d338-0467-8bbc3ce90e29	1.0000	C

150	>e1edd2c7-248f-1dd9-6076-fb25815205b5	1.0000	C

151	>9f1bb8c5-52a3-2de9-0cbc-cf0dbbc1d7d1	1.0000	C

152	>3219f1d8-6398-ded7-95a5-d9e3a24793d5	1.0000	C

153	>64d226e3-f533-b321-f0f1-1240799a46bf	1.0000	C

154	>b48e88ea-fa01-2c33-19aa-ac2cb7cdfe04	1.0000	C

155	>417aa7c5-bee7-9981-a7d1-f544013d6d2f	1.0000	C

156	>26f8e364-f4ff-9357-6c11-365116dfb859	1.0000	C

157	>ad748f60-57f0-3191-3c9c-870d33b7de95	1.0000	C

158	>c194139c-c77f-ba90-d471-abffbcb2282f	1.0000	C

159	>b7d403a4-f464-e99f-864c-868a90c458b0	1.0000	C

160	>1b0eb14a-0d11-2269-b5b2-25dd75f29a62	1.0000	C

161	>d622fd76-c3ba-be94-880b-1133eb4cd5c9	1.0000	C

162	>e6164909-fa46-dfed-da02-26d27983eb66	1.0000	C

163	>f6c7261e-b92c-5e59-9018-4288cb22a6e5	1.0000	C

164	>5f9e1894-8255-7204-e62e-f5ba78e62d8b	1.0000	C

165	>08a08a18-9617-013a-c272-84a5e413ef52	1.0000	C

166	>2afc5a98-1e22-73bf-eb57-9c9e7120001a	1.0000	C

167	>8fe84351-5600-aa38-7edb-0cf9bac06490	1.0000	C

168	>c337ed62-febe-e5ad-f5d2-e018002890e9	1.0000	C

169	>94b8efa1-68e3-8945-3c21-db3ffc2d445d	1.0000	C

170	>4344ff01-a271-3d57-f2bc-e030e0127bc3	1.0000	C

171	>1f18f036-4539-2f55-4211-27696a29cf03	1.0000	C

172	>9e12045e-ac76-40fe-42c1-68ad184f9c20	1.0000	C

