1	>ce913298-12a4-456a-e958-aabad2dbeba5	0.9789	M
1	>0d1f9328-b412-9e67-9e6a-8d4c5f03dd3d	0.9952	C
1	>bc3f35a0-be07-89f7-135b-c87b4452f0b9	0.9469	E
1	>615a4b76-42a7-f0fd-e3a0-8a1baa05bcb9	0.9648	M
1	>ec56932a-d689-5a1d-a817-6e0cf9c4d9a1	0.9854	M
1	>ed5428b2-24d2-5898-315f-c90de81ea210	0.9360	E
1	>1b932fee-4e3a-4d03-50b9-8e49e98fdc8b	0.9890	M
1	>1f65a43f-1b54-a434-ac48-3c91a4e9a9a1	0.9678	M
1	>bf0546bb-b224-b9e9-df9e-486db6c816ca	0.9559	M
1	>8d57a4b8-fa16-c9c2-51d8-af07896d6ad0	0.9868	M
1	>5f046f62-7937-6b4d-4ef8-42d78fcb387d	0.9673	M
1	>f876dfbc-9350-360f-a235-900926ff1c27	0.9787	M
1	>fbeaa429-7eeb-e915-bbe1-034a775da8df	0.9508	M
1	>e899914a-673a-b39e-7b2f-8d8d66affd7d	0.9336	E
1	>d2e37910-b1b4-da32-27ff-fe3e183b7d91	0.9373	E
1	>17a4c34f-a272-a3ca-14a8-4b95ea72509e	0.9443	E
1	>21f30d9c-1716-a0d2-bd00-3d314ef01575	0.9444	E
1	>4313424a-afaa-686e-f78b-df925903adf9	0.9938	M
1	>ae138c17-080c-774f-7de1-72969f1c498c	0.9909	M
1	>00d2f893-4f2a-2447-f94e-e7980247133c	0.9816	M
1	>63340b07-3a4e-b7bb-95ac-d30de041f49e	0.9412	E
1	>770bf6d9-f7c1-9c7f-4465-2ed14a773dfa	0.9404	E
1	>e06c745a-5640-bc21-35d2-076201c57c30	0.9783	M
1	>0c6f3b2d-8a56-2347-3406-ae6911e3db98	0.9362	E
1	>adacc7a9-471b-0cfb-1865-f931056bd424	0.9461	E
1	>29e402e6-7289-f461-f3eb-7f758f011936	0.9488	E
1	>36a8c03d-3046-a77a-48f4-83ca03ce131e	0.9883	M
1	>79368124-865b-4f2d-a39d-105e9b75e9af	0.9750	M
1	>7578c340-9154-6a05-a7a5-bdf8ceefe459	0.9481	E
1	>525bcef9-2aad-f2bb-059c-1926d8b419bf	0.9679	M
1	>e51705e9-f654-c8c7-629b-f85b197f6d6d	0.9382	E
1	>4ecf5035-3660-7337-0702-d11819f62f3e	0.9927	M
1	>7f6708c5-c1ab-ebe8-3821-68a4a093c352	0.9459	E
1	>ecadaffc-2015-900e-13d1-21c3a75409a2	0.9411	E
1	>cdd0d971-cb43-f598-49ae-01d9ab19dff1	0.9408	E
1	>3083db0d-770a-a47f-7bcb-40806754f0e1	0.9807	M
1	>b4878f2b-dbec-6744-2885-07c4b7740652	0.9382	E
1	>ff2ad6a6-b07c-4844-71ef-371e4d2cba4a	0.9442	E
1	>cc542cf3-de26-16ca-77d7-dea7e676ef6f	0.9834	M
1	>48a5e276-0b7a-eafc-a196-ce54c4ced0fb	0.9830	M
1	>b41bc682-1993-a833-74ea-4682dcc478c9	0.9918	M
1	>5c99c7ba-8fe6-f699-6ec8-caf5a359af73	0.9501	M
1	>d73fefeb-1e86-ce67-0c26-d6612640a6ed	0.9744	M
1	>a87b1c2a-931b-8a46-62b9-3f81cb1b7454	0.9383	E
1	>2c162381-1752-ba64-4080-133527bb5fac	0.9819	M
1	>05b18929-9d01-c7f0-b597-1687633b5bb1	0.9915	M
1	>2711ba22-1703-6cd6-190b-6453f8a35c6a	0.9347	E
1	>bc56f7dc-7c44-ed09-82e5-d0b01071915d	0.9875	M
1	>5bf62c6a-7e11-0643-78ce-497c90cdaf9b	0.9796	M
1	>82055599-135c-ecc4-ca44-e1faf501b57e	0.9781	M
1	>e44001b9-9431-edad-9b48-9652b3d4e8f0	0.9370	E
1	>133bb453-5104-5bab-4d4e-74583e52f05f	0.9764	M
1	>9df01f60-fcc2-467d-ce31-772c7f7edabf	0.9415	E
1	>e1e0e6fb-f2f4-ee9d-fbf6-1f7b09347793	0.9539	M
1	>5a96dd4c-a0e0-1274-587f-3a9a1bc3214f	0.9556	M
1	>0f5813e0-e6cc-932f-565d-38097cc5b00b	0.9348	E
1	>14fbab5a-bf19-5c95-f644-a0100ee4c75b	0.9475	E
1	>d6f5e7c7-041b-c2ee-df54-528aee18411a	0.9668	M
1	>fd2e70f7-3089-86bd-2f7d-8cb15935b31b	0.9340	E
1	>910de51d-3cf9-a87b-dc62-061c559952d2	0.9729	M
1	>b8e3ece0-dfde-b2a3-c34c-6760d512ca81	0.9748	M
1	>1c0aa340-cf65-231a-5489-5c8e661e7f19	0.9395	E
1	>faa37195-648e-d5b9-5e0b-e7d690602e7c	0.9428	E
1	>50e358f6-e9b6-68c5-6fc3-521785bc94a7	0.9762	M
1	>0526cff3-397e-b108-405a-7a37c690c109	0.9530	M
1	>a72e3c1e-7217-b951-ab19-2a3d543aa98a	0.9702	M
1	>a54b0afb-8344-1346-457c-3da560144c22	0.9812	M
1	>bf5c8d22-f415-84be-43ab-ea010ed4edaa	0.9496	E
1	>8fb7a29c-f12c-d6d9-ef09-867562968a4e	0.9897	M
1	>094538b7-690f-6b41-f3a1-0fd543176243	0.9434	E
1	>a9f83205-0598-96bf-ad42-fb57ce4c56b9	0.9411	E
1	>6ece0fe3-e42a-9df5-a955-ce684008a8a3	0.9399	E
1	>4e51b5d0-b66c-0bb6-7d3a-7b921d729b6c	0.9838	M
1	>cc680ae2-16d7-45bd-a7fe-831b5af258bd	0.9837	M
1	>a23b4e6a-268f-2d1d-22b4-0578fd2967c9	0.9775	M
1	>8ef31de9-5e89-5a3a-2c7b-e308ed6a0f47	0.9391	E
1	>e6fe6e2c-f2a3-d877-d631-6a387926d9ad	0.9351	E
1	>8fb3e361-2ffa-1775-c6ff-13ee6ec61ac6	0.9646	M
1	>26a26b4f-2642-7e1b-007b-3a002ed628c9	0.9872	M
1	>1adda590-0a97-0caa-23ec-92c283c544fa	0.9796	M
1	>512b6c05-5008-610a-606c-501093a5e3ff	0.9480	E
1	>cf6da7e4-eefc-95ed-a92f-ac62a3546b77	0.9579	M
1	>40828c17-e7fb-c0e0-b9d9-c3e7e204ee84	0.9891	M
1	>7c0bb3db-172b-6fa4-0de0-8e40120ef115	0.9811	M
1	>b1f13e1e-cfad-8544-c29d-6688f19937d1	0.9429	E
1	>6a260cd4-a564-aa66-1f71-438727b94f9c	0.9530	M
1	>a0fc232f-3e5a-c339-6297-b66f93a810f4	0.9375	E
1	>5abc885f-014c-d21d-50c4-e2313299e5ae	0.9861	M
1	>7d2c70d0-0778-06a0-8838-7a9a6c79fb12	0.9868	M
1	>48f242b6-ab48-8d58-98d8-f9f3fb47c059	0.9834	M
1	>7f99b92a-d12e-6080-fba2-4f260d8bb699	0.9719	M
1	>e4543766-a847-f2cb-ec2b-e21ba66f5724	0.9931	M
1	>1b286df0-b1bc-5cb5-be79-6061687320b5	0.9475	E
1	>6dc2e202-1c3a-f125-28c4-59f9e671a0ff	0.9751	M
1	>db4ce7e2-5bd0-ce5e-ee5f-932936980d19	0.9894	M
1	>52449d04-e628-9229-9f7a-3da3618ca690	0.9835	M
1	>e00f43ba-2155-18c4-5374-0b50b10bb4f2	0.9340	E
1	>33b04467-f7d9-41e6-5a00-56387e0878e7	0.9347	E
1	>25cff286-1aea-48ad-4880-18a123b34914	0.9834	M
1	>156435d0-46c9-afef-9765-84141a7dc7b0	0.9342	E
1	>7199688c-4c90-ebd5-2c87-65e29802754f	0.9390	E
1	>b2ff7297-9be9-e591-91d4-05a728710635	0.9403	E
1	>c1b491b8-4be9-127f-7c89-10e9b6593fc3	0.9596	M
1	>1e4cd833-5443-e980-f57d-37555887bfe4	0.9488	E
1	>9325c075-98a1-4a14-3ee0-2a0e4b6614ce	0.9684	M
1	>0c5eec9e-3b99-3a59-14e2-0d33eba03058	0.9437	E
1	>d2dde87b-92ed-7250-f563-04f254f44547	0.9619	M
1	>53489f57-5db5-670d-d0e2-7a8ad664202c	0.9338	E
1	>de1776b6-c02e-83af-823f-25b9e9f44cc5	0.9902	M
1	>d10caef3-051a-cb0b-d7d1-2f78037022fa	0.9895	M
1	>916293d9-d9f3-93b2-0ce4-041912d6176f	0.9369	E
1	>87f30a9f-2354-b132-eba6-1fa3b5100292	0.9642	M
1	>6823607f-809c-ceb2-c0aa-71c7df061dc1	0.9377	E
1	>3354c46b-b339-3713-db84-637ebc2c89f5	0.9521	M
1	>f44db3a9-68e1-2a51-71a9-ed56d37680f8	0.9685	M
1	>21684e5f-3e79-79f6-0e0c-5005072b59f1	0.9402	E
1	>4f1f4449-570b-698b-f0c3-49ae169aef55	0.9438	E
1	>34fc9634-8a8e-ba3d-4308-aee50ee8b635	0.9704	M
1	>3516391b-4b1f-359c-df3f-341a06663c85	0.9764	M
1	>89442b2f-b027-e3fb-2bdd-3dc4cb09508f	0.9439	E
1	>64727915-9b03-2017-9a58-7158d8724520	0.9410	E
1	>14461457-21a3-2e45-be85-8058e88222ff	0.9343	E
1	>523380c7-ab93-b861-1eca-6a3c46c9c8ff	0.9714	M
1	>b6caa61b-1838-ef38-1559-c89710037f87	0.9360	E
1	>b8e20ad9-aaa8-e341-07b4-27eadb715020	0.9463	E
1	>12e3352c-64a7-7f8e-8296-a86a9e3a6545	0.9513	M
1	>4793dcd3-5f96-2a12-af1e-6482dfd4dc03	0.9359	E
1	>0ca8a40f-5102-5a31-229d-37f5ec758afd	0.9913	M
1	>37d6b84d-4953-8dec-5c20-1465cfdd09a9	0.9836	M
1	>aea6b9b4-d0d1-8612-8cb7-a0578ef7cf6e	0.9737	M
1	>bf2387d3-a82f-ea90-0299-53f191c9d506	0.9462	E
1	>b35ba67d-426e-c6df-6137-00d23b186ca4	0.9476	E
1	>11659e37-c759-e6e9-056b-37da57fa02df	0.9414	E
1	>1c4bc981-3142-aeb7-b4a7-112e18c79ff6	0.9918	M
1	>484587db-5bb4-26ce-0dc0-f7f4ae3b0d2c	0.9595	M
1	>55e4a2ce-92ee-2315-8604-e33dedd26800	0.9883	M
1	>d1a8d5c3-2767-e968-6000-d8ec0bf8d5a1	0.9897	M
1	>f3387cc9-6ffc-254f-d845-3f21c0f8cfee	0.9421	E
1	>9a938d65-fe95-ec2f-c55d-6ff7c02cdd3c	0.9867	M
1	>2bb2ccd7-0bb6-0a1b-cac7-027e31e87641	0.9377	E
1	>fac7be23-4c24-8f63-def1-39a756f5fda0	0.9395	E
1	>92bc4340-d43b-c290-d97e-adb2eff86754	0.9884	M
1	>7b7beed4-d71c-c9bc-0129-4739802d2938	0.9614	M
1	>3c087857-8594-91b3-e92f-baf7714686f8	0.9581	M
1	>149b1f90-3b6b-f10d-68af-936ca5d9bc9c	0.9850	M
1	>cb2f1936-f3c7-1a5b-baa5-c557b2ac714b	0.9352	E
1	>74c41f54-5edf-aef5-6f53-d295313d4e58	0.9785	M
1	>74deb3aa-38ae-922b-d78a-f069a182f7bc	0.9469	E
1	>5d3a01e5-29be-ee5d-da0f-b6bc514b6cd8	0.9905	M
1	>01630237-f2cc-374b-d4a1-e049dd538429	0.9590	M
1	>347cb87f-203b-a47a-d623-e59f0ba051f9	0.9354	E
1	>f697a5d3-63b1-22ee-2727-9f6ecf66a4e6	0.9883	M
1	>bd32b0ea-3b49-25d4-6e04-c9350de232ae	0.9346	E
1	>157b8c59-9d2a-a111-6a54-af74112be65c	0.9790	M
1	>c0ea73ca-9bc9-1749-136a-98a9d3645928	0.9399	E
1	>82f27d00-c0ee-3a61-1d8e-b377e1e5f991	0.9810	M
1	>e0e7fe12-10f1-5280-66da-b5f2772b17f6	0.9843	M
1	>c3f07d2b-139e-5f08-23ab-3121c4bced66	0.9815	M
1	>f34a941d-7e49-460a-361f-098b586415f2	0.9890	M
1	>cdda2eda-3b1e-dc59-0a82-9530e73fb31a	0.9832	M
1	>c787ece4-c20c-ee71-88da-a754416e5d99	0.9742	M
1	>000b3446-f719-3a1e-c789-abd2160ad29f	0.9371	E
1	>e3213e1f-08e9-26b0-4dcd-d7bb8da828c2	0.9419	E
1	>f5a32d09-6032-7efa-2662-aac25f100616	0.9780	M
1	>506f145b-9645-4174-025f-5da30f63e0ed	0.9442	E
1	>dbbfba69-34fc-e761-e230-4cca04e718d2	0.9471	E
1	>40eae9fe-0aa1-3418-012d-0758f6925856	0.9772	M
1	>bd628ed5-11c6-79cc-b598-3a9855308651	0.9484	E
1	>229c147e-e2df-874d-9c35-8e28825c72ac	0.9840	M
1	>82c5e71a-7bfa-877c-805c-feb7f2979ea0	0.9899	M
1	>e8f5ef08-cf70-a0ba-ad65-5caac7a6807f	0.9381	E
1	>fb505ccc-4ff4-767a-0476-834447a5eaf7	0.9467	E
1	>41db34ae-113e-de89-3551-b2439c20f425	0.9867	M
1	>f8fc923c-4913-4b0b-cff4-599f5842c1c3	0.9367	E
1	>eb722101-978f-d509-f85f-5bf4e01e12cc	0.9488	E
1	>29b59588-f641-d1c8-e02c-c4f93c98e73d	0.9437	E
1	>c055ca5c-2e59-2f3b-a087-eb64756afdff	0.9458	E
1	>5caee147-6bc8-8a47-af62-7260f93f29fa	0.9434	E
1	>1285ea25-6cd5-effc-1bb9-cec7a387cdb0	0.9406	E
1	>ab03e54e-88c5-6b90-f399-5e067bee68a4	0.9680	M
1	>9acbc50a-521f-4bea-1994-765643451ba7	0.9936	M
1	>5cb18ba6-4521-1925-7fbf-b9c10f83678e	0.9712	M
1	>62b8f66e-cf2d-1dc0-d1b2-94ec4ddce962	0.9408	E
1	>3f2ba445-0862-c5ce-14c2-f2607f7c6308	0.9426	E
1	>37f78464-95b8-1f74-96ea-2aae08657221	0.9780	M
1	>9b233119-d677-b776-5bb3-3291ff51d815	0.9422	E
1	>3e00a140-c50a-d416-80dc-17f1695cf9fc	0.9500	M
1	>44e3906b-f3a9-3252-8203-b5060b70e67a	0.9692	M
1	>a51d9eb4-0b02-f605-4907-5e772ae424ee	0.9906	M
1	>f42a6f2b-8319-e437-5945-0651998ffa35	0.9517	M
1	>e95bf44c-844f-1e15-d29d-1266511b425b	0.9359	E
1	>0427744f-9f8d-778b-0451-7011bfa0dc33	0.9450	E
1	>6162477c-2507-ca5f-f40d-4b6ce024682a	0.9737	M
1	>d1dfbb08-c229-1a8d-11f9-8a09660d0f36	0.9580	M
1	>ab65fbf1-b90e-a2b9-37cc-309818bcfc4c	0.9819	M
1	>e30d88a8-04d1-ce55-0050-15ab57b4fc1c	0.9838	M
1	>3098d035-c45c-ac05-e085-6811a0905a36	0.9847	M
1	>1596bc14-312e-ebed-472e-970365ae36ca	0.9647	M
1	>77a7166b-1018-8efe-7c98-ea1254d75de0	0.9769	M
1	>1e58dcb5-e0a2-db9d-4489-c44aa1cd57d2	0.9430	E
1	>efbc6060-ef01-40d3-b873-d7a2151640bf	0.9476	E
1	>d26e428c-c6a6-8bc2-44f9-cb65bd10bfa8	0.9412	E
1	>02160609-51f9-4a5a-489c-e435970a55a8	0.9811	M
1	>2f1a618e-ccdf-c04f-ae73-f5a42fd7eca9	0.9728	M
1	>20dac38f-2ad2-03fc-4916-31e4c630263c	0.9721	M
1	>f8fcf7b1-ccc1-2462-a982-812b061cb557	0.9413	E
1	>2d9ccf88-4a83-e032-b7a5-85c2c524d963	0.9650	M
1	>e80a97e5-a557-1d66-c063-1abc5ba665a5	0.9728	M
1	>6f52d5fe-ca5c-afe6-1d1e-3b015631acbd	0.9726	M
1	>67c95b15-080c-523d-a9cb-04408c91e064	0.9680	M
1	>25a4de12-382a-61b3-6953-3d4c8d7e974f	0.9733	M
1	>d4373d53-03b8-e00c-4085-9987c3e434c7	0.9541	M
1	>fff7c68a-697f-8876-f7e7-1b4a774c196e	0.9528	M
1	>6b6bf596-52ae-78b5-0b95-50ef7dd9b347	0.9495	E
1	>56dec90a-9f99-2bbf-2cd7-dc2f0a4ca0f1	0.9737	M
1	>19f81282-cc6e-b947-0f0d-de2c0f95cbec	0.9487	E
1	>896282f4-e3b9-885c-ebc8-0096d0a5aa46	0.9783	M
1	>bcf29a76-6fb5-8e43-179a-745dcbf33006	0.9381	E
1	>93aa79bb-4c71-8b6d-0e0a-7e80f5289e2d	0.9599	M
1	>dfca3da7-270c-eba2-1a3f-4efb6437e3b3	0.9359	E
1	>3e486152-b294-91e1-0190-29f7c759e359	0.9892	M
1	>b8d4417b-8863-c27d-b4aa-9d131894cb94	0.9785	M
1	>9ae01d42-4b3d-abde-b8c5-6707fc01e2d3	0.9915	M
1	>2b9eac52-d237-81e0-a74f-6b0ab60821a7	0.9554	M
1	>a26dc056-968f-4521-8c38-c43d1e6ee571	0.9892	M
1	>f3754ece-c6be-fd80-a4fe-b5b5162023b2	0.9466	E
1	>a6328918-c03c-d6a1-dc2f-c5893ab89a1d	0.9722	M
1	>82e49b40-c3aa-f31d-39e3-51aaa983a032	0.9782	M
1	>3559af68-d1b8-1b99-ab2b-6bcee6cf2909	0.9402	E
1	>c4d1dcc0-0932-facb-00d3-c80bb6ecc9bd	0.9371	E
1	>83952058-4104-22fd-ae44-ecb5b9e7bd99	0.9907	M
1	>b9a0a1ac-c02e-957d-222a-39adaa83feea	0.9343	E
1	>d3f5bf51-842a-2d20-37c9-4e1e685ab81c	0.9735	M
1	>84a89bcc-667b-163d-d7ce-01b6a6e3d10d	0.9679	M
1	>f26798db-004e-1ade-d211-2ed4c7570168	0.9803	M
1	>c27416a5-bd7b-eed3-4381-da89f6ebbcb2	0.9623	M
1	>dd14bf97-c870-8713-d7fe-2df3b0748792	0.9701	M
1	>06f4df99-cadf-e009-4233-6a7429a3aeb7	0.9634	M
1	>c818aaf8-b09d-91bc-be78-a5a120df1ae2	0.9795	M
1	>b56d60dc-0f9f-cfcc-b020-9cedf7995a95	0.9375	E
1	>fc999106-2cd0-3729-bce1-0985f4a4ad1b	0.9366	E
1	>f8b37814-efa3-c1e1-9c73-c730a093ef5b	0.9380	E
1	>73071b6b-0624-1ee7-8d39-6c7509c23020	0.9450	E
1	>976276c7-caeb-2324-bf87-634c07a2aa03	0.9456	E
1	>3ec287cd-89cb-bf84-25c6-ba4de210bc3b	0.9582	M
1	>6c7b6bf5-77c2-06d4-00ad-d412896abed1	0.9416	E
1	>6438af6e-39cf-64b3-8ff1-c23e42b11a3f	0.9538	M
1	>da1afac0-a932-4b80-84fb-422560d498f1	0.9411	E
1	>8828b7dd-2b92-a533-9203-fd18d80f541a	0.9360	E
1	>b506e670-ddfa-853b-8e5e-3d2be3286dce	0.9441	E
1	>bf424849-9e8a-f1fc-5f1a-062df4b7ab73	0.9793	M
1	>9f2803e8-4916-9c48-b714-0a7632f36f4f	0.9683	M
1	>3e5ad961-7ef0-37ec-0bc0-3bcc2ef09bf2	0.9926	M
1	>c8edfc8b-10ea-9867-b554-d68855774242	0.9728	M
1	>591f318e-03a5-d59c-db1b-2c988b00dc85	0.9611	M
1	>58c2cc51-0ad8-c297-d607-cc138ec01685	0.9568	M
1	>2d4071b3-0f4f-d6d6-7f0a-e9b553532218	0.9889	M
1	>597afaea-5ab6-3a36-c8a2-73b45ccd6e74	0.9474	E
1	>17b86feb-f3a3-a58a-bc71-14ddbfe2484e	0.9867	M
1	>4d5dc317-4428-9f58-9cc0-67220fa9abc3	0.9398	E
1	>ef2869d1-beb4-ae84-b548-a0f5787458f3	0.9795	M
1	>8514a34b-330f-6d6d-6624-9be38a90abf2	0.9399	E
1	>d45a0e2f-6ebc-691c-acb6-7df5799293fd	0.9335	E
1	>9a4ec98c-743a-52a3-9eff-f11eb264a541	0.9437	E
1	>c363e964-b110-95a4-cc2a-6af8fd5e1ab0	0.9344	E
1	>7c4e548a-e6a0-8516-352c-e06fc857abf5	0.9529	M
1	>43254670-76f7-bf1a-22b8-23149120a3bd	0.9364	E
1	>f525eb80-565a-14c7-3424-d11d659c5f30	0.9375	E
1	>c999e089-76cc-cc6b-1235-6804431131d2	0.9790	M
1	>b9999245-a581-07f9-878b-aca3d67e12e9	0.9685	M
1	>fcb6b397-7d92-3927-df5d-c6d3b07d45b4	0.9388	E
1	>60fdb7ad-f2ee-d512-f47e-97c34df410b0	0.9888	M
1	>99a2b15e-d63e-ccab-fcc5-bf53ad737fdd	0.9928	M
1	>4eae8a01-cae2-207f-5a85-34400980574d	0.9444	E
1	>221a43f5-90ca-ee35-e2a9-c58592166a1e	0.9744	M
1	>5d246e79-f292-2432-6a53-9bb09c317e31	0.9631	M
1	>3ed3c144-1713-f465-bc9c-817ec2a18e60	0.9396	E
1	>e9f3fd43-8f10-d213-6e14-68c87166a10f	0.9882	M
1	>e03c3bfa-0d69-48bd-6ef8-dcb68e2b4118	0.9448	E
1	>55ed52b3-3970-3966-9912-c5fa49aff837	0.9471	E
1	>e2b9cb4d-8c67-6219-0a9f-9fd94fae175c	0.9828	M
1	>f8188a8f-a08c-7053-68a3-dbbfe415666b	0.9639	M
1	>fb957b59-ab3f-967e-817f-fba169428766	0.9792	M
1	>7900d42a-54ea-92b0-dc48-04e741d60e08	0.9452	E
1	>8168bfa9-3255-08f1-818f-fe8de0f61d4b	0.9398	E
1	>3b2b4761-ccad-2d94-2e8a-97ead20f98a1	0.9382	E
1	>65f6bddd-1ac8-5f77-035a-be952777eff4	0.9485	E
1	>6ae03318-cdd3-6b62-8128-4a0637c31454	0.9499	E
1	>612d14e3-fecd-fa99-84f6-17e3defa48d3	0.9412	E
1	>24bcb33d-23ad-df37-a2cf-e6e6af4784c7	0.9581	M
1	>9510ca9f-1d86-dbf4-0531-fa738f0912af	0.9751	M
1	>7e1a9974-1dae-90fa-f081-22d17ff50015	0.9362	E
1	>a5b76e48-90a0-8870-23e6-c7d85ab577c0	0.9344	E
1	>2b805b25-d34d-cbd1-d4ff-d09a6af7baa2	0.9399	E
1	>3a804f02-e900-f30d-3e3f-c967afc4f653	0.9617	M
1	>51b9b980-2043-789c-9697-f9111e22f12c	0.9889	M
1	>77f49012-bd10-ba03-28d8-c0092a515c19	0.9369	E
1	>a0eedd2f-21e8-2170-e95c-32db716907d6	0.9840	M
1	>fe7bec1e-e643-d6bb-b23c-27c490a324f1	0.9787	M
1	>9aabe075-f000-2def-60f4-c4d8f1143fdc	0.9490	E
1	>8d9b3530-92bb-2daf-2b85-f07f2592983a	0.9671	M
1	>4d7b57bf-65a1-b0ba-6845-ffd02d33a69f	0.9898	M
1	>bff7ea8b-f34e-37d1-988c-afb82627b03a	0.9408	E
1	>716cc12c-8d19-783e-3176-8f4440637328	0.9794	M
1	>0ef6a2af-723d-dff3-4033-e29be37a29cc	0.9466	E
1	>d9a16b5b-c0f8-fd76-9257-22a614427e72	0.9772	M
1	>7d181155-23e9-a243-8634-3842c239b552	0.9913	M
1	>acc6e231-4445-aeb4-62cc-c65bfac8167d	0.9440	E
1	>a0415c48-c486-f7e7-f71f-2bff389d8770	0.9364	E
1	>095e867f-ce7f-0302-9a47-8f762ac5c41b	0.9594	M
1	>d0608f99-a57a-71f0-ce5a-a2ed63ca0d9f	0.9891	M
1	>c1628e52-1b6c-b372-8163-0dd176d41a8e	0.9785	M
1	>e321ac72-ff9c-4703-13b5-563cfd8bf084	0.9593	M
1	>7b748a40-9077-433e-a693-2f41624ff583	0.9398	E
1	>cef78edd-3810-0417-4e95-0dd8b155dca2	0.9493	E
1	>40510c17-b31d-1fec-be4c-c57f56d431a4	0.9849	M
1	>b26bf746-7014-4b78-2579-29b8f7226c80	0.9701	M
1	>f8317c8d-ef6e-b8a4-16ef-37d4008c71bd	0.9513	M
1	>811c75f0-b189-6c40-bd17-81bc66533fb8	0.9786	M
1	>9eb87946-a362-3d66-9567-b72cb6938c6a	0.9477	E
1	>19df1e9a-5083-7405-6a1c-ac4ff97164b5	0.9485	E
1	>c2b73ded-85af-acdc-3ee0-405a052d0e9f	0.9461	E
1	>b7c1a50d-3751-384c-3879-870c430a312c	0.9941	M
1	>493d75ce-a77a-a704-d2e2-fb7450f623e8	0.9856	M
1	>9242eaac-d3e6-077c-da3b-847b7029abc7	0.9431	E
1	>c27c00f7-e8f2-2026-5811-b75d4b97e19d	0.9646	M
1	>11138460-8e03-6b0f-7dd7-990951b03f50	0.9793	M
1	>a5f3e12c-22dd-4468-df32-32b0880dbfc5	0.9682	M
1	>0150fed0-8b89-e241-954d-96e3b1536df2	0.9377	E
1	>5cf66589-c57a-072d-8653-e7009118a93c	0.9487	E
1	>3996213f-c053-ce10-b760-f4b138d27108	0.9366	E
1	>6e2c300c-066a-98d9-923f-cb0854ac2d3a	0.9395	E
1	>d6c99984-f94a-918b-96af-938d1a7a2e23	0.9450	E
1	>a2919ae0-fa6c-e704-fb57-6049aeb1c17b	0.9719	M
1	>91f78b96-1a13-06e4-dbaf-ebd117c1d3ce	0.9905	M
1	>59bc26c4-399e-b409-ece0-62a05db3eebc	0.9602	M
1	>c7dedc4a-5231-3e91-a0d0-6267da129728	0.9383	E
1	>33eb4b33-cd31-caf9-916b-2966567c2d1d	0.9465	E
1	>6dadbb5a-abfe-d93d-06dd-a0f90bcb733e	0.9423	E
1	>ebfd4f68-7938-6370-184e-ec8c59e86906	0.9766	M
1	>5d595c09-8d68-be18-5c64-59059b28ce37	0.9433	E
1	>3034c2a4-be2e-a908-e1a6-22f992a99833	0.9444	E
1	>497499d6-a487-bf95-e6e9-82d43ffff89a	0.9874	M
1	>6904e818-97ea-80e0-5a2f-4c4b2734a1ab	0.9445	E
1	>6ccd0f79-230e-b5aa-8188-5e42e261188b	0.9657	M
1	>25ab5bbd-65fc-1e4b-32cf-56af9cd66164	0.9372	E
1	>911e2116-a775-c50d-4991-49517bd10bb7	0.9441	E
1	>7e6b5254-79ee-0d02-6cfa-fdfc8b856bf4	0.9336	E
1	>3ffe95d8-482d-df9c-ed51-aab0281a94fd	0.9814	M
1	>601e9bfa-12ea-e1b6-5627-939a5761ae06	0.9900	M
1	>2b1ff749-216f-940a-b83f-b961a651a98a	0.9892	M
1	>1b510657-bafa-2f38-0f26-490fc6d0c779	0.9577	M
1	>26ddc24b-4787-cbce-db89-190814b3f188	0.9396	E
1	>0e48df97-b248-0134-d3aa-83e5cd66c663	0.9338	E
1	>bf0157e2-fa42-1867-b324-576b1e6e564e	0.9764	M
1	>11daa33c-da33-1679-ed69-96a9e704757f	0.9414	E
1	>71363fc0-503f-3432-4dd2-083c5e0d9c02	0.9804	M
1	>285311e2-0fa7-e3f4-a783-3bd9c67248fe	0.9770	M
1	>3689b5b3-3483-8da9-fb43-f90cf1f1f059	0.9354	E
1	>87b1c4c5-9c1b-a3a4-1a3f-3ded67213895	0.9419	E
1	>5e071d42-3d2e-5883-dff3-20d6afcda075	0.9702	M
1	>8a39c37c-b64a-35e8-d2de-e59864c62e4f	0.9413	E
1	>9a49ebf6-57a7-1090-56d7-78c72be9fff7	0.9398	E
1	>1de33a14-8895-d208-3823-a16e381fd7a4	0.9564	M
1	>330e7376-97df-4730-c733-b4d8c1bc34b7	0.9773	M
1	>858790c6-fd90-1843-1957-03fb37efbaa6	0.9826	M
1	>9cbb925a-eb3f-9850-ed51-baced3fc6d81	0.9677	M
1	>89e993fa-1507-b264-f258-6c9e004c96a4	0.9402	E
1	>3462d004-cab8-b63d-dba8-b4c1672bbec1	0.9496	E
1	>af694ab8-99e7-0131-4f9e-b5f053705f4c	0.9401	E
1	>0de14926-e318-e280-5d40-09aa63b4cc66	0.9402	E
1	>9c5267b8-0a0e-b9d2-f98b-7f7cdbe82356	0.9868	M
1	>f7a6fac4-13d5-133d-f6eb-225c7866a261	0.9852	M
1	>608358f2-63f2-de6f-cc71-376cc3bb684c	0.9375	E
1	>e36ea8d5-d3a5-43cd-5f35-9a1c81696cca	0.9352	E
1	>747bf21f-f973-508b-e1fb-a8784f3bc167	0.9370	E
1	>56c74c68-28a2-3d85-3eb9-258784711d2c	0.9412	E
1	>eab06610-32fe-ce8e-a9ed-b37f49767ccb	0.9524	M
1	>b87261a8-d93f-e193-6b83-b46cb25bf765	0.9487	E
1	>0d443ca8-f47c-aff0-908a-b8025e9df8d0	0.9458	E
1	>4cca9141-5587-e305-694e-68f2322ef8f7	0.9368	E
1	>c7c87f99-9877-f85e-59f2-ef69cb574b3d	0.9844	M
1	>c79a2de9-f15c-a0b8-9dfb-37ed3c918418	0.9855	M
1	>cfa217aa-73f7-7510-4fbc-cc08f729c867	0.9852	M
1	>c0868b17-60ae-8700-57ce-116052852e2f	0.9779	M
1	>b7dda388-5158-4512-6f4a-0de29962512b	0.9829	M
1	>22da1607-b6bf-777e-8b74-cba594b7cab4	0.9461	E
1	>1f364f74-89a5-5dc9-8cbe-7f9d868a36cd	0.9951	M
1	>4d0cfc5a-82b3-b039-3963-2c419dccd879	0.9806	M
1	>09d3d8a7-3ba3-a35f-d2d3-36e3ccd7e096	0.9865	M
1	>47c9ee85-77ad-94b9-7cfc-56ff972d8846	0.9371	E
1	>a1d54362-b62a-819c-4246-b7204b9c7b4b	0.9660	M
1	>15e5eb32-0dda-0075-0b3b-ced0596e2690	0.9372	E
1	>0d5bdcd6-976e-6d13-5819-c7224ab06007	0.9858	M
1	>a5789bab-4195-b73c-fde7-63cfd7a5dc8a	0.9335	E
1	>f7c9e719-1a97-736b-6e30-ff0ab85997a5	0.9421	E
1	>43c54852-ce3a-5458-bb41-b8f4179e4f92	0.9777	M
1	>807419aa-6f76-3595-1d1e-53d9ef321c84	0.9505	M
1	>fee2a2d4-d686-3356-69e4-3b2189273204	0.9469	E
1	>14083817-f65d-fa14-41d3-e566d7d4ad4f	0.9468	E
1	>40644108-956d-3515-0472-909b7de04e99	0.9717	M
1	>7a68283f-767b-c1d5-f4e6-83ae7ed63211	0.9641	M
1	>1269c060-f8ba-ce01-0c2c-061726dcbe3c	0.9602	M
1	>c07775f5-60c3-16ac-e87e-a42d54ee5ab7	0.9851	M
1	>72fec28a-ac6a-030e-e550-af8f415423a4	0.9840	M
1	>d2697797-0956-f66b-630f-56b383ceff7d	0.9377	E
1	>ab37498a-f941-5734-0dfc-72d3596c09e0	0.9346	E
1	>ff105e4f-07c1-45b5-9dae-47b102009e38	0.9413	E
1	>d93ad121-3a71-ef8e-b1f7-2ce589d5002d	0.9669	M
1	>145c3612-0673-237f-31bf-df50d717ae2b	0.9717	M
1	>454675ef-593a-4bb7-858a-17b27aa34b76	0.9381	E
1	>0a7fc06c-55fd-7a17-41f1-ab0dfeaa2bef	0.9934	M
1	>f5d31d8a-1077-c293-241b-85a8175f66fc	0.9465	E
1	>0a61896a-bb7a-bd82-67a0-be97e8254933	0.9821	M
1	>38a4fba3-0e54-82d5-8f2e-69d4a2cc0ad0	0.9852	M
1	>407eac38-5376-4eb6-98e0-2f610e61ad6f	0.9464	E
1	>7d230c32-a4fe-8783-1025-ffdb7e7abee0	0.9932	M
1	>568c6c86-3b5c-3267-baa9-a0a476bb97b1	0.9623	M
1	>710be8c3-b556-f8b7-538e-2a50e4bf8962	0.9671	M
1	>9ac9265c-23b0-2cc9-9906-c41ff5069e18	0.9682	M
1	>294bf20c-b791-81f7-606d-5800fdcd4782	0.9471	E
1	>9cef03bf-15e9-00eb-cbdc-4fa03c90cff9	0.9439	E
1	>8bb25188-ee51-1131-16ae-ed7d58fa62a3	0.9381	E
1	>ae725b41-3756-bc2a-c400-4507e3de2738	0.9905	M
1	>2bed308b-7341-ac95-ec6c-92f3e357cf6b	0.9408	E
1	>0c60c7e1-0144-5a4f-39e5-b499233263d5	0.9362	E
1	>ecbae176-82b7-1b4f-b8f9-cf332d2cbdea	0.9469	E
1	>074a5ae3-0486-3efd-2f96-0c45da7530f7	0.9837	M
1	>a08dec95-ebf2-0258-e8b7-1b8bcd0b3ced	0.9817	M
1	>d5f7300c-fd5b-7dd4-ef17-2f9de521a23d	0.9809	M
1	>0c006652-26da-ec28-c595-d849fa840655	0.9560	M
1	>4aaffec7-b8d6-e665-4433-d948e0f3b29b	0.9737	M
1	>55959cea-65c9-8761-dd96-1b04e61bf42c	0.9477	E
1	>392e96a7-bd78-ef1e-ca5e-2d2cb677cec4	0.9729	M
1	>ac30d96f-6ea5-7807-8458-c167339c98aa	0.9415	E
1	>793b4c54-0887-91f3-a6dd-78df53f72504	0.9820	M
1	>0a2b14e0-d693-fcff-9bb2-fe509253a476	0.9349	E
1	>7f71d9e6-b4d8-56ac-4b02-5c8f9aa9ee7f	0.9450	E
1	>dc540987-8fd1-8bf4-655e-e32e2986c77a	0.9369	E
1	>da9d42b3-5367-e8b5-f553-6dfcef0fe4a4	0.9838	M
1	>785dacb1-7f89-ff17-b788-b37510a5aa73	0.9376	E
1	>0bf524a2-22f8-49db-41b7-a475918e8295	0.9336	E
1	>95bbe245-609f-394b-b60b-abeb2e6e34c9	0.9831	M
1	>7e75f2c1-1eb7-6815-48d3-170af853c2cd	0.9484	E
1	>88edc71f-aab7-7b87-a90f-1f6a250ad69f	0.9350	E
1	>a3e4d462-f6f4-fda1-4f68-aa7b0aaed4f1	0.9894	M
1	>0b5c5f8a-f87a-f632-fcad-e820228ddc70	0.9406	E
1	>c99c0682-e962-ae9a-cacb-791ab938d197	0.9401	E
1	>47d2b0c9-89c7-fcf0-8cc3-40ed47fc862d	0.9921	M
1	>2926d563-0f23-3ac6-9ef9-c160940c0fb2	0.9740	M
1	>6765ecdf-a700-7650-5baa-79b23e92a249	0.9375	E
1	>21c1ecb7-41a7-49c2-ecca-9eea1a200da3	0.9641	M
1	>825c5b89-6cfa-c791-04b7-37022028aa54	0.9490	E
1	>f8b664a5-a605-f41a-9aea-3a24aa242b84	0.9523	M
1	>f23df4f6-f87b-fedc-f8e8-c193539b3e69	0.9424	E
1	>03f7cf11-8ca7-435e-899e-073c51112247	0.9772	M
1	>b6dcda8c-aec6-6122-c67f-8e4c4cbba52f	0.9390	E
1	>dc9d2a30-efbf-356f-23c6-fb03bf569763	0.9930	M
1	>9a79e50e-91c2-c200-9c1d-83af963c66f1	0.9600	M
1	>86b9cf21-7107-046c-3e9e-fc7af557ce16	0.9639	M
1	>c19f5567-c911-e89f-46d7-b31d8075f488	0.9353	E
1	>700315e9-a7c9-48c2-c778-f1fd0f593bb2	0.9378	E
1	>e26fa6d1-c15a-7175-434d-ceaee9f9e7d6	0.9439	E
1	>0d588d80-95bb-83f8-3cec-37bcae7042d8	0.9508	M
1	>1beb8afb-e53c-970a-54f5-22ef3609cef5	0.9415	E
1	>107dac3c-d519-ac5c-3c78-a02cd06ff6aa	0.9459	E
1	>081cf8d3-c0f0-bb67-4858-49f8e9e6de68	0.9371	E
1	>8b78c9ab-9e8a-daaa-df21-645b031da7ac	0.9406	E
1	>5b07d2d1-80a5-7141-4a51-5dc435d5d07f	0.9905	M
1	>66ef4f17-c8c8-21c3-6bf6-dfd5faf21d84	0.9915	M
1	>0626fce8-ae1b-7df0-1580-3b75262fe8af	0.9342	E
1	>104106f8-ac75-cfec-9c47-ee1abeb57586	0.9884	M
1	>eee73b35-cc25-0ad6-712e-48afffd6a0d4	0.9767	M
1	>5e6bf760-102a-170b-1a21-3c6a696a1322	0.9867	M
1	>843fe27c-7708-d757-0fad-3fc80a418828	0.9627	M
1	>49d68f7d-f689-f179-87a2-bd0812415b86	0.9436	E
1	>33078b08-c533-9691-06f4-9cac3b17a9ad	0.9732	M
1	>e8f72c81-de6b-62b0-909e-a254bfb15a61	0.9809	M
1	>2ff13877-aa86-818f-e0b3-4c86b93d9126	0.9490	E
1	>4b56e3a5-78fa-d796-61a9-9290503a8554	0.9943	M
1	>680f307c-a12e-bff9-09ed-1a1215fa185a	0.9347	E
1	>aa74f570-5fe3-a9f0-b914-e8e0f61353ea	0.9760	M
1	>642c5b59-1026-38d9-888f-25f53c154b23	0.9819	M
1	>5422a8b2-e878-babc-6a1d-03a872da7b55	0.9488	E
1	>b6d9e31d-ed08-3595-8e80-cf9780cd891f	0.9923	M
1	>71593cf6-6b33-9861-7d06-2ec941527c55	0.9384	E
1	>8208aee6-6e3e-6c40-5cba-518da3b3149d	0.9467	E
1	>e65f507b-be41-1631-4106-f16134c8ebd4	0.9416	E
1	>f2aa950e-b855-6e4e-3aff-e72f18887505	0.9773	M
1	>80e357f3-2238-abcb-64aa-d88702f831fc	0.9507	M
1	>9a9aeb4e-b0a3-94e7-fbd3-b21067f71fca	0.9367	E
1	>c2af5b68-d8a8-49cd-8c6b-0765deda7b54	0.9449	E
1	>e08cd911-9e0b-4fe8-34b0-b1b5d6f0744a	0.9762	M
1	>4a93acd4-c239-cc33-8f2b-29e09986f81c	0.9812	M
1	>5598907b-99d9-b242-9043-1db9174dbc6f	0.9906	M
1	>4c7aacc1-4582-c4c9-9449-957f71bdcde8	0.9865	M
1	>41b5d909-5654-7955-7240-e33e9d9e71c5	0.9644	M
1	>34979d08-77b7-ae3d-ef2f-6f709dcf318d	0.9469	E
1	>f899cfae-3117-389a-cfb6-2d62a007a94f	0.9731	M
1	>b44b74c0-4c2d-d735-81d9-fa8f349931e9	0.9898	M
1	>2d17660d-fa94-8d34-c6d7-9128bf1f4dcb	0.9494	E
1	>5a34fc05-eb87-7f9d-aae6-975ffce79afb	0.9436	E
1	>ecde62c3-06c8-c46d-633c-23e8a80c5081	0.9335	E
1	>9da809c7-f201-7a3c-3312-281e51707c83	0.9476	E
1	>10349388-3684-d26a-d99a-1c86efa4e906	0.9370	E
1	>1b70e4f9-05f4-23fd-352f-165e4bc62366	0.9378	E
1	>ee075055-e52d-a4a2-5836-417d8e4a0046	0.9735	M
1	>b9512210-6459-cb40-8ff7-f5a7cedbed53	0.9379	E
1	>ef0db92b-93d1-0c5a-e695-d2f95bd528f8	0.9829	M
1	>f60a9dec-0f07-f619-82c8-35379074c49b	0.9459	E
1	>c2c8421f-05f8-b668-f04d-a893265dcdbb	0.9886	M
1	>e6edd29c-b27e-81c5-8661-e548a880bce3	0.9684	M
1	>03bad2a3-0270-b415-9684-3d9ab48b7347	0.9940	M
1	>32159140-dc21-31b8-c1b9-f184ac114ba1	0.9762	M
1	>7d80da3b-647c-5526-e316-bbbfa302d19e	0.9377	E
1	>1098fd22-e7e7-1a8b-5793-4b8b2ef0a937	0.9414	E
1	>aab971f0-e91b-0f7a-b567-e627dcc14f3e	0.9418	E
1	>1a05e41e-03c7-b7d4-8757-f9a13c9d69fa	0.9390	E
1	>c6bb565f-9817-e13a-33eb-4e5f1232e25a	0.9432	E
1	>274a2782-fc5c-95e6-ef35-5eabff42629b	0.9483	E
1	>568af778-3bb9-83e8-fd91-e0b7fa0d7a62	0.9467	E
1	>5846bf96-89e5-5222-5b0d-85dc2de77968	0.9880	M
1	>2154629f-3edd-f2f9-d4cd-689862e93979	0.9519	M
1	>6e71bc6d-d4e7-4970-9727-a925b97dc269	0.9945	M
1	>c28b5121-445f-1f0e-7294-2bbdb11aa33f	0.9361	E
1	>e5e5e646-51f8-efcb-15db-ad99d779975a	0.9663	M
1	>530f3315-f503-8ac0-8561-3cfd2d65a271	0.9341	E
1	>cae445ce-9788-b6d5-a64b-20b31e9bf291	0.9451	E
1	>1f1056b0-c40c-3c92-a2b3-00cf33403486	0.9823	M
1	>aa3cdecd-1eed-c72b-6b66-7e89c5ba4844	0.9425	E
1	>94d72048-5013-6ebe-1a02-7df5bfd4e877	0.9755	M
1	>872be899-d908-99d0-7feb-00ce61b83dcc	0.9685	M
1	>9fe787ab-ba99-b885-c87d-fbdddc947023	0.9949	M
1	>30113211-1fb7-6e52-dcc1-4f9b63112a4a	0.9426	E
1	>d3592fd8-7fe6-445d-cc80-be2e27bac1f8	0.9481	E

2	>06393133-c0e4-6a47-aae0-6a1727fefd30	0.9596	M
2	>28d6fd21-3cee-3173-c4e1-5e21ac92b99d	0.9596	M
2	>477bd818-97bf-47d9-970f-deddbee7be40	0.9410	E
2	>72eb0515-3603-0b80-6e6e-d4d4341dd263	0.9427	E
2	>d1bea2a5-2053-f58e-28e2-4d49c219e6c6	0.9665	M
2	>276b16e5-1095-1f88-70c1-9db2e4837013	0.9371	E
2	>16bf8a2b-fe98-4631-b8d4-caf7ccb7c538	0.9423	E
2	>f9a9a762-29e0-2cdd-4896-7bb16d69f1a0	0.9406	E
2	>af3e44ab-0979-c29e-1f45-798b1207d993	0.9391	E
2	>c8a43d8f-8453-b558-3c1b-56c74fb32e56	0.9553	M
2	>6ad2bdcb-1222-7834-38ab-122d666810ac	0.9371	E
2	>1e3aad29-4fab-e0f9-4200-9fd0d46e0c60	0.9804	M
2	>e9599630-4540-4f16-f605-834e7caa9a10	0.9734	M
2	>3a260394-f2bd-8407-6222-4811c8f15e42	0.9480	E
2	>5b193538-d018-ce86-1c93-8a96dcdaac0c	0.9365	E
2	>4331ccce-4f06-ff3f-dedb-7bd27e74b23a	0.9409	E
2	>68633641-8b9f-00b9-7d92-c8214bf9077c	0.9564	M
2	>e9e12875-9286-8259-c104-6598cead4385	0.9561	M
2	>56312daf-337d-4ed8-649f-1febb5f4d599	0.9817	M
2	>54081f6e-4ef3-3a84-8584-bd65e2f16257	0.9696	M
2	>d3dc905b-5d2d-f02f-a01c-e142a6e31dad	0.9410	E
2	>ea472595-8f21-203d-fb44-7d541979fd11	0.9808	M
2	>518d164f-9c09-9a45-f79c-a74d7cf06199	0.9590	M
2	>85527e28-a851-3fc7-afd6-4a43388f9bc9	0.9949	C
2	>7144c3b4-9b0f-f78f-1429-78596a74bcd2	0.9416	E
2	>ffce344a-301b-da66-4317-7b60ff588cb0	0.9747	M
2	>70481414-3ee4-c5f7-b21d-8da24cab3eec	0.9415	E
2	>a73c284c-8a63-a427-568c-babdc4093509	0.9842	M
2	>08251ffc-5a2d-b8df-a608-83b9d8234b55	0.9850	M
2	>3ffa026c-5f54-f516-b6ff-fccc30b5956c	0.9666	M
2	>d10615b4-166d-c4c9-05a3-90c7d27e9234	0.9678	M
2	>7b7d0425-fd06-af3d-5855-a7d1c8e90f5b	0.9595	M
2	>9bc9a506-0eb3-54d9-7db7-f72469ec0016	0.9766	M
2	>5e907a61-e62c-3dff-ffd9-8b836a5bf2af	0.9430	E
2	>98d9c2c6-3471-958e-460d-1a4716a9b758	0.9817	M

3	>8090b26d-0a5f-a346-bf33-3375eda6c276	0.9882	M
3	>069ae16b-8941-4750-1ffa-ad1349af6017	0.9383	E
3	>d2f0aea6-2cb4-7965-5f19-75153ea4844b	0.9514	M
3	>b247ffeb-1375-a076-317c-83b27e282bb4	0.9804	M
3	>c829240f-4ebe-5800-0e52-6ab2a853f6b6	0.9598	M
3	>35599a20-d3f4-f8c6-56ae-6fb7dd31a817	0.9811	M
3	>6e7300c5-d7d6-020b-ba51-efb0e9a70586	0.9801	M
3	>dd4bcc70-dd46-f451-993c-0f6d6cfd98db	0.9800	M
3	>d84ef44d-3744-c310-5c42-154ff458b5e2	0.9590	M
3	>bc7613e8-340b-0a2d-308b-b54ec5f2cc6d	0.9362	E
3	>aebadfb2-3c1b-056b-6f55-002020fe06e8	0.9772	M
3	>4b450d65-08df-1e53-6202-121dad499d91	0.9788	M
3	>6a5c8e8d-a201-6989-ede0-d50f30b0d6b1	0.9797	M
3	>b366c002-8f25-374a-f507-db2043e0ed20	0.9645	M
3	>ad7cc147-3df3-f5d7-fcef-fa0c0e4d5393	0.9571	M
3	>13fc3be3-b436-ace9-7c26-4f750f6bc89e	0.9627	M
3	>55cd6d9d-b7e0-757e-db2d-5e76b6fac36b	0.9574	M
3	>683bc34e-8fc8-2262-f6c8-27aad63f9550	0.9765	M
3	>d0db63a0-a12b-6467-7fcd-6314371e7795	0.9732	M
3	>6640cbee-fadf-d666-851b-4f649254f0db	0.9614	M
3	>c3096a95-7a28-c5cf-bb73-6f55b46f7ef2	0.9857	M
3	>eba50c9d-1c1c-3bc5-d56d-f3f10ba3cad4	0.9837	M
3	>5395a3c3-c97b-2699-ca4c-d4edd0cfb591	0.9772	M
3	>fc450184-daa1-323b-2089-eab35aa8ccc8	0.9739	M
3	>e3a3e992-f26b-1612-f3c9-f6528c2db114	0.9892	M
3	>030459d4-9a8b-497f-bba4-af5e7b47a748	0.9863	M
3	>3f8e6686-aa62-cf4a-749e-ee7caa28003e	0.9949	C
3	>a23d2d03-ae7d-ec00-e7d4-3701eaa41c43	0.9343	E
3	>f731e13c-e3f3-a1b8-b74a-2cfeb75c30a0	0.9844	M
3	>ab290dc5-e273-cff1-998c-691297627668	0.9874	M
3	>caf88045-d405-0bdd-8710-fcac106d761a	0.9626	M
3	>bd124527-ba32-e793-cb46-965a8ea15777	0.9832	M
3	>95c5b179-1987-be2a-287a-5809f3014cd8	0.9662	M
3	>574bb73b-e2ff-e9e4-5704-4846074c579a	0.9717	M

4	>f4d2a1ce-0777-2cd0-1509-350e47fd1421	1.0000	C

5	>f6989e4e-3988-488d-612a-8227b9e52259	1.0000	C

6	>904de7f0-c4ed-71ae-36a5-a0d836d2254b	1.0000	C

7	>f6325cb2-bd6d-b352-3328-46a91c49239f	1.0000	C

8	>edd2af0c-69b0-cc33-862b-8f681e7db400	1.0000	C

9	>80acc66b-79e7-ee07-f036-d7756b8fe757	1.0000	C

10	>50a8b1d2-7060-8776-7f68-2632ee8fd044	1.0000	C

11	>a659cb40-710d-3039-4d85-7a356f8edb7c	1.0000	C

12	>7968bc9b-28ed-da2a-085c-e4ff692c786b	1.0000	C

13	>f0c9194a-c72a-baab-a1ab-64266f9dda68	1.0000	C

14	>b2e71bb5-075a-ecdc-8741-ef608d49df56	1.0000	C

15	>f3a9e6f6-fe4f-f15d-519b-673a59cccde1	1.0000	C

16	>2f20c6ad-03e1-afbc-4f6a-59d59c3998e8	1.0000	C

17	>47326d1d-2082-c4c7-7a49-cb58245a3d05	1.0000	C

18	>da7d7ad4-5f67-07c4-5bae-51fd0ed504a4	1.0000	C

19	>d0ac3ef9-557f-cbde-5bbe-dd90bdd25ae5	1.0000	C

20	>08463ba2-454b-07fb-0681-b3ee180325c8	1.0000	C

21	>ca8c3d5c-3a9b-42cc-3ab7-c9c369c34625	1.0000	C

22	>2bb8e552-aed5-d4a4-f28c-56e77e2e8787	1.0000	C

23	>cdd1cf99-846b-dd78-4ce9-002072cfe125	1.0000	C

24	>ce815ce2-96b3-3dc5-f1aa-da8c0f0490b6	1.0000	C

25	>7fedff1a-199d-a228-9ebe-42abeceec236	1.0000	C

26	>e3ba0578-aed4-d722-c10c-6a065936dace	1.0000	C

27	>19dcd505-c8f5-12e9-8116-191d3e75a126	1.0000	C

28	>61c7de1b-f708-a63d-db8c-54b96694dcbf	1.0000	C

29	>08f57517-8ead-abb5-ae76-9a0f021213ae	1.0000	C

30	>88f6ba60-5861-767b-99b6-e5fff0a11b1b	1.0000	C

31	>77cdf9b6-e3eb-3941-8330-16d694370284	1.0000	C

32	>4b789513-bae1-6823-31af-cd9c117c18a5	1.0000	C

33	>3cbe9364-f37e-8b7e-d365-b32acd6ba0eb	1.0000	C

34	>bedc1004-2bfc-f850-5778-4c8715af2f06	1.0000	C

35	>7f5b3822-6897-3ff3-5eeb-efeac9578c8a	1.0000	C

36	>3b71f7ac-71a1-fc58-053f-b3dfc3196b9f	1.0000	C

37	>30e6a20a-89e0-6c52-460f-26f9b7990088	1.0000	C

38	>2eb40fc1-9bca-801a-8656-a1b58456c69f	1.0000	C

39	>4640453e-d5f2-ed8e-810b-f0da55f644d2	1.0000	C

40	>522594a2-154f-2e3c-e2cf-cb4c2d60b366	1.0000	C

41	>44aadf46-8af3-ec99-31f8-7e0b3143b8ea	1.0000	C

42	>a3c0bd2a-49a7-22da-1e7a-b9d807f6b089	1.0000	C

43	>372b6cc2-7e4a-bddf-37a0-c3343dcb7169	1.0000	C

44	>9a5ce64a-9453-ce67-4183-e61b3f7cacda	1.0000	C

45	>da245f04-bd41-bbe0-7733-dee7edc80492	1.0000	C

46	>d4086d47-4f01-95a9-71f3-9a99862c968a	1.0000	C

47	>a51bba45-e4a6-4e9d-062a-5fdf2817c3bc	1.0000	C

48	>34d0bccc-410d-43e4-473b-b70383bbab03	1.0000	C

49	>59a66995-ac73-430f-3352-8ffe6174dcb7	1.0000	C

50	>50f26b04-39ad-71a1-c69e-d4bdc138473d	1.0000	C

51	>136401d2-755b-ba81-5788-5c88b2f7122d	1.0000	C

52	>6749ff4c-c587-8bf2-5fa3-a6b41fb4482c	1.0000	C

53	>ea03d186-1b42-d40b-1fc9-388d6bc83ab5	1.0000	C

54	>a41efa8c-79a5-2b4e-9682-e6631f1cfb60	1.0000	C

55	>18e47dc7-66c0-8d74-7615-757bb049b0ba	1.0000	C

56	>1a5eee08-31f5-d1da-81fb-22ff6a886fcf	1.0000	C

57	>2f4a924a-0047-6bf5-f5b9-ac125d5f394d	1.0000	C

58	>e9d998ed-b1df-3d6b-b0a3-e5f5fab22f35	1.0000	C

59	>5be69be8-5e1c-9ffb-2cfb-866b07c95de3	1.0000	C

60	>62fc19f9-adb0-bea9-2d30-f497f7c04c92	1.0000	C

61	>a5fa2c3b-ed3f-66f7-bb73-737c26ed0356	1.0000	C

62	>36e92f43-fcdc-2b5a-5a13-4d4336509e43	1.0000	C

63	>99f379c8-e45b-025c-c120-9df29f5abc82	1.0000	C

64	>77476aea-11d3-3076-9a37-190345240413	1.0000	C

65	>d21fcf8c-fbfb-a0b5-47f6-9519d872dca8	1.0000	C

66	>082193f1-705b-0a40-09ad-2dd689f70775	1.0000	C

67	>d6fb8339-276c-b1f6-739d-84a714675c63	1.0000	C

68	>c1e630e7-93d8-55e0-8569-51ffaaec01c0	1.0000	C

69	>f05c3182-3c73-750d-5c63-9f468f851ff7	1.0000	C

70	>2e8e2227-1493-a844-5b27-46209ea29673	1.0000	C

71	>80f96593-e041-d3e6-af57-f1fbac957bac	1.0000	C

72	>4b4c19c8-f27e-6603-d9c6-3ade419d5605	1.0000	C

73	>57327a72-cc1c-7f35-4fd7-8c597cd1ccce	1.0000	C

74	>38085ae1-88b2-6a8f-a5bb-2ccb8c3cdd35	1.0000	C

75	>066581a6-0f01-b1d2-788a-3cd6f9bf3e19	1.0000	C

76	>bcfcde6a-3729-fbb7-f5e5-3a2af8d7777f	1.0000	C

77	>171cc4c0-e953-1049-818f-8642f4748cd2	1.0000	C

78	>f6520035-f071-9415-297f-ebf6804cfa8c	1.0000	C

79	>4c91814f-f06b-4eb9-9d4a-c543e5719a1e	1.0000	C

80	>39dac081-f1ee-ed61-08ea-631ee00f1768	1.0000	C

81	>44cfd146-6c1a-5960-838c-103c554dda26	1.0000	C

82	>c4cddf35-d247-2261-9073-7bfb97699144	1.0000	C

83	>4986d28e-4faf-37e2-30a1-88b296a81ea6	1.0000	C

84	>8487e386-d0fa-f5ee-5b73-50f2adecf08c	1.0000	C

85	>00c64944-f6b5-858c-e45a-d0c6b46b72f1	1.0000	C

86	>6d1ffd45-17e9-9361-13a5-48269d14317d	1.0000	C

87	>38771f45-9bb4-a53c-a773-4811545e855c	1.0000	C

88	>a4043b50-c5f6-3b52-4139-e95882818b2b	1.0000	C

89	>a51b55d6-c31d-3ad6-1437-0c0b12395475	1.0000	C

90	>a496a872-92f3-2c9d-bcdb-3cc194915ff5	1.0000	C

91	>41f56ca1-6bfd-b70e-cc38-7c3bf826871f	1.0000	C

92	>1a2a5419-2f9e-2c9d-916b-2962f4639487	1.0000	C

93	>5271d19a-57a2-c6c7-ff16-dce4caf9697f	1.0000	C

94	>ae7b6b74-bd72-ad46-aaa7-a265ed61f4a2	1.0000	C

95	>4a8aea0d-454b-5491-d942-597736f88381	1.0000	C

96	>51b8e5dd-9538-59de-a6aa-6e1b6d52854d	1.0000	C

97	>d4719d50-b093-e790-b712-a58fd2209d57	1.0000	C

98	>02dc8d5e-827f-1b74-d00b-130706ea9dfb	1.0000	C

99	>a9ba04c9-3f7a-b2ae-fec8-9d40b862a8e8	1.0000	C

100	>1a5fb2c0-d8e4-8338-f836-8f42a1bb7c80	1.0000	C

101	>082be5be-ca6e-b2cd-eb1f-b2dfb97fb9c4	1.0000	C

102	>160b0f89-deb3-4929-9999-9ea77794ce7a	1.0000	C

103	>5931a5ff-39b5-dfe0-85cd-b9372ba10ab0	1.0000	C

104	>06822fb0-eaa1-1427-841b-b63861713818	1.0000	C

105	>899c4c15-66ca-dd8d-1dcf-e1e142b998ab	1.0000	C

106	>fa666b67-a091-89a5-ff85-898717c8b7a7	1.0000	C

107	>445b4f67-6f36-b77f-1488-89d3b95d5ad3	1.0000	C

108	>e72db77f-ddf9-a636-b85a-e9c1e6768344	1.0000	C

109	>d86e0059-02db-100d-bb6a-5db34a52a1af	1.0000	C

110	>7b1fe2e4-3497-0bd0-31f5-f1dbe0d2d9a2	1.0000	C

111	>da3be9e0-803d-fd13-8f1e-1ce66010f920	1.0000	C

112	>b6f7917e-7021-468c-12fa-1c125d1ef1ac	1.0000	C

113	>39d6769f-02e8-c38d-9a64-cad572fd5c11	1.0000	C

114	>e53959cc-fca4-7047-1aa0-25d3b25b054b	1.0000	C

115	>71d9661f-42ac-d6c0-9f22-2ebdbc7665dc	1.0000	C

116	>5dec7ca7-b4b6-0eaf-02bb-646468790c01	1.0000	C

117	>5ac6f249-dded-6c3e-b837-3a110087588e	1.0000	C

118	>d5e2d4f7-0aed-73f7-4614-8cc6fe51abe3	1.0000	C

119	>30c00d01-b5e0-d7ca-c885-f7a74dda995b	1.0000	C

120	>92c64361-550a-9fda-735f-c0fdc80d2595	1.0000	C

121	>21ebfb46-3f02-9cc5-e9c3-7f2cdbfc18b3	1.0000	C

122	>5d119942-417b-7506-811c-d8fc08b6011d	1.0000	C

123	>a3f6d40b-0654-73f3-2609-60f9f4f745f3	1.0000	C

124	>c374d53e-bb54-1bcd-cec3-f3bc6e4dc935	1.0000	C

125	>c96d8f46-656b-5914-952d-1b07bc2a944f	1.0000	C

126	>0251dc9a-4e10-3915-7cc4-f83978c5afbb	1.0000	C

127	>a7065f83-a8e0-f340-3684-64f33a0ac2fc	1.0000	C

128	>f33fdf0f-3e2b-c47e-f5e4-fe106ac504c7	1.0000	C

129	>d78ff4ab-e7b2-ba95-0a4f-d937a63e73b2	1.0000	C

130	>99f4684d-a051-c688-28ca-2aa342188c5c	1.0000	C

131	>d69cb1f0-c389-7e2c-0b05-e0bf6aca3626	1.0000	C

132	>0f6195fd-53d0-e780-7c34-79166ab28eb3	1.0000	C

133	>e7a39d38-7f58-11f2-eee6-71f7b58143c7	1.0000	C

134	>f81dc45d-cd4a-6c0c-ee8a-7557e241f860	1.0000	C

135	>ea1e110b-7357-05cb-0843-50dcba50b1ab	1.0000	C

136	>9d7c081f-4a4c-b325-c10d-518d4b74ceee	1.0000	C

137	>c30630b9-88cc-c45d-76e9-7b8cc533fe8e	1.0000	C

138	>7f750809-0730-7de0-ee94-adf1e06d9bf3	1.0000	C

139	>88de2e7d-58cb-2c68-c4e8-2bab5a80ffc9	1.0000	C

140	>0e232fa4-8cfa-76ff-6f66-8c006138a371	1.0000	C

141	>18c5b3f4-0966-4e5d-2979-26bb83320cc6	1.0000	C

142	>6c6d9b03-745c-44ed-6189-aaec7fa51cad	1.0000	C

143	>70a0fab7-0a1d-0607-6fd5-f9a5b16b8bef	1.0000	C

144	>970f3def-dc39-7e46-d0b9-772813184b1b	1.0000	C

145	>6df29751-7f73-5d20-fc8f-297117538368	1.0000	C

146	>9ecaac4a-0102-8574-b80c-46263951d9b9	1.0000	C

147	>2d816a34-b0b1-67b3-5e61-4a922b9a359f	1.0000	C

148	>591a81e5-0427-7c01-add2-52919972be7d	1.0000	C

149	>3d8ddcfc-27f8-9e68-eec3-d2a5bc122502	1.0000	C

150	>f9acc26d-6b6d-899e-1254-230769bab532	1.0000	C

151	>d8fa6192-8930-7444-2be1-8e9e9ca6d4f8	1.0000	C

152	>4e297ced-590f-a42e-5762-b67d17b158d8	1.0000	C

153	>7e7a7849-c2cc-7fcb-7111-e0aae0cd7bf1	1.0000	C

154	>e39b7b75-8cfe-67a2-00fc-5349a10f38ca	1.0000	C

155	>295ca862-f3ce-4288-bea2-c3d8288a0e33	1.0000	C

156	>2e3f50c1-8237-7a83-7900-fc94f402ae1d	1.0000	C

157	>7b4eb4cf-0c90-4c1f-9a53-30c98dbc6e0c	1.0000	C

158	>d8c48bea-aaa1-cf9b-4cab-d228ebb8481c	1.0000	C

159	>fbcf1f4c-4e34-a10b-4b26-2e940a773d1e	1.0000	C

160	>3bd866ab-e5bd-f26c-c9b3-69889d97a3ca	1.0000	C

161	>a78f4c38-d5c5-7039-7e29-825b5e787ce3	1.0000	C

162	>730da3b0-f1e4-0653-2ca8-6b4ec84752eb	1.0000	C

163	>1dcd144b-562a-ede4-45ad-1bbac4a6c2bc	1.0000	C

164	>a9822b03-7daa-cb81-83fc-c27e38f95049	1.0000	C

165	>2410ab26-9b30-7e91-3535-be96fab6da56	1.0000	C

166	>691bb34e-c548-0849-c17a-7eae865a0e22	1.0000	C

167	>19b6d743-dc9c-231d-4f3d-e7945e797507	1.0000	C

168	>e684cd26-1303-9199-386c-1dce722dd089	1.0000	C

169	>15c5ba1c-f5cf-07ba-f6e9-16d4b012c772	1.0000	C

170	>f1f5d04e-c421-0d54-52eb-5c71918914fd	1.0000	C

171	>ddc31506-920d-dfbe-852c-4262ecd503e4	1.0000	C

172	>0f90c614-ab5f-2f1a-7735-ef6fb8ba6b39	1.0000	C

173	>33ec07ea-47b9-055c-2707-e2091b477cee	1.0000	C

174	>65aa4899-5916-7593-5d5b-b6c05544598f	1.0000	C

175	>16621e83-e1c4-64c6-cf33-f6d6192eedac	1.0000	C

176	>09c71b97-50e3-e2b5-d931-e4ece18e9c70	1.0000	C

177	>c9159095-e9f5-f2c2-6894-001fee0ea4b0	1.0000	C

178	>920cd74c-a2f8-a048-e596-3bb9211e743f	1.0000	C

179	>18809893-c1a7-7b80-2ab3-7e9b21084ed5	1.0000	C

180	>57c70063-12cb-9ecd-394e-3f2870aa12d4	1.0000	C

181	>fe01dd27-8f1a-fabc-b022-53a19a37d8ff	1.0000	C

182	>2d08a349-8a68-50ce-840f-c4b492e924a8	1.0000	C

183	>e9d4b6aa-72ba-ff36-6dcb-dbce1abde081	1.0000	C

184	>86957ca2-5ef8-25ca-a37f-deed2bd25373	1.0000	C

185	>288a1883-6fa4-da8f-95b6-387923537e04	1.0000	C

186	>62fef527-1fae-a3a8-acb4-307cd35aa930	1.0000	C

187	>0672122f-304a-f616-adfc-43c9bd250719	1.0000	C

188	>3f877a15-ba15-5b64-c326-15b9d5d80d8f	1.0000	C

189	>812df682-5dca-9080-20ee-f1b1941ffd49	1.0000	C

190	>1a41b606-7ceb-ce59-d787-42104fab7a7d	1.0000	C

191	>b0a56e04-3e64-147d-c7df-25825bce6ea9	1.0000	C

192	>c45208a8-d6e1-9749-24a8-a11be548e99a	1.0000	C

193	>3e577fff-d7b9-0cbe-2204-efdbfcc37775	1.0000	C

194	>74c768d5-da72-0a01-57bc-188914763fff	1.0000	C

195	>b808953d-730c-f072-7cb7-6d7a6a4e99bd	1.0000	C

196	>7b042874-5fb3-89a2-d88a-f2ea97626ca4	1.0000	C

197	>7088145c-6a7a-f045-f881-45f01c6f51b0	1.0000	C

198	>27e732e9-b876-d800-6c55-2cba97524075	1.0000	C

199	>483084c0-0436-e843-7e0b-9a4bbcb96457	1.0000	C

200	>464ebcaa-052c-72bb-5165-e281bb445e23	1.0000	C

201	>ccd9849d-0783-fed1-0f98-64eb0544484d	1.0000	C

202	>96206b37-44ae-89c4-c8eb-111594aa21e4	1.0000	C

203	>193aa4c7-617e-9426-cee3-0afa7f8c5b8b	1.0000	C

204	>088345ac-2ddf-c061-1a19-c988168720ed	1.0000	C

205	>243de574-8f55-ca47-49c4-d26ef97ed2cc	1.0000	C

206	>fa1b4587-c3a7-2d08-726a-6b03d0bb6370	1.0000	C

207	>4974b630-9300-24e6-3022-dac3b2482f64	1.0000	C

208	>168bc8e0-ce74-9c82-e06d-2eb8af971eb9	1.0000	C

209	>6207f30b-7024-066b-9632-d146d53d9e07	1.0000	C

210	>c530d3bb-24af-60ff-b43c-9fdcf2f66f46	1.0000	C

211	>94e80758-8f12-55d3-a846-a672f66d873f	1.0000	C

212	>0f2f1fd6-b6e2-7fa7-909f-ead42168e949	1.0000	C

213	>39c96cb1-16c7-781a-d9c5-574584f4de26	1.0000	C

214	>0b7336b5-ae75-29c5-0edd-ce1c506d203d	1.0000	C

215	>7f6e524c-94d5-4e81-8bb7-947123b766a7	1.0000	C

216	>3d4d2880-a7a7-0fec-fef6-d4cc68afb60e	1.0000	C

217	>3ba6526c-5a61-5baf-abf0-3fc95849ab70	1.0000	C

218	>c539ac16-6eed-a9af-f27c-3422f1f338e7	1.0000	C

219	>603d29c1-a39c-a126-e1a8-36d627d53a28	1.0000	C

220	>e441ecca-738e-bc5e-66ca-564add28502c	1.0000	C

221	>3398536e-a0a0-6947-5b17-aeb5e7263e0f	1.0000	C

222	>876f5468-a454-ef87-7b6e-0b056d209bd7	1.0000	C

223	>7ff692cb-60e1-bd29-dc35-1d4cdbada7f2	1.0000	C

224	>c86912b0-4a87-f3fd-0144-bada19d68d8f	1.0000	C

225	>c95bb1a6-62fc-9382-2b68-51df115a67c9	1.0000	C

226	>67a5545b-180d-9875-e436-e410bdf46330	1.0000	C

227	>17d6f9b8-f78e-8265-db38-30bca21d8a15	1.0000	C

228	>1b680615-15c5-177a-3115-0e77897a2e15	1.0000	C

229	>44f34c59-0674-83ab-f440-f040dceac720	1.0000	C

230	>20e19b30-b709-3be5-6fa8-fc8077d0fb95	1.0000	C

231	>2d6cf035-6ffa-bc80-43ef-35a2cd3ee55e	1.0000	C

232	>75a6f384-b18f-2837-a5d8-1bb1ae253936	1.0000	C

233	>a90eddfc-ea86-5ba4-74f6-d1b751cd6439	1.0000	C

234	>bbe7dad1-6173-8b9a-0ba8-40affef0e292	1.0000	C

235	>52e31a03-5b45-fd5f-5372-c38d80cecfb5	1.0000	C

236	>c7a121cd-2c44-a330-0b29-74d5b812dd1d	1.0000	C

237	>c4ec30b3-f88a-f404-9347-0280f43677f9	1.0000	C

238	>ca9ea945-050f-7281-511d-4b20332ee299	1.0000	C

239	>5fc9cc21-10d2-851c-dd60-7ef956f8ef0f	1.0000	C

240	>d82369ab-9f40-20c3-0659-d1f5543f2833	1.0000	C

241	>9a02a2a1-3a6f-7798-e7e4-447bfee14b47	1.0000	C

242	>609e573e-d803-5d88-15f2-083b3b574d91	1.0000	C

243	>67b76859-69c9-8912-e4ce-4d952d7c3244	1.0000	C

244	>1e69d0a2-9d59-fe7e-fb01-bfcb8caec368	1.0000	C

245	>ff040da8-c80a-833b-4f4e-86adca31d89c	1.0000	C

246	>81ad6333-0355-3ae1-45f5-a1d495fdd444	1.0000	C

247	>45dbc7cb-fa82-6590-cdf4-2812981cc4c3	1.0000	C

248	>76807f65-bb3c-122b-4be0-f91f6798250c	1.0000	C

249	>c1168225-cc32-a9d4-8d5f-cae82a76c235	1.0000	C

250	>c9397f53-87de-f3b7-87f2-e1f94c9c5a56	1.0000	C

251	>c4ef7a24-8e86-a631-766f-8155b67de668	1.0000	C

252	>cd3fdbdc-2494-8e2e-f3c7-046b609a9bac	1.0000	C

253	>f82f4ffe-3839-938e-fc08-fb7988a9a0d7	1.0000	C

254	>6c33cbb7-be9e-5720-1581-b58eea7a030d	1.0000	C

255	>9dd8d88f-2e0d-3ac8-1763-8db37bb9ee1d	1.0000	C

256	>c90d7430-29f0-0de3-45d7-b6370f546ec6	1.0000	C

257	>84de321e-93ac-1efd-5b82-284b7f7a4ee1	1.0000	C

258	>d7c14aa9-ed69-b710-af98-727e79cd1604	1.0000	C

259	>9053bca4-d93a-3f55-8735-d8b6fcd62c4d	1.0000	C

260	>bb28c363-a437-f118-00a8-db14f18c7178	1.0000	C

261	>9b2f7360-7976-7ff5-2aab-7aed812f7424	1.0000	C

262	>5df8352a-7b3b-9029-f0da-d162ddc8fbbb	1.0000	C

263	>b3778cbb-5da8-147e-66b0-02aa42d3c18d	1.0000	C

264	>f4c7506a-7f21-73f9-3032-bed5ca626b4c	1.0000	C

265	>01fc496c-d360-6c4b-d87b-cd0cf8f85684	1.0000	C

266	>fbf7d2d8-2925-15b8-a759-fcde7f4210b3	1.0000	C

267	>e7445a84-4385-4e39-0c9f-ebe4c86350c4	1.0000	C

268	>b48b1b5e-9119-bb80-447d-46a1e018b24d	1.0000	C

269	>8c42aaa5-74e6-2f96-d5ae-99e262d7c1b0	1.0000	C

270	>2ffbebbe-0b8f-a93d-541e-43c146063e24	1.0000	C

271	>96f14334-5c87-5f5f-e0a2-47b5dd0d7367	1.0000	C

272	>9ac457ac-c0a7-9426-697d-07ace8856db4	1.0000	C

273	>b4b4a210-6160-55f3-63e0-06911db1ae2a	1.0000	C

274	>4e8e4901-f7b5-960e-354f-ceb2cd477860	1.0000	C

275	>9f0141ca-e819-888f-b790-c3205f509619	1.0000	C

276	>7a28c1d3-6c52-f866-45c5-e310fa554765	1.0000	C

277	>80b961a5-a457-401e-78e3-56235b6a20fc	1.0000	C

278	>55cb85a9-299a-9b9c-9354-57d10e698f20	1.0000	C

279	>402a65af-f2de-c2fe-5b7c-4747ab25b5da	1.0000	C

280	>72f580ce-a2bf-ad47-1c0f-f153e5433fa0	1.0000	C

281	>e9a6b4e9-f2a2-bf90-0e9c-6b652d0a8b13	1.0000	C

282	>7d926796-dd1e-7162-5b12-bc2ba1714094	1.0000	C

283	>acdbcab5-bf80-bb21-93da-c5007be7d5a7	1.0000	C

284	>2e5b632a-21eb-0fec-d633-a2301de8040b	1.0000	C

285	>227ab67a-6e8c-e041-279e-7dd69dcacc2c	1.0000	C

286	>173c27c8-8925-be94-6fc7-edf5cfd6d72a	1.0000	C

287	>e9671c3a-d777-965e-95c2-404ed61d2b2d	1.0000	C

288	>69362482-baef-bc36-5980-ff958cecf46c	1.0000	C

289	>73387567-38fb-0138-d041-bd4632b8db74	1.0000	C

290	>5dac8b76-97bb-43fc-a8cf-b396ba77cdfd	1.0000	C

291	>2ee19e11-b9a2-52d6-80a3-2892ddebbacc	1.0000	C

292	>cc09a6e2-3b0d-cb04-85c0-c9349c038fe4	1.0000	C

293	>a95aef0b-2dee-9d35-9794-8c5cab25a231	1.0000	C

294	>1e2e9541-d726-b137-7326-5762730d25bd	1.0000	C

295	>d8d1fd27-07b7-e5b4-82c3-8f981e7e464e	1.0000	C

296	>4a1f9f0c-ab72-cf97-21c0-d9854a89b8b5	1.0000	C

297	>c384fe6c-42d3-0f14-ffa8-656f88d9591a	1.0000	C

298	>44d6b1b6-5a4a-247d-7776-df787fa17524	1.0000	C

299	>5c2b4b66-7139-22d1-834c-71b2515b7e18	1.0000	C

300	>beaa44fd-d08f-c734-effc-44318121562e	1.0000	C

301	>56862690-03e2-4f98-b7a6-246e65cadfd0	1.0000	C

302	>5d6ed710-3522-ccc8-9666-5c824e2229ad	1.0000	C

303	>1cb1c417-cc3f-a9d3-6dfe-153fdeabd067	1.0000	C

304	>593a072f-7ead-6331-c918-efbf24bf6519	1.0000	C

305	>db695fe2-8f4f-3b4f-1e71-d77d5e4e467f	1.0000	C

306	>fba35cc7-f189-1ce2-6a80-05758a7672de	1.0000	C

307	>ccbfa6f8-7abb-81d8-434f-25ccd195fa7b	1.0000	C

308	>264e8eb2-a43a-3acf-1d76-82344042733b	1.0000	C

309	>204dfb76-417b-d83e-2258-1b6cfc789463	1.0000	C

310	>67dadf2c-0680-c039-a923-9e1eeac9c413	1.0000	C

311	>c4619cc9-5177-fed9-ad4f-0cb119b61752	1.0000	C

312	>a4ebf437-c1c7-a166-1f71-94b1a18b16c8	1.0000	C

313	>69b878c3-6b2e-6612-a8c2-a06a8384ce69	1.0000	C

314	>8651b67b-6cad-861e-a10f-4d476e451f71	1.0000	C

315	>c0c0c7be-2492-78e6-26a2-0312dc0f18ba	1.0000	C

316	>4f9b885c-cd69-7180-1444-1e10ec59adbf	1.0000	C

317	>1f507984-d624-340b-1312-0f84d359fd5c	1.0000	C

318	>f851d425-d10b-a3a9-c6e4-ff8a713d2375	1.0000	C

319	>f727a766-f11d-0381-ba25-37e1aca9d784	1.0000	C

320	>d0c9f6fc-8f67-ce48-feda-ebe87d1e61df	1.0000	C

321	>78f113f5-f8c1-4a97-3d79-1805227b49ac	1.0000	C

322	>bafc2c79-e82a-7a22-89c2-3c9b8b03fff1	1.0000	C

323	>2f07de65-a858-d2b0-6836-f2b6d1279170	1.0000	C

324	>b3f9609c-696f-ceeb-2de4-d7b5bbb9cb25	1.0000	C

325	>464d30d3-3dcd-bdc8-6ea4-cf47777ede2c	1.0000	C

326	>17b8ecfe-20ff-7246-87ec-f8b279bcecd1	1.0000	C

327	>2eb20452-8a3d-c01e-7541-bc4d98c46aeb	1.0000	C

328	>cc51113f-6ad2-837e-dff6-4f914f2fd778	1.0000	C

329	>3d4e2413-de35-1861-2b9d-62b9dcfb5a45	1.0000	C

330	>23cb1e2b-9f03-9a4c-a523-1f7249ada1af	1.0000	C

331	>555e79f0-2708-1488-289b-dc4deffe105b	1.0000	C

332	>d4c1b58a-41b9-5f32-1e83-d7e342a86014	1.0000	C

333	>fdeb8e94-7532-0da3-57c6-98cbcf34bfb6	1.0000	C

334	>76fdaecf-b5b6-a943-6997-b7bfe5823816	1.0000	C

335	>a6cbe274-f157-6053-d922-e4004e7368ab	1.0000	C

336	>7f7891c8-a330-634d-b830-a9f051b8480f	1.0000	C

