1	>f2e471d0-7c0f-b973-8cf3-68175c02a591	0.9105	M
1	>25e30ffd-09c7-fe58-cfe9-488a962c5a0d	0.8788	M
1	>9b25333d-3d6c-ec68-ff37-ea6e3e9d99e1	0.8933	M
1	>2b756836-4863-d514-6036-800b455688d0	0.9404	M
1	>d851471f-6458-23d9-280a-55066d51a19f	0.8878	M
1	>0de5e638-3ce5-b455-524e-718017c63e1f	0.9003	M
1	>68d4de16-2888-5f9c-45a5-b2269df0df23	0.9219	M
1	>0c7e3c3c-2a98-905c-e7c1-b645a2a6c7b0	0.8879	M
1	>911926c3-5889-f9f5-147c-5436d26bfde8	0.9355	M
1	>28a62e78-f97e-2bae-8fbe-4a801963f647	0.9208	M
1	>725052fd-b4d9-4010-79c4-95664a2c6c3e	0.8771	M
1	>32688bd4-b799-3cbf-45c7-3cfa4129123f	0.8780	M
1	>c8c5d74e-cedc-e57d-b961-7915c03a679c	0.9491	M
1	>4eada5f7-4a9a-800a-14a5-80116ed728e5	0.9042	M
1	>41338abe-7713-fe7e-cfdc-43cd1a86a5ea	0.9217	M
1	>cc81f8c4-44cb-1603-0972-5c562456614d	0.9335	M
1	>b24fc105-d14e-ef05-6f8d-caeb89ee2acf	0.9176	M
1	>c64dad6b-806a-59e1-c448-32677c8749b8	0.9436	M
1	>be048bb4-d124-43f6-5dca-828eef3cfd10	0.9253	M
1	>bba74ebb-74e8-00b2-3f7a-0016dd35e7b0	0.8694	E
1	>c3738916-4cd0-cdd1-f25a-6d447b5ef63c	0.9091	M
1	>8822ca60-544a-65e1-08d6-db7fe1428c0d	0.9269	M
1	>8bfe534e-4361-abc5-34b2-c50f446c15b1	0.9344	M
1	>be46e775-d82a-bf76-5cf6-ca3ec44f9919	0.9940	M
1	>61e46378-1051-d79d-ab74-1df5cacf20bc	0.8712	E
1	>dc7ee3aa-d595-f7d8-db65-44e849b9d3e1	0.9122	M
1	>81922ad5-8e68-8da4-b915-11dcf07e1c02	0.9238	M
1	>898c0469-e9f8-0fbd-5f74-b5a38c5eee92	0.9227	M
1	>7ba7d790-b2ec-4ac6-8061-91d7309b3a47	0.9160	M
1	>ebaebf7c-d23e-c8aa-8cb2-ceae4ce003a6	0.9289	M
1	>e3fd53fa-28f8-9b09-b896-728d35ffc39e	0.9616	M
1	>dbc035e0-76d3-8ae8-a2f4-a9f760fa57d6	0.9117	M
1	>92505c6a-8809-471a-e033-a1cae059a903	0.8943	M
1	>e95f2452-c714-e5e3-6e43-952d1a0b1857	0.8625	E
1	>22dfce94-a485-1730-b1f2-d7d3d260354a	0.9190	M
1	>a4f9c602-beed-b493-f553-dd60003e3bd3	0.9103	M
1	>084c1a36-cee9-f4ad-c831-c9e171e447a7	0.9206	M
1	>5126db40-c0a6-bbaa-cb89-ccd3b220835b	0.9059	M
1	>7c55530b-ad4b-cf14-4831-ded5f6ef102a	0.9236	M
1	>054fd909-06e1-2955-f52d-3f568bc9ea1c	0.8670	E
1	>29dc41b6-6018-bb00-dfe9-31729fb3f71b	0.9135	M
1	>9f05f8e9-5897-5307-7eb7-3686bf157f7a	0.9194	M
1	>e1bc8b40-8616-0442-4a0d-59d9c5bf4ef0	0.8884	M
1	>9d6cb326-ad14-ce1c-e07c-bbf6cfe61a7c	0.8782	M
1	>46ded595-5078-bfc7-ea72-d91e66a24ed7	0.9072	M
1	>e39ed54e-3bcc-79f5-38eb-c3ec79de8e95	0.9159	M
1	>af22fdf9-3262-1027-f9b5-55a4d5c89bcc	0.9391	M
1	>41831fd7-6e8f-e148-9d46-44e47bf33acf	0.9116	M
1	>903d8424-8437-a479-560e-6a10318f2da2	0.9774	M
1	>4a1c2112-de89-3fa3-64ca-8147852d94d9	0.9148	M
1	>42bf5c1f-a0c2-4a5c-9dc1-68972b81d947	0.9183	M
1	>d5842a3a-8bb7-466e-c29e-697345ce757b	0.9205	M
1	>cd8d1b1f-4b96-a4ac-0ec2-5a1096627224	0.9179	M
1	>b5fc7951-a47b-a7bf-942d-5a1bd12978cc	0.9235	M
1	>2a098e33-d062-75b7-7aa8-b125f238fd47	0.9215	M
1	>25b907b7-3883-ebe9-0040-1b6f0ddb1a14	0.9782	M
1	>c0277011-9ecb-64df-a4ff-f74de983dcb3	0.8747	M
1	>f44c07e1-ff8d-716c-1125-85aee8e28f1d	0.9392	M
1	>93576080-ce27-c720-a1b3-537317453be9	0.8925	M
1	>b6a4e899-244d-31c7-357e-0f292a3e4160	0.9907	M
1	>eabeae20-92d5-ae19-303e-34859fcb45e6	0.9235	M
1	>f9b2b618-520f-62a0-2d1f-9270e4602b34	0.9135	M
1	>32959033-a95a-f2c3-6244-e37ed1bfa547	0.9247	M
1	>00a5a97d-a4f8-bcfe-3a01-21193e39b663	0.9685	M
1	>9df5d4a8-43a9-8098-669b-bbaf7fac49d5	0.9170	M
1	>9cb78b15-f781-ab53-6d9d-38a1ab25afbb	0.9217	M
1	>9d9f53e3-6deb-cc89-2d97-845492025442	0.9106	M
1	>90c4b512-99a2-3f54-d0d1-5b66e8b23368	0.9168	M
1	>c455e71a-7ceb-2d65-d684-81caba215750	0.8893	M
1	>6217f76a-e7f3-91cc-c228-f9e789392e69	0.9143	M
1	>fa53a373-ab26-7f0d-142c-2d76180641d8	0.9353	M
1	>7b8a78cb-bba5-d190-69d5-3fd6d453f216	0.9305	M
1	>c0c2dff0-00dc-f84e-32f7-38fbf38540a4	0.9268	M
1	>d3b780f6-91f6-2e93-7839-0aa06fee0747	0.9159	M
1	>5ddd37f7-7383-e73d-18de-0c52e5e6cedf	0.9518	M
1	>b6fb4bf1-1476-0727-6334-9eed356a1bb7	0.9368	M
1	>1331d37f-db50-e05d-bf6c-419027bcbe73	0.9689	M
1	>64624400-d240-be93-b398-2d29b590c81b	0.9098	M
1	>f6382926-640e-7362-a6b8-a6fcb80c15c9	0.9377	M
1	>ac2938aa-7312-e397-fb8f-e1e93261b170	0.8969	M
1	>f6b17cf2-08b4-591c-c25f-382a6b7d7b8b	0.9066	M
1	>d0009c1c-1b54-f0a9-1b8c-5171207b6253	0.9890	M
1	>823727cd-2cca-ec9c-834a-11ceb79d5701	0.9067	M
1	>434ba86b-8cb0-c630-b597-a657d41faff7	0.9323	M
1	>15f1e149-dabf-716a-60ed-8c854514401c	0.9065	M
1	>746366d8-c24c-7659-4ef8-7604e26c9be8	0.9038	M
1	>f6bb2200-c49c-1788-4f49-dcf01351dbd7	0.9169	M
1	>e7585c57-70c4-7ed7-42b2-de12ff028e85	0.9039	M
1	>ec03519f-b22e-95b3-2b59-9a796cdd29df	0.9215	M
1	>e44ea7e6-7d34-f7c6-9588-59a903f05e89	0.9181	M
1	>2022144b-dcde-cc81-a266-ec757af30ca6	0.9361	M
1	>bdb0e50f-b43b-577b-fe8d-ce5f89bf83b6	0.9075	M
1	>c7209f29-bddf-a894-1cbd-46272e8722fa	0.9268	M
1	>a32c0048-c8d9-8347-2213-49a72a2dba6b	0.9264	M
1	>347d7712-2ed0-4879-3eeb-8ae939515e48	0.8822	M
1	>869b2bef-b5a3-9394-c015-5ca5cb45bf8e	0.9211	M
1	>6ce536c6-0f98-ba38-853d-772d7ca3afb7	0.9075	M
1	>ec630dab-d262-b3f9-d691-f11d2f514d65	0.9440	M
1	>04f894dc-3634-37cb-6ded-570ac1c19567	0.8781	M
1	>f65dbbc9-7aa4-ff03-c198-953743a36b87	0.9023	M
1	>53fe44c8-f47a-eb05-9ef8-1ac7ca794d7f	0.8762	M
1	>8a0b5c41-0cbd-bf4e-e6af-7ebaa3432bb6	0.9145	M
1	>eb5d630a-79cd-28d0-4480-2c3b1aa05698	0.8982	M
1	>a912348b-6cbc-aff3-78f3-a5e8717f2a39	0.9198	M
1	>8a0b1b30-88ac-e057-c30f-cd6788d83821	0.9125	M
1	>e108e44c-6b0d-c177-a3e4-339657d9e889	0.9198	M
1	>4b2e3316-e534-20b4-931d-e727884482ab	0.9133	M
1	>afec60b2-9ebb-e8e5-96c0-f17f953ce42e	0.9313	M
1	>b78701e2-83da-3009-1495-8a10a116a8b2	0.8943	M
1	>eb2dde07-85a8-bf47-978f-81951cf3946f	0.9153	M
1	>6117151e-8b0e-6855-b024-a7efea0f7a58	0.9861	M
1	>c71cf8da-2390-b215-140c-da19362298fe	0.9096	M
1	>55f2d515-5621-3166-985a-1744de7355e4	0.9848	M
1	>2318d370-88bf-d8a4-ea15-79427757d7cd	0.9166	M
1	>ff3178cd-4a78-fe7d-f4a9-38f3be5c2c19	0.9845	M
1	>4a8bc583-1247-33d1-4cb4-ae11054a5995	0.9046	M
1	>8c59af4f-7c4d-fe2e-63fc-13d4c3c33b6f	0.9263	M
1	>b6f9b334-31bf-d981-aa6e-7fabc88fcb75	0.9291	M
1	>abed62e6-0482-49e4-117b-a69a369c8282	0.9271	M
1	>7c57f5ae-ce06-be65-0247-e28488501694	0.9143	M
1	>f804360b-3214-bcfc-4055-81d90235e6a6	0.9088	M
1	>31ca4f28-1773-f20c-4bf8-04196e2f9b3f	0.9352	M
1	>fdd4c8e9-1083-5d0a-8152-3a307543475b	0.9051	M
1	>08918b98-d21c-a183-3dea-e9b82fa543de	0.8822	M
1	>64fcaf14-231d-2d42-0812-e6c66a1f076c	0.9182	M
1	>c89cabe4-77d9-0ff8-e54d-5fdd7c778ac8	0.9229	M
1	>5f0ef808-afeb-ef81-9f1b-d146b0e89566	0.8669	E
1	>3ada53bb-f386-8ba6-cdd9-4f519732c81c	0.9024	M
1	>d9c73030-4023-b6ca-c8ea-edd081ff9803	0.9021	M
1	>35b8d926-cc82-280f-d9a0-3b1f96cbf360	0.8995	M
1	>2ed6e66c-edae-257e-ecc4-27ec8cd5465f	0.8818	M
1	>b3d23d5e-1eb6-4725-aa17-67ef21832053	0.9056	M
1	>9e41aaa7-5f12-e797-f9df-c0fb59eb273b	0.8806	M
1	>77fddc3d-a5b5-a03e-2329-d797fb3fc4d2	0.8905	M
1	>b127e4c8-0d5c-4934-f75e-dbd9fb2082ed	0.8969	M
1	>a974fad0-4082-69f1-4963-b1a93d168b4f	0.8853	M
1	>32ca01ea-faad-e5ce-ff74-25aebc742bb6	0.9239	M
1	>3cc13b68-c4b4-7284-18ad-eceabe450a01	0.9254	M
1	>50300afa-d8cf-97dc-d691-8a6d2a569a29	0.8967	M
1	>025afaa1-c5b3-0d65-91a0-366a4ef5a3d6	0.9111	M
1	>15dc2788-a841-5ea2-a65a-e82977c99419	0.9242	M
1	>52585f57-a8c4-a3d3-77a9-9cda74a396c6	0.9823	M
1	>a943dae2-5de8-8392-7458-72f2f361fc65	0.9238	M
1	>2cecc34a-dd5e-4348-c9e0-0ed3af429646	0.9057	M
1	>b7d25a39-e2bc-1a8c-c11b-a4f4ee7b3dc0	0.9393	M
1	>c9a96d18-d723-0cf0-2373-241ad082ea17	0.9298	M
1	>2970751b-71fd-00c0-6af7-18e1bbe264f2	0.8692	E
1	>38fba143-2bad-11e9-b3a1-1af73a2afd94	0.8558	E
1	>19d19507-4036-4b1e-31bf-586da99a7790	0.9319	M
1	>8efc975c-153f-799c-1021-5e37eaefa826	0.9216	M
1	>79b0be70-881d-9be9-7caa-b4c0f7bf19da	0.9197	M
1	>b0a84df2-a06f-a23a-fa23-96a6a940f16f	0.9101	M
1	>54ed351e-5f10-1e62-9034-fdcbb6e9deeb	0.9179	M
1	>96d1c200-042f-81a2-b110-10909a595c78	0.9137	M
1	>ad4c43e8-3265-f7cd-7860-f08afe4a97de	0.9221	M
1	>1fbb2006-f4b5-78ac-09e2-eb4eb7e26b19	0.8974	M
1	>47982d63-0d69-ad29-bb08-1168f77f5102	0.9200	M
1	>6da83998-f6c6-3e4d-7b33-20ecc7289804	0.9605	M
1	>773ff2c8-30df-6a87-868a-14763a020115	0.8678	E
1	>00a617d9-f37b-5b24-b6de-be86f263899f	0.9750	M
1	>94cc9e87-b5d6-f127-1fe0-5c0248a56e61	0.9130	M
1	>55b3f673-083e-ec27-8ee0-7c00f42812d5	0.9209	M
1	>fc80d7ce-6ed8-bc43-3d77-7e4261b9a208	0.8875	M
1	>6ae9b758-7e8b-8888-8391-e060f7a8557d	0.8788	M
1	>86f9d949-ebf1-6e8f-d2b0-b5ac38927661	0.9100	M
1	>5be00226-6e9b-5dd8-7bc4-621b3850dc5e	0.9142	M
1	>e4103115-0b27-7823-3a4f-51b0701c9639	0.9445	M
1	>9fa16883-21ec-df0e-3f9d-8bd13ba8e781	0.9268	M
1	>42d34056-25ba-20de-722f-5573e1ccfa61	0.8964	M
1	>e81350c5-4784-d04c-4fbb-768eb32287ad	0.9728	M
1	>70615c4b-a354-b79c-93c7-dbccf8d2c0a7	0.9443	M
1	>52c221c4-4fee-3112-a4f2-5a1a3bedbf01	0.9351	M
1	>de0cae30-f4b1-1403-72f5-4ce8d5736437	0.9318	M
1	>f5bc4db4-d22f-949a-9905-b446293dfbd8	0.9155	M
1	>6e301f39-be5a-1d64-3840-93e7b9d98a85	0.9030	M
1	>b31f76b2-5d59-8453-6919-0c2e8d4bb80f	0.9177	M
1	>6a6c4953-236f-c695-f0ec-f9c5cd630bf1	0.9648	M
1	>2740ffb3-163c-5659-87c6-71528ff1b4df	0.8931	M
1	>a19c4b9a-d20a-f77d-c0c8-f5fcaccfff92	0.9205	M
1	>a290c44d-4e1d-9b6b-5565-515d114ce0dc	0.9266	M
1	>daaede40-43e6-1280-83da-5eab838a8547	0.9062	M
1	>a8b6c42b-411b-dce4-ead4-652ef28ed660	0.8573	E
1	>6ea11d78-7e1f-9dd7-3a39-399dd569a4f4	0.9083	M
1	>9f0a7091-f326-7d2f-8d0b-c42917ce6aa8	0.9778	M
1	>d4c26193-04b1-bf6a-6b72-fefb3dbfecbe	0.8826	M
1	>bd2c61b1-cd31-6cc1-8902-f4a217e3a16b	0.9089	M
1	>dd95f554-5a4d-e541-cd53-5769e2198bb5	0.9192	M
1	>074e8c55-5a2b-19c1-8b4b-801c035c23cc	0.9858	M
1	>e4b593df-8f0f-ac2e-40dd-98e8f9c0712d	0.9259	M
1	>1a4ac8bb-2aa2-be4d-247a-6c5e5666b524	0.9879	M
1	>a9e92e92-f98e-000d-9be3-f763a0375f31	0.8553	E
1	>236c6723-a6e3-8d69-20f0-72bf43da10b4	0.9687	M
1	>a4629131-dc45-1048-ed83-8b9dbea49ae5	0.9252	M
1	>27e661f7-3d56-760a-8745-cb5f57ea9085	0.9633	M
1	>9754cbac-c1bc-4279-6cc0-ac039a869a15	0.8841	M
1	>478f4d7d-5f91-ddf8-e1c3-d3af5ac54a9b	0.9023	M
1	>dd9c8917-8758-4f21-a494-b6c95ea26eb4	0.9735	M
1	>6d78fccf-38ca-9c99-5665-8a4940291c03	0.9043	M
1	>28099606-9d54-8cc5-ded3-56da6f216e2f	0.8835	M
1	>6a5a901f-8bca-3e22-a882-bef98394aa42	0.8866	M
1	>4c7da8ad-c38d-b50f-1fc2-73b05b57c565	0.9164	M
1	>a97c7e8b-7cd1-1a4b-7115-b2168b4a15f2	0.9124	M
1	>0cf594b7-5c4c-8c20-e432-a3ffa7bb7a0a	0.9558	M
1	>a6877552-a146-5bd0-cfaa-446d7b213722	0.9280	M
1	>d40b844c-8621-a02c-ea4b-723d70846d7d	0.9230	M
1	>2c77c5c0-4491-2240-7999-a06089e3f431	0.9170	M
1	>22d6db64-ac36-fa1a-adfc-6ed958fc3db8	0.9786	M
1	>123b847e-efbf-03c5-0ba1-9db1a3119c49	0.9297	M
1	>b907c88b-e385-d7d6-f025-c4dd276e48be	0.9151	M
1	>7d8a6495-1b46-d195-56a8-a3b6dfb5c730	0.8970	M
1	>87019c9b-da14-384d-636b-974cbd32f6b2	0.9050	M
1	>631e05c5-3ceb-eb8d-e241-ed094fba0a9c	0.9217	M
1	>88eab11a-4658-5750-abb3-8a8c8aa0d064	0.9123	M
1	>8a0498c0-f4d7-fbd6-7e88-f79ca2a9ca36	0.9160	M
1	>556498b6-8f56-3384-9471-7162c5aed996	0.9417	M
1	>794e0bfb-a6a9-5206-a983-80627acb1400	0.9184	M
1	>3708a0cd-2034-bca7-9eac-edaf18ac1628	0.8973	M
1	>df2fee12-c4bf-cdfd-4083-7ce4f572f88f	0.9154	M
1	>605255d4-647e-1095-96a7-4ee869b16660	0.9171	M
1	>e7283954-0065-560b-0547-1706416d15c5	0.9397	M
1	>b366e21a-2622-405d-b6c2-038887f357ef	0.9317	M
1	>ae99c594-8fab-f477-18ab-36d37ab96f89	0.9399	M
1	>7d96dc67-bdd8-8c11-d146-2a30087ade33	0.9289	M
1	>5e08bb28-831f-ae48-13c1-6a8f1d0eea99	0.9442	M
1	>cc351180-5b6f-9287-b49b-3788451e4d15	0.9867	M
1	>1bf68ef8-69f4-c78f-0021-6ba3721140cb	0.8666	E
1	>37cae60c-0806-557f-6f2a-fcbc4a77aed5	0.9056	M
1	>274383d3-54d5-340b-536f-aeadc0ad7165	0.9020	M
1	>6fc7972b-71d6-609d-3156-bde57d4b7d59	0.9291	M
1	>56bd5503-384a-7870-dca7-c8a9e9026876	0.9068	M
1	>38256b0b-34d1-123a-9fd6-d978b3cd1e4d	0.9108	M
1	>ff511826-c0c5-7f59-4ddc-8b151acd99b1	0.9063	M
1	>80fc5101-74f2-5ca0-d983-d61adf35e7cd	0.9355	M
1	>6b62f7ec-9803-90d1-8263-36ee094e9028	0.9142	M
1	>20995067-e0b0-fbdc-5b31-0b64f601eb5f	0.9433	M
1	>fd3dded8-cce7-b536-fb67-859ae1737e4d	0.9302	M
1	>e7c53b17-b4fd-4a9d-76d8-8eba4821ac6d	0.9361	M
1	>e0a8ccf6-af1e-1af0-c711-5f7a04dd6117	0.9213	M
1	>fdf99beb-c182-8ed7-a9e3-76ccc306cebe	0.9172	M
1	>8e20fcfe-2e96-7c7f-bd35-51330ba3130a	0.9056	M
1	>bb4a8e2a-00bb-84f8-069e-0b9883d3a388	0.9165	M
1	>e549cdfd-faa9-3155-afd3-045a27172958	0.9862	M
1	>3123d2a3-2cf0-4bf0-c4d6-f78af7e76bba	0.9127	M
1	>77ba5341-b7e6-f096-5285-9c6d17f9f4c2	0.9137	M
1	>3dd961bf-4719-8cc8-a253-89ca21ef966f	0.9265	M
1	>af15ffee-cd9e-a1f1-54ed-139ac5374786	0.9139	M
1	>ada0a794-1f4d-8e7c-cc79-3c9e6c3c33df	0.8911	M
1	>ee5ae171-dd36-24dc-d295-356c2e2e9f96	0.9201	M
1	>d06aedab-1be8-84a4-4c3d-f86fe5d52c6f	0.9243	M
1	>25da8cae-216d-ae2c-4830-7411958d29f0	0.9182	M
1	>a08a9844-cf9c-eaab-478c-b350f4578317	0.9170	M
1	>bdf66f2f-7d31-933c-e305-b49247737bc8	0.9107	M
1	>adceb341-58cd-a8bd-f2ff-3af4b63a1098	0.8929	M
1	>bddc1ba9-f690-3c1a-cd66-8f5d045cb90a	0.9200	M
1	>e3a91f00-23f8-105b-c6fb-776fce0d9ebe	0.9713	M
1	>ebab3e29-ee1f-91ed-7025-ee2c44f6c2a7	0.8749	M
1	>21da0e29-5f40-6ee4-23f7-161c3ee503ee	0.9250	M
1	>c56ac1df-b351-8abe-fcc5-4976bf83deb8	0.9218	M
1	>423edaff-1246-9139-67d1-4c037dc15ba9	0.9330	M
1	>ed9ae682-ebfa-4163-0da6-f47119724d7f	0.9138	M
1	>cda0d8a3-d3cc-6a18-3cd7-7d241b70212d	0.9174	M
1	>4247a1b6-527e-1ec7-4570-089d2c8e455d	0.9926	M
1	>b9e04efc-6592-da58-f7c9-1e87a1354644	0.9044	M
1	>3e5967f3-b05b-e658-3cd0-44a0420ce7dd	0.9243	M
1	>3345e5df-f0d9-69b0-f4ec-fabd89127571	0.9244	M
1	>34a0384a-85d9-37e2-5518-fff7d40640e8	0.8979	M
1	>3604cea8-fec5-e717-5ec9-4a2c45d279a9	0.9760	M
1	>b4ba675a-b10c-1d30-cd04-a571ecc360a3	0.9078	M
1	>399a8ee8-eff7-7b20-370d-db7a5acc5f7a	0.9241	M
1	>5b0a18d0-6be7-5689-fae0-7d3912b5ad84	0.9153	M
1	>912d6aef-4a09-c3be-5eca-681fca0a121b	0.9129	M
1	>b566f657-c0fa-908e-d8ad-9657edc54971	0.8802	M
1	>9552b099-faaf-efe7-eb5b-16c7b3b784b1	0.8776	M
1	>95d61376-9d64-3bfe-abae-59f57c7655df	0.9055	M
1	>c9b1fe0b-6119-2ef9-fcbb-5935c7719f18	0.9882	M
1	>fa9c514a-78d2-2dc1-c4a3-969f652cdc48	0.9179	M
1	>c4494e4d-fbc4-cecb-6678-081d5179e867	0.9185	M
1	>6d92e4e0-0c3d-712a-9a23-a8689acf4bfa	0.9232	M
1	>af963616-ab91-a411-bd18-3fa3fa99b611	0.9209	M
1	>9d7e2088-78a2-a16c-2b7e-b2b9923ebc8a	0.9416	M
1	>207b49c6-ab82-0b05-755a-d5ae0f22c998	0.9056	M
1	>b5ddacb4-b037-5f7e-ac3b-1d5f2cefd2c5	0.8879	M
1	>95e53839-74ae-618a-db73-d737aa966390	0.9135	M
1	>ea49a1f5-9e07-c630-78bc-56e498d3616a	0.9098	M
1	>ff3ea8b7-5e2c-03f9-383a-f072ccc087d2	0.9245	M
1	>4a6e57a8-83cd-3637-cfcb-e4ab52181066	0.9231	M
1	>3a427b4f-c20b-536d-4954-85e87d9e1aa3	0.9224	M
1	>7b563b31-b9ac-a804-90d8-51f025130e3a	0.9372	M
1	>9ddbefc9-48f9-0df9-92f7-77acb06e89b9	0.9184	M
1	>f461e84f-c65e-4a8d-a85e-b7b88072cf17	0.8893	M
1	>7d97290e-b5c5-17cb-f722-e4b99c01f917	0.9071	M
1	>61acac3d-3605-ece5-042a-b86d246cd2b9	0.9080	M
1	>d204f70a-a2de-6f2b-e904-00ddba15bfac	0.9090	M
1	>bfc206fe-3ca2-bf0b-d235-e71f1d953d1d	0.9810	M
1	>97aab474-0b71-f007-855f-91d47c3bcb16	0.9837	M
1	>0d35d28f-faa1-df50-6e92-08df28089084	0.9184	M
1	>dcb83cda-efe5-52f4-d7e8-8c676589c8ba	0.8977	M
1	>35fe52c1-e157-0e0d-ce1a-5ce9a6817840	0.9315	M
1	>fbee975d-f51c-aecd-ddec-adcca6e7004d	0.9832	M
1	>0ec83842-14b1-e94b-cfed-557bfef4cc15	0.9729	M
1	>a0e9f5fd-9637-6032-34e2-236cce4eb5e4	0.9233	M
1	>c4867d79-7ab5-36fa-359d-5bd909166244	0.9245	M
1	>1d2c13a9-af55-f7be-bb68-c66718f8206c	0.9295	M
1	>22cdf582-d487-26e0-4277-c86b4ef4027f	0.9077	M
1	>930ecc5d-37ed-955e-118a-da6ea9900734	0.8765	M
1	>7ca8e521-354d-99d0-4758-63dd0ad6bea0	0.9053	M
1	>d628e1a8-dd01-4c03-11f3-db4fc997cedb	0.9217	M
1	>3781734f-a78b-d762-cb98-4d52b79953b8	0.8566	E
1	>86d3393e-1636-fe93-4098-d72f7150e908	0.9429	M
1	>ebe5bb63-44ee-0acc-c8ab-624a94ace3b0	0.9441	M
1	>4aec5c24-4834-6c39-bfe4-e3ab8e88ca71	0.9260	M
1	>e49c0f81-0a07-d8dc-f023-ea464f9fb55b	0.9159	M
1	>04af17ba-83dc-4552-5bd3-0a3988cb9dcd	0.9597	M
1	>db16e294-17b1-6f69-ee80-cc613631f4df	0.9311	M
1	>c776bc16-9398-9057-9b53-f4d91c6ec8e6	0.9528	M
1	>1d60b8de-85fe-d164-d0f8-ec335dec7c1c	0.8820	M
1	>e7c9c3e9-b122-a76c-b14d-aff0598ccd40	0.9092	M
1	>3cf3774e-c40b-bebf-05b5-78de2c1a5886	0.9113	M
1	>99b3b998-37d5-df81-a90f-26a0330e3f58	0.9250	M
1	>92713b8d-55f9-9152-b168-372b09557e21	0.8976	M
1	>13cae675-d8af-11fa-d8bc-392ee7af64f6	0.9896	M
1	>6159cf86-d605-cb20-58f7-70381ae407b0	0.9189	M
1	>7fcd881f-d3df-5643-07e6-9669b1da5579	0.9176	M
1	>b4f8ec0b-e87e-4dd8-45cb-c7bb38375ae9	0.9447	M
1	>26fe43bb-76e8-c939-bff1-3567d9ca59ec	0.9100	M
1	>39d00ef7-098b-1fbf-e87e-4f551db02dff	0.9210	M
1	>9eedc37b-5935-c142-b78a-bad7bb7e6af1	0.8952	M
1	>ece9955e-e1a6-8128-7f9a-546c91877ec4	0.9050	M
1	>3749b621-6731-e247-072f-c0738e239fd0	0.9101	M
1	>d731bea1-a62e-6921-0ec3-b16d629afdfb	0.9680	M
1	>c5f328dd-3dbf-b1db-5d5e-3ad16c2ac412	0.9287	M
1	>65d3e8f5-9667-5efc-8cd8-4fd59b4266d1	0.9382	M
1	>19e757e5-5e9c-8f7d-95a8-bdd91c50eb16	0.9197	M
1	>f93ed200-8a66-bcd0-3fdd-7cc92986c82a	0.9927	M
1	>037de003-0e0e-8d2c-0388-a981111967b4	0.9865	M
1	>fbb5cda3-7391-56d9-5cd8-bd389c2a4922	0.9354	M
1	>3880f197-f667-6d4f-78b6-37d825c7c235	0.9074	M
1	>580a1bc1-a795-39ed-030b-13d73c5e00b6	0.9271	M
1	>aeedb3fd-9d44-6c3a-a658-48fcbceba33d	0.9049	M
1	>fa7061ea-34cc-4bba-877e-07651cc4f305	0.9513	M
1	>22db4085-d22d-c7c4-15d6-00a2586c1160	0.9226	M
1	>40f2145d-b0d1-353a-8be6-4889ba7daae2	0.9217	M
1	>cca33dae-673f-dd0c-60f9-23185d17c5c3	0.8999	M
1	>77f4f980-a1ae-3c3e-a026-f1d04d6a93d4	0.9262	M
1	>e71a0f89-71fb-e97d-cb68-bd5279e4a540	0.9870	M
1	>961dd956-77c6-81d8-2b33-f6b8f3144ee9	0.9244	M
1	>e22a6648-9d79-07dc-62b2-765f0a36cba0	0.9425	M
1	>0fbf0637-4c38-dd18-527a-b249bcc3afb0	0.9205	M
1	>5cce9d42-85bb-9f7f-5c19-146bd60f506b	0.8706	E
1	>bd800735-434c-4754-41a6-4a094aaab243	0.9244	M
1	>705c9016-cb10-b703-74c8-79ea866035ee	0.8596	E
1	>ea64c275-5fbe-422c-8ffa-42c524a17a50	0.8946	M
1	>5d6b0e14-06a1-b1ea-994e-1b624dec2911	0.9067	M
1	>455214ae-2d91-6e67-e7cb-af3bf475c602	0.9118	M
1	>de301278-8338-a089-932e-4a32a1f7b71d	0.9326	M
1	>c61ebc30-8f91-028a-28e2-a5d9e9521e24	0.9509	M
1	>b550b225-2173-8bbc-cf25-161b5ba50346	0.9192	M
1	>86f3824a-5480-09a3-d9a4-ed197d64efa2	0.8591	E
1	>893b28a9-0009-f108-9d01-450be697ee4b	0.9131	M
1	>1e8280bb-cf70-19cc-a519-ab4dfd411696	0.9118	M
1	>72476a00-de58-8e91-1375-fb8770340757	0.9537	M
1	>71376e0d-3bf0-e19c-c3cb-663305f65d72	0.9214	M
1	>7a432281-c960-59da-bb58-b6ff94c95c62	0.9081	M
1	>b1b2491e-b047-c039-fe2e-44529bd37419	0.9998	C
1	>a0d92323-9d6a-d06e-5dc8-391740d218c5	0.9127	M
1	>5959bb35-c516-82d6-6623-6f57586556e4	0.9177	M
1	>81fd736f-44c7-d2a0-a562-a15bb17b4a82	0.9219	M
1	>e5640c2c-4776-4894-e98d-0b8663a7f87e	0.9227	M
1	>db18fd7e-d559-92b6-7550-92dc89a6a918	0.9154	M
1	>76e6d2f7-c9e7-58da-69d1-7372fc68b272	0.9013	M
1	>4cf0addf-7888-0e5a-9694-bb79b1681d45	0.9232	M
1	>45f048b6-b833-a93d-290d-e955a0db3ca9	0.9162	M
1	>e6cdfe2d-1a04-dbc9-5e83-9a876f8c0677	0.9045	M
1	>917d9291-c1a6-0f11-c4c8-300bf536ab7d	0.9232	M
1	>50038ebc-0089-7d56-2fe0-532aaac5961d	0.9378	M
1	>862cfb80-8d87-d72e-7719-55f54aa8f970	0.8764	M
1	>0ae076a9-bcf6-6dbb-f0b6-da3f1d188f77	0.9004	M
1	>75e58ecf-3efd-b7f1-d85e-4131a8454833	0.8726	E
1	>e81573ea-a6dc-31b3-64c7-ee032bdea39b	0.9167	M
1	>be42b5b0-c10c-c0a9-41ad-2e8f907ccb55	0.9907	M
1	>b61d5ba2-189e-49b5-1214-a7dba9e27733	0.9140	M
1	>55c9483c-f57e-5c2e-0c81-b4456d8e6f20	0.9915	M
1	>6464ae07-44ca-cf56-350c-82244865f6a3	0.9327	M
1	>e3cdf0e6-3c26-68c4-ae60-f6716ee619a3	0.9065	M
1	>51584bfd-cc65-53c4-0a74-571abc4269bc	0.9029	M
1	>9d93218b-3712-00bf-cbba-f8ec8dcc3c16	0.9869	M
1	>8e1c5552-fef7-94e8-9aab-85ffee5933ba	0.8996	M
1	>92d47f5e-e304-50bd-7911-1d33ccaa5e43	0.9013	M
1	>36739c50-533c-ea1a-1ed2-2a58e399127a	0.9073	M
1	>750ecfdb-f55b-8a33-480d-6a31a75dc44c	0.9062	M
1	>6ea9a8ee-6f74-f62d-ac2a-c70cb631047f	0.9046	M
1	>7a81c51d-93a9-49cb-7551-c07bb0080404	0.9054	M
1	>ce49a767-c0bd-fb1d-9cfe-faa16e31a302	0.9112	M
1	>88b64044-cac6-a924-967c-1287f8d427f5	0.8986	M
1	>89979d95-8fe2-b52d-a35c-b58d5a92dece	0.9132	M
1	>d7d217bb-6686-ca5a-db48-150b7f726afd	0.9265	M
1	>164215fc-121c-5375-c6c1-d9c85a6f0571	0.9057	M
1	>f9df88ce-855a-fbf0-60fc-1c90cd572f84	0.9789	M
1	>4c3ae9cb-87c7-6a1a-8fb5-d43d3a6379b1	0.9918	M
1	>ca2bc787-04ea-7cf3-3170-7d3377d7393b	0.9328	M
1	>fe5657f4-9994-a730-b335-d8fcfba7501c	0.9059	M
1	>3f305dfa-5698-76ab-6910-d6fc2515fb3f	0.9893	M
1	>c502176d-899b-9564-a926-be3a9394bc09	0.9045	M
1	>5309277d-8e36-a07d-560c-01f570ba2aa5	0.8945	M
1	>420614d7-0a51-859b-35ae-9e1f0a98c410	0.9040	M
1	>114b03f5-2a17-2da3-760a-1784cd9b2f29	0.8919	M
1	>a64a0ec6-de84-c314-c292-b0cd761a24a7	0.9132	M
1	>dd7e7ca4-39a2-01f3-2071-dd0b394fe2fa	0.9360	M
1	>354fda07-a368-77c6-dac7-e7962a569228	0.9154	M
1	>3fed98d1-b1c8-ea49-ab14-4e20bc5911de	0.9331	M
1	>b15e7951-3729-3d7e-e823-8c162b841ba8	0.9672	M
1	>e7421375-16ae-47b3-f343-40e61612d9f0	0.9008	M
1	>0f5e341c-8bb0-a7f6-bafb-07e1fb976e05	0.9120	M
1	>78d03026-7567-89be-8634-04441bd2d805	0.9083	M
1	>198f5dea-e71a-6fb4-8d02-c0f2af8d9c71	0.9109	M
1	>0c7d3a24-4673-5429-f964-5a368a2088f9	0.9232	M
1	>c580ea1b-222c-5420-7653-39463f73d713	0.9200	M
1	>62d1e38f-a645-4de8-3210-936c53f190ec	0.9187	M
1	>13bce967-fe25-9762-747c-8aa63fb7f56d	0.9155	M
1	>30a8525e-b5f1-ea40-94ee-03d56897476f	0.9054	M
1	>2f4d92f1-c2dc-dc9b-4e23-7bf5095226d4	0.9197	M
1	>ff16f922-9592-5051-d1e2-eb42e260784a	0.9757	M
1	>ecae264e-afd3-7c1e-22b0-ff580fcc80ca	0.9175	M
1	>9d8c0dbb-68a7-e822-28e3-0957a1b6e736	0.9826	M
1	>a548668c-663b-ce19-c78d-a7941b156c75	0.9441	M
1	>02f068a6-30c2-6e1f-8dc2-afa9fda31cda	0.9165	M
1	>5308fdca-3bbc-8292-45f0-f7030d67d7b1	0.8948	M
1	>bed5f6e9-457c-f3b8-b7cd-a59169a26faf	0.8827	M
1	>28c057fc-5fb1-2dd9-7bc7-ab4800dda3ef	0.9344	M
1	>fe3e5c62-e304-5bc8-d768-bf16a60746e8	0.9807	M
1	>b8c92797-4fb9-8a5c-4e8d-55d0a0e920e3	0.9152	M
1	>92533328-feaa-c1ae-ed18-fbb82cb4d23f	0.8964	M
1	>aa6253c7-5595-276b-6e84-4ed0970ec4f0	0.9027	M
1	>5cc6437d-4fec-3355-0eb6-5d162bc26ebc	0.8975	M
1	>a650c004-cd84-1339-fac6-7558a0c575b2	0.9258	M
1	>0373920c-86ec-76a5-544c-4627e3aac706	0.9249	M
1	>29661ced-2e0c-dd08-53eb-49616d99c59d	0.8658	E
1	>b912091b-bf8f-3c10-b836-dafb3446f481	0.9311	M
1	>f4065fe9-51d9-c3bb-24ae-a7622ea3addc	0.9120	M
1	>9ea368fa-3b2c-2643-ccc4-431ab083927f	0.9101	M
1	>6cf00881-f77b-e8cc-2813-994b583ec3e4	0.9331	M
1	>860f8ae3-1d9d-c327-3fd1-58071cf0ae90	0.9031	M
1	>a6f4ad0a-c044-d01d-cae9-9439a2c53cda	0.9160	M
1	>46427546-11dd-b4ca-c956-c686253ed91f	0.8984	M
1	>5678e0a9-2b47-bc70-1c2b-f7978f3e3e96	0.8970	M
1	>e10a8100-b6f6-5958-d039-3ffcff6a9076	0.8692	E
1	>92088242-63d0-e35b-8411-13a6f0754b7a	0.8938	M
1	>e11adc95-93bf-b197-ff29-6788f65c7fed	0.9192	M
1	>eb292a9b-f27e-5ecc-3d65-e3dceb3e6f9c	0.9074	M
1	>92d42925-ad63-6641-5529-49d5409175f6	0.9248	M
1	>6b69e17a-b798-a705-8c24-d9d73943c660	0.9215	M
1	>665394ca-776e-024d-7854-9752934cc962	0.9155	M
1	>408b100c-a3e6-c3a6-7993-25d9b8a093b1	0.9377	M
1	>8a475197-1b48-3804-7169-399fd11fb662	0.9046	M
1	>ab6cc433-4adf-6f59-0a9d-c9e472d170cf	0.9390	M
1	>787b588a-97ec-985f-9a70-3d62ad3364e7	0.9247	M
1	>4b797ba9-f927-9981-aa88-ba2290b9cfd0	0.9254	M
1	>5a0069c8-c357-32ef-d8da-f25ca4c7eee3	0.9684	M
1	>4d6ee194-cb8a-b07a-bf61-70ece521677e	0.9390	M
1	>7f5e8f5b-b5e3-40fb-6d2a-1ec22212f304	0.8859	M
1	>eb860f5a-9b7c-a017-ee11-0919b0734c7b	0.9070	M
1	>f472a8d0-4799-4701-a2a7-c4c15f4a9ca8	0.9513	M
1	>92b843b3-90a6-8c9a-72b8-4f033a8c2ac9	0.8897	M
1	>4dfc653c-8a23-b429-f229-8db8ef38c702	0.9070	M
1	>45d419ad-a63c-aef6-0331-34ecd1b1cd3b	0.8851	M
1	>b40a4162-52a9-7a5c-79b2-137dbca3fe80	0.9226	M
1	>7f5325f2-0fa2-e3ca-dc08-90a319cecfe3	0.9339	M
1	>8f70965f-b7a7-cafe-4552-8a4d5ab1820d	0.9115	M
1	>beda8477-e0f0-8b52-b4a0-69290bf4590a	0.9049	M
1	>14bc8cff-fc23-4413-8d19-a49c0e150457	0.9187	M
1	>7540af31-65d8-54a2-9b20-995769f45f0f	0.9213	M
1	>5741faa8-5c26-6a7a-1ea5-a50faac1572c	0.9088	M
1	>e3e07f8b-aa75-9abb-4de2-6f47ec57cd40	0.9117	M
1	>00293f84-95bf-68af-3d8d-aac1410484e6	0.9352	M
1	>22b8ea59-8f5a-b00e-8ef8-5bdbe3dcbfaa	0.9305	M
1	>072da651-8d84-0855-f11d-1818908b2383	0.9219	M
1	>64d09c77-bb58-a083-fc4c-8513efb6bd18	0.9066	M
1	>c18d3d77-d625-170f-1075-c7a4105a1d25	0.9196	M
1	>99195e62-c65e-2117-d28a-9f0e621a6f95	0.9075	M
1	>7f3db29a-b5e2-8d39-ccd3-da30b1f8824e	0.9284	M
1	>4c316ed6-bd3d-a6c1-ee5b-b5d619f3beae	0.9245	M
1	>51ea6d14-dce1-46b9-ff0d-34930291b405	0.9193	M
1	>3e28ee88-0cb2-ef74-b389-62167bdbbe70	0.9235	M
1	>dc4114e7-25c4-0d9e-d9de-6251077007a8	0.9346	M
1	>23b32c22-f51d-bf51-73df-a3ecc80d16b1	0.9196	M
1	>1afb85c8-dc99-3bf7-728d-371afa73abaf	0.9172	M
1	>d40cfdfa-919d-5f54-7307-59903ef19fda	0.9130	M
1	>067748df-a3c9-f951-7138-eb735089f8d7	0.9817	M
1	>8cf36a94-dd91-c916-721f-d37a6fb8f9a2	0.9188	M
1	>e8717a90-5c1c-011f-d273-2bc84f3cfa5e	0.8902	M
1	>afe50cfb-2936-08b3-fbdd-8782a2b2fed4	0.9235	M
1	>f4703929-0a24-438c-0744-1384aaaa4b58	0.9026	M
1	>b95db596-da74-a55b-eddc-b453d01d79cb	0.9203	M
1	>55c609e2-d0a3-0146-b880-61c4d6312a3e	0.8993	M
1	>ba2046cb-2905-fb5a-f074-231c1938d547	0.9080	M
1	>cb4a9ebe-eb7c-e05f-d8b0-bcbbeb547c6e	0.9086	M
1	>17885b18-7800-f682-a50b-6652db394455	0.8953	M
1	>932edae6-fcf2-8d8b-5eff-19fc57c7520e	0.9256	M
1	>3fda02b4-689c-0ecf-a75d-3be78c660940	0.9179	M
1	>218cb177-6689-2291-9d2b-9af24bd97422	0.9275	M
1	>8eb5193b-a748-f403-ebd4-feb8a84d7417	0.9243	M
1	>d268b632-79aa-1647-59e9-db0ee0339834	0.8971	M
1	>340eafc8-b86c-70d6-fc5d-94e6e1eaa033	0.9286	M
1	>07f114f2-a258-1b17-86e3-5584283853d3	0.9817	M
1	>dad6ebe9-a732-17b7-3750-7e9e8c168968	0.9382	M
1	>55c2cc0c-5ae5-b0cc-7aeb-fea04be1ff24	0.9210	M
1	>bbb8c524-eed2-f05a-fd21-957f397b14f9	0.9249	M
1	>9d6f7201-ee08-b260-e7e2-ed4807e3ed66	0.9102	M
1	>386528f3-17f6-c84b-fa81-63cb5c167192	0.9206	M
1	>4d74000c-23b4-0a6c-32dd-1233a2ed090e	0.9218	M
1	>d8b2ede9-1611-6736-d30f-322bb9ba34fc	0.9205	M
1	>ca03da23-8b85-0341-cbf3-06c2d93289a6	0.9083	M
1	>917a33cb-ee03-6d65-d030-3e55da88b3db	0.9192	M
1	>fcf7251d-c4ee-f1e8-b8cc-ae405bca52f5	0.9132	M
1	>dd5ce90a-b18a-39dd-0591-1d6a90060a23	0.9079	M
1	>6235d0d2-c166-b46e-38b5-4bc4c3c4a2da	0.9374	M
1	>4781a509-5044-184f-590a-cba4dcc79f94	0.9135	M
1	>4a3f52b8-1036-26e5-e19e-b18ade74ed37	0.9018	M
1	>2c1c36f5-3a93-b361-efec-182a1d4762a4	0.8789	M
1	>c15ee983-c368-6074-95e7-42b8e799a297	0.9161	M
1	>54450c51-0465-ab57-98e6-918736318c2b	0.9151	M
1	>484e3d95-9ee8-31f8-6059-b45546cc5efa	0.9078	M
1	>0aa12ec4-94bb-d68a-1e3c-f425aeeea43d	0.9355	M
1	>9314efd0-37b0-fc22-e0ce-0500ac948dc9	0.9001	M
1	>f5b4d92b-56d7-e50b-8d8e-f7b838d50338	0.9371	M
1	>2834cec7-8b09-6444-875c-f6cdabfc4d67	0.9190	M
1	>32735bc1-bc60-7f3a-d25b-4773728080cb	0.9341	M
1	>2c793dd8-4949-5d82-7fe9-5c960bf4b305	0.9331	M
1	>3ec590af-5060-db16-1e81-4b1b33b1d8d4	0.9340	M
1	>71a368a8-19fd-34b0-dafa-70d713b68ec5	0.8959	M
1	>7aaadbd5-ab1c-0ab0-81e4-70ccb9326c73	0.9402	M
1	>bcf5d7f7-2897-3e3a-7e98-5a4a667c0f1f	0.9160	M
1	>f43688c4-663d-d2dd-045f-da0a1064a14f	0.8919	M
1	>05e31feb-978a-c02f-7db1-eb55904f9e2e	0.9047	M
1	>3e1213ea-3f2c-01ca-57f3-3f36e90e1818	0.9187	M
1	>6c13a2b6-f951-c85c-0de3-75ba65e5b604	0.8906	M
1	>e3395ffb-1180-99db-2579-344a45f04087	0.9258	M
1	>18d568aa-4400-7427-4085-3311ca91b654	0.9078	M
1	>b6b9386f-d7eb-a6e9-a032-c5b28851f7f8	0.9160	M
1	>497f7ccf-8b67-e609-b458-ee5b9df441a6	0.9097	M
1	>9874317e-d781-3eab-9fa8-abfae6db3a1e	0.9074	M
1	>03cf0c85-97f2-f243-323e-6997f52793e4	0.9477	M
1	>2b68ab9c-8eb8-852a-7415-92f3d1404e3a	0.8644	E
1	>cf1aa4d2-8188-e9df-22e5-1d2f81a89024	0.9106	M
1	>073a1734-87a7-15a5-a9ca-62bec40488ce	0.9223	M
1	>1595e7d1-94df-b2ce-ed2b-de45ad163c95	0.9218	M
1	>14af8d91-87e4-f556-a9a1-12ecbf59c368	0.9049	M
1	>9e8bef18-78ae-af02-2b0b-ab59fffc07e5	0.9195	M
1	>44a49946-e260-52c3-bb29-114b6866f826	0.9143	M
1	>14147ba3-4d9f-d9c7-5dcd-ec42aeb26f3f	0.9892	M
1	>097fed66-2161-75ed-8f9f-5d199a70b56f	0.9286	M
1	>0103e883-67f3-eebe-3585-4d4912022461	0.9138	M
1	>7a6ba27f-b3d6-9b90-0d9b-de98f50dc0ab	0.9248	M
1	>db1dd98b-424b-578c-87f4-6a8f63a1c0c5	0.9164	M
1	>77e2e3c0-8e70-b166-ac6c-3056e53f1730	0.9211	M
1	>e37d2396-7ecf-2a97-0927-8818328b5599	0.9137	M
1	>2ba63a27-d630-1a09-674d-5c043a0716da	0.9408	M
1	>fe407ba5-5655-07a7-b174-2ff937e3136f	0.8655	E
1	>83a900b6-8cb4-a090-5d72-616c081fdc77	0.9195	M
1	>b1b12a10-ef2f-2de7-f829-85df77e44fad	0.9153	M
1	>a99a8370-31e2-047f-9c9d-5bbd15e18d0d	0.9175	M
1	>a8fb69b8-07c1-11cb-4d5e-3e81555090ba	0.8896	M
1	>719ce3c3-8f6c-6d0b-79d4-c97d48a6bcdf	0.9282	M
1	>91901d28-9227-741d-dac2-502072d938f7	0.9851	M
1	>425b8fe6-2237-ed6a-47da-6f0f7e7bbbee	0.9430	M
1	>6a7f5f2a-1a04-3e6f-f4f5-dfa0d6953721	0.8939	M
1	>e07b8ff9-5858-299e-87d5-948d9a9003e0	0.9201	M
1	>80abd7e6-8798-0a3e-8b2a-5926fcae160b	0.9023	M
1	>f388d21d-7c39-ce54-22b3-1f3063974fe7	0.9181	M
1	>5d539da0-01f7-2dce-426c-01a026140713	0.9029	M
1	>5fed79f2-ae4c-f02f-67c4-7ca68734a883	0.9798	M
1	>438dacaa-a4be-cb27-dbf8-0ef942781b1e	0.9292	M
1	>9c422e95-48a4-b222-e781-f926df13f675	0.9333	M
1	>2bc46482-5385-f2de-3466-cd5e5989be59	0.9125	M
1	>ffeb2129-b952-15e3-1814-d3db305e6996	0.9239	M
1	>d5a88479-a758-c2c5-4e28-8a64d2e57fc3	0.9155	M
1	>6b9aef68-2ff2-5a65-eb96-1521194ad8d0	0.9234	M
1	>c6b5d759-f4ee-180f-f19d-90a85dcf84ae	0.9184	M
1	>c34d3bd6-03ff-84fd-d36b-4f0663b9621b	0.9493	M
1	>3fed8562-f510-eb61-6c96-b9e52fa7ff7b	0.8971	M
1	>3464bfab-2b40-bd14-80c5-c4e3382bb7ca	0.9266	M
1	>a9d41bde-b822-eddc-77d3-99029f93bd9c	0.9491	M
1	>d65affcf-4620-5bca-e257-7e383571606d	0.9310	M
1	>918fe0ad-a7c7-f14b-d747-a6bb335fbbdc	0.9085	M
1	>8b1752dc-12d8-0504-d13b-ff207bde4139	0.9836	M
1	>4fd01dbb-676b-b9e9-824c-1a7cb6cb96f3	0.8897	M
1	>26998f48-af31-5a85-8216-b972690d47be	0.9218	M
1	>9ce76c66-14ea-f795-9a65-af6217f60d0b	0.9381	M
1	>100da433-b576-69d3-200c-1e5bff35afdc	0.9909	M
1	>ab6ea073-141f-90ee-cc91-0388cc684baf	0.9151	M
1	>c6854281-7880-bfab-eef7-634a3494ddd3	0.9326	M
1	>363121a7-3d79-0bfd-c1ba-b20f1e40c8fd	0.9178	M
1	>99c97f62-3c25-88a6-b42d-5f5517b17b7f	0.9185	M
1	>ee4705a5-0746-1e95-9e70-68a31038d753	0.9303	M
1	>464efc81-60d2-5442-0f78-22871cd992d0	0.8958	M
1	>24b35079-19c2-dd8c-ca46-82be2969717b	0.9037	M
1	>49bd16c7-8d79-e6dc-f27d-f7a2dd719c96	0.9069	M
1	>9d3cbcaa-b20c-2b9e-59b6-208f438e306d	0.8863	M
1	>e101632e-db7b-ab28-8ad5-58dd2bb5267e	0.9036	M
1	>d238cd02-e84c-7113-1034-de6525f9530d	0.9110	M
1	>37a56368-dc2d-a187-4d0a-685714214073	0.9098	M
1	>9da52fb7-b5b4-24a5-0d59-f6946f5a7d71	0.9019	M
1	>be8013dd-331a-4e45-a487-9299d7f9142a	0.9032	M
1	>38f1fbae-d30a-38ba-fd5e-a8d7a348f692	0.9602	M
1	>a4f4b982-66f9-929b-2c11-36a5966c6db2	0.9143	M
1	>0ce9021f-6619-7e43-b2d1-5dfd3b7a577a	0.9362	M
1	>1c118c21-00a2-97f2-3212-9c162109d19d	0.9177	M
1	>23ef12fb-b298-c335-2002-8dda7a96f099	0.9270	M
1	>0b1fa793-3653-7bff-8b78-101ed64e3e52	0.9272	M
1	>06c92e2b-062f-84cc-b8c7-22d05ce9273c	0.9409	M
1	>a3c7c716-f020-6f86-9c81-49554cc02b31	0.9261	M
1	>11bc4895-576d-40dc-373b-7463f8c9b435	0.9213	M
1	>315fe9df-a797-3370-d2ef-c081cc648d31	0.9413	M
1	>2269f58e-0644-b4cc-1d53-541e81cacf65	0.9142	M
1	>b196ab7e-7ff7-b228-97eb-a5569c0487ad	0.9169	M
1	>8d1e58f3-5c50-3326-fc0b-a45db3472b48	0.8693	E
1	>6e16c639-00c7-8e84-8936-377236bb7c64	0.9101	M
1	>5d421f9f-79d6-75ff-a0d6-8d4405fa4c17	0.9502	M
1	>7fc59317-c6e1-5c50-d541-f5c5127bf082	0.9795	M
1	>657b5c55-ac28-6ef0-ad4f-8f41d01e731e	0.9471	M
1	>bdd93db7-115e-602b-07ff-33ec9acb1290	0.9151	M
1	>f98b5d8c-3795-6c96-4432-429057033857	0.8799	M
1	>8f9b414c-9a48-04e1-75ed-b1a4f67ddab6	0.9404	M
1	>5888ada5-2b51-0bd7-42d6-7d6e81383aa7	0.9110	M
1	>7d7e48b2-3756-484f-3c2c-823d36e58562	0.9138	M
1	>c8b243a2-6b7a-a92b-3b11-8da34500e897	0.9185	M
1	>7241fdc8-ee20-ba7f-4fa3-02f9a95b8bc2	0.9284	M
1	>90f3ee73-47c5-ed10-2fd4-f828aafbabdb	0.9239	M
1	>32439f4c-495e-8022-2582-2a90f6c3f5a7	0.9082	M
1	>f91b41cf-482b-3f73-2346-2e20a1dab33d	0.9127	M
1	>29a875fb-542d-5cfb-ac08-37d4cea35650	0.9442	M
1	>b0360b33-0777-fdb6-b05a-e76e7509c249	0.9644	M
1	>46037585-fbbb-e4ac-8a5a-32b4538a4c62	0.9180	M
1	>c4d81a68-52a7-e64a-743a-5a166b64ec78	0.9374	M
1	>eb1f1a36-b8be-c2e0-146f-3af6ffadff22	0.9146	M
1	>10925af6-5efe-fd94-7758-f12501e66b05	0.9089	M
1	>9516cebf-4489-191a-6bbc-28ec9bf0b30e	0.9167	M
1	>5ad48f66-eff6-b157-6df7-0dd7b32f9fb3	0.9195	M
1	>f618bc0d-5f4e-3c15-4693-0ceea3a88904	0.9154	M
1	>cbb4c5f0-607d-e538-9e60-f0800263aebc	0.9132	M
1	>747d435a-1e48-103a-4c71-5926e4d43c7c	0.9219	M
1	>f1611914-9a0e-127d-8b19-afed7b8d701e	0.9204	M
1	>becca3ea-eea4-bee2-0c4c-3ce25daeda62	0.9100	M
1	>150e7eae-9946-e635-8adf-9202d6975bb6	0.9144	M
1	>2816c787-3edc-8955-9ea8-baae081118f7	0.9175	M
1	>e8ded157-0bc9-1bee-75b8-28072ebb02d8	0.9257	M
1	>c1b54e7e-84d5-803c-b08c-1c2d57166ffb	0.9195	M
1	>b9112dec-e9c7-b953-ba49-692dcd63579c	0.9121	M
1	>a53a8410-4514-77b6-9492-7eb00cd52aa4	0.9290	M
1	>4f1919b5-c02a-6fda-9552-5d5f7eff7fb2	0.9026	M
1	>a1d5a5a9-0fbd-7494-074b-ed49d98de958	0.9370	M
1	>df662ba8-beb9-7fdc-96d1-ad2d944f7975	0.9364	M
1	>3935cf1d-9ac7-ba91-a180-e78937be5ba5	0.8750	M
1	>4d336e25-93c3-3031-201f-be6f748af496	0.9130	M
1	>0c3febbb-1c90-cb81-fb05-fec821353462	0.9450	M
1	>8526682c-41b5-813c-bf0d-d9d66e26484c	0.8666	E
1	>4412726c-4fc2-68d6-fcf2-37dd39e02c33	0.8968	M
1	>11e887b0-7da0-ff99-8fc2-3c738268ac67	0.8795	M
1	>0010874d-fc34-bd71-d294-e5598816a846	0.9449	M
1	>463bde73-1a82-b947-2339-1943b1329381	0.9398	M
1	>c9a0ddc8-e9e0-364d-d299-e72e5cfce702	0.9183	M
1	>755983b1-c607-1fe8-557e-a6aaad2b1959	0.9014	M
1	>e80f6679-6154-297b-684c-03d076c87e8b	0.8717	E
1	>b3191bfa-ffa4-7a82-0a4e-c4d1e3c57b0c	0.9166	M
1	>596c1a1a-5561-7b9d-adbc-099f97dc6415	0.9461	M
1	>88ee6906-3cbc-7724-b179-d4c28596a996	0.9068	M
1	>439c5f96-2915-c6a0-d518-18a166c4fe11	0.9658	M
1	>a2604ba4-769a-ea09-6c90-e811d3133d24	0.9132	M
1	>269d2583-b5ed-6f59-1a93-aa4e2491e3aa	0.8574	E
1	>6129204e-73b3-541f-bfc8-3d8a480ab4a4	0.9239	M
1	>25349753-9465-6171-f032-6620bdbd70d9	0.9398	M
1	>f7a8c5b3-f537-f28b-c9b1-1edfc59135c3	0.9219	M
1	>cdbf68b9-1448-417c-9d54-2bfa4c5ac02c	0.9008	M
1	>744bcda4-14cd-5bb2-f291-dac1a1266473	0.9206	M
1	>a726141d-3b2c-83c7-635b-481b1b346e72	0.8760	M
1	>2164558a-9ced-68a3-91ce-e9f46f15cbe3	0.9226	M
1	>505e1a54-0301-7dcd-d34f-d384f7d8bc57	0.8862	M
1	>0f70db70-8530-f71a-c46d-d9c36351203f	0.9071	M
1	>00881c78-4802-e84b-0afb-12404e9f89cb	0.8963	M
1	>c26dc498-105a-7a32-09d8-626d9f2b3a2d	0.9235	M
1	>e88eaf3f-97fc-00ca-5684-7ba77c64ae52	0.9223	M
1	>7c6b55b9-934e-6989-a4c6-c806a94e9e44	0.9003	M
1	>610b2c4a-5078-3237-6f45-31c3cb7c0156	0.8846	M
1	>36e1266b-0e8f-0216-5f89-3643a38940e8	0.9148	M
1	>cffd2a99-34dd-4c69-1252-b3ef0a9697c4	0.9192	M
1	>49484d56-0a7f-5c3d-5675-5403c96c1804	0.8647	E
1	>5aa42f4e-53ce-1d93-eaf3-013bf91a9891	0.9168	M
1	>d28707b9-f921-b847-5f6f-c0768b88fb02	0.9243	M
1	>635ac659-2919-7cea-c47e-fc5f95bc201d	0.9217	M
1	>0e818331-edf8-b2cb-ea93-b1e67f8f04a3	0.9221	M
1	>df737b50-178b-6865-724d-ce28882ccb10	0.9015	M
1	>392493c3-3c5f-4a61-dc0a-c9fab48bfe4f	0.9350	M
1	>4abbe5bd-e6a4-1307-9267-786c6f9317e5	0.8555	E
1	>ce5463e1-1295-0dc6-a7a1-c563d23a13bf	0.9280	M
1	>17a67bc7-d8a1-cf2d-f55e-188f318fdb23	0.9210	M
1	>5116420b-3724-78ea-4e3e-43e87f4911d3	0.9134	M
1	>3e8cfba5-71d7-70c2-4819-423e0a654144	0.9120	M
1	>a03a29f1-9c7a-9084-2673-a06ae30f4425	0.9209	M
1	>70c96751-6990-a9c9-a57b-3abed2fcced6	0.9278	M
1	>c3f0f5a4-bb93-6c3f-ce1f-761fc4acb209	0.9229	M
1	>400c64c1-0346-6477-9967-004cabcbbab0	0.9358	M
1	>5b85dd0d-fbac-cf5e-938d-3b5bdca2c63a	0.9007	M
1	>1a8683c8-3f4f-0d5b-edfe-c59a33082a9c	0.9816	M
1	>79da8ce5-52ee-d3c7-3c0b-55bf1ff63af8	0.9214	M
1	>6bb8f878-c227-ed86-aa06-fe0525a560d1	0.9118	M
1	>1812e84c-1896-4be5-74a2-074b1bba4e72	0.9193	M
1	>de51f021-c4a4-1572-75d3-d0b5e2dc0fa5	0.8899	M
1	>bd51abee-707d-2147-ebe8-c290c3bbf4c7	0.9741	M
1	>f97c4727-d71e-d2ab-c851-b24264d6d15c	0.8741	M
1	>f8354bf1-e962-6c6a-8125-f94786c5032e	0.9093	M
1	>dc73e2b8-f221-9f32-7b84-1f57cdaccc86	0.9060	M
1	>809e9406-02cd-0d17-d3bf-9da214e1dd25	0.9900	M
1	>0b1805a2-7bd2-b450-9d0f-c45da4594fa1	0.8768	M
1	>3cc21e8c-6b32-68a6-2b5f-6ab3b9ad345f	0.9199	M
1	>6ceb5382-892b-e86f-210a-007263544344	0.9279	M
1	>5db00fe4-2b40-4e7e-46d3-423f0165bf52	0.9226	M
1	>697f3de1-2b78-67d8-4752-80efa104fa91	0.9115	M
1	>1fab723a-6379-1644-599a-34b6de53494b	0.9040	M
1	>ddeeeb1d-3813-c78b-9bb6-0b0e259ec3aa	0.9404	M
1	>67bda3e0-4a0d-f351-4b5b-0fddec20b7aa	0.9180	M
1	>bf4563f5-f1e7-a46a-4b51-e8e78038b69d	0.9754	M
1	>1bdae42f-a60b-c01d-8fc9-1a39d63caa37	0.9383	M
1	>342d5b2a-e787-840c-c9b2-d935d085d68b	0.9196	M
1	>f2ec1fef-055f-36d0-2972-9010ea2974fe	0.8926	M
1	>f66f7e01-bc8a-4cb4-5ebd-8ff0fdfd5994	0.9069	M
1	>9babf352-9bb5-1dfc-c9be-526f21e7e27a	0.8870	M
1	>45250068-208d-429d-d869-f0cac419f6cd	0.9424	M
1	>7c19a0c6-12ac-5384-fec7-4746df96f683	0.9034	M
1	>2c45271a-899d-60ff-20f5-c00de394db32	0.9060	M
1	>e44921a1-f5a7-ac19-ff8b-66042dc31f8d	0.8997	M
1	>330516d0-5252-3979-2fa0-c6982588c691	0.9208	M
1	>571cfbf4-58f7-ffdf-477c-7c79587a8108	0.9334	M
1	>054e2557-2165-7c7d-76fb-a0698b47f3ea	0.9940	M
1	>eced17e6-daba-25ee-b862-e06d80418f88	0.9143	M
1	>66547a24-ae42-f2cc-3a39-e9e5127852d9	0.9339	M
1	>ce45798a-0df0-8ed5-2519-34eab14ccbb9	0.9049	M
1	>56ede04e-607d-3f7d-56cb-2e3c7863332b	0.9009	M
1	>2fdd6bf3-20fa-4a70-b4b2-e1294fd5b361	0.9193	M
1	>29417dd9-68b0-f318-5fe1-75ee64e120f6	0.9173	M
1	>59dae6b7-690f-7bb3-363f-08b2f3bc8dd7	0.8651	E
1	>819a58c5-63cb-c5aa-10f0-4e77d68dd7d0	0.9139	M
1	>7ac4676b-8cb8-6b57-571d-47fc1096fd40	0.9042	M
1	>491c1a64-c37c-73c5-63f4-977ea4b74b3c	0.8996	M
1	>597e15f5-8a1d-7b9a-a5e7-b81f338892da	0.9018	M
1	>f267f430-1e22-ba2c-1929-936a6c8da874	0.9893	M
1	>48574e0d-790f-8ebe-3b50-eba055adfdb8	0.9294	M
1	>60ddc757-9b9f-ac23-d8d3-a8cd177ed9a5	0.9229	M
1	>f5ee3a2b-64d6-eed6-6148-0772c47ee149	0.9290	M
1	>58516a2d-e8f9-f2ac-7377-ae1d35a4110a	0.8671	E
1	>b6196f93-c4df-ac13-3fda-1aea5c773970	0.9231	M
1	>0840948e-e3c9-320e-89c2-17dea24fa72c	0.9094	M
1	>b42c2b2f-496f-ee2b-4cdd-641843fc8381	0.9273	M
1	>fe87abd9-d50c-a966-bf0a-aececf93af52	0.9365	M
1	>2e02f4ba-2703-3971-d17e-5d92c9254285	0.9195	M
1	>b284c125-041c-7849-ee12-b577ddee5da4	0.9395	M
1	>45cffb64-27d1-e252-2b90-58e275102239	0.9425	M
1	>bb7b9be4-a0b0-b164-e2b7-da265ffbb6de	0.9066	M
1	>074c70cf-3177-e240-dd0c-5fd192b1f8a8	0.9079	M
1	>99e31cca-2233-5414-8025-13ca2c43039b	0.9318	M
1	>6481c50d-8705-4aa3-2122-9dcbbccf3884	0.9228	M
1	>39eb7b6b-c04b-aa7c-1be4-228f9d18c323	0.8923	M
1	>1e7911f7-ca25-ed20-00fb-9c19c3da449d	0.9049	M
1	>279085cf-0b1b-9138-587b-695929cab481	0.9190	M
1	>3d6eba12-df26-7041-06bd-1237d4be82fb	0.8873	M
1	>d2a17cd2-b168-5d71-745a-14bc8e4b33ad	0.8719	E
1	>8e73feaf-fa52-02c5-84d8-d41173a745f6	0.9263	M
1	>25698816-a0f0-b3dc-a20b-b0b8173db076	0.9376	M
1	>e2351a88-e28c-19f8-61b0-c9344f4cd381	0.9116	M
1	>ba122a05-f38d-585f-4e30-d761c7f2a5e4	0.8974	M
1	>2e06bb9a-063c-b974-d6f0-d62c427853cd	0.9023	M
1	>efc63ea8-acf8-993c-d3b8-eb4fa71b0b13	0.9225	M
1	>65ac70dc-2b4c-584c-dcd8-6215765cf54c	0.8995	M
1	>fa5bf5d7-2c15-3044-1fc7-a4a505e8d027	0.8677	E
1	>4424257d-9f3d-7b16-bc50-4f67cd326633	0.9148	M
1	>5724debc-f17b-0c69-5988-18ebf3e96935	0.9164	M
1	>6ee69f14-03ae-4562-eead-123715aa4c0e	0.9195	M
1	>3c94c371-f102-7d54-78d9-79254a1e66f6	0.8822	M
1	>24e940eb-9c07-3b45-e8db-36c1cc07a858	0.9148	M
1	>61076232-4879-962d-95cb-6592dc64b4c6	0.8948	M
1	>c97c5d97-48ed-118c-53d0-78bf8a76b950	0.9147	M
1	>9df07610-042f-7843-e108-3f41bab14c02	0.8825	M
1	>525d6abf-ab44-cb10-cca9-8cabe726f867	0.9247	M
1	>f822bba0-e9b3-8b30-411b-8a4bb1fea98f	0.9303	M
1	>cfe4f98c-9d0f-f1e3-92bf-eea09b4d7096	0.9311	M
1	>418b4385-b57a-0e36-6770-7f5bff183b43	0.8748	M
1	>0897a17b-54c4-a43e-76e9-043c71f44ad5	0.9201	M
1	>96becf9e-a18c-df1c-623a-ea0314e150e8	0.9237	M
1	>b9ee16ed-d652-7678-beb5-2f77f367cc78	0.9357	M
1	>a203a5c1-ae1e-b221-afdb-07f64126ff0f	0.9267	M
1	>dc30826e-9a96-711d-e16a-fb1ab6747331	0.9134	M
1	>6087e293-1e88-5a31-009e-ecda382333bc	0.9236	M
1	>94c87318-4aa3-6745-e8b8-c43f0aedb643	0.9227	M
1	>33825c42-5b5e-9e4d-7fd1-210d57f783bd	0.9202	M
1	>74871572-29c4-a985-55d6-d4791753c6c5	0.9194	M
1	>e58e1627-40a0-4c6c-6356-a3064f9828c9	0.9660	M
1	>6db7468e-5f04-e2ae-ea0f-59ec69a15c34	0.8983	M
1	>c8f3ecd8-7961-0e74-a2c9-99ecadf11f69	0.9114	M
1	>6f078387-a2fe-4e9e-57f3-a96c6eb3c52f	0.9198	M
1	>bc74672f-556e-5a41-a56c-496934bc0068	0.8978	M
1	>07c2b842-c966-abdb-871a-de01d68157b2	0.9012	M
1	>542fd089-0a5e-81d0-8692-c7a020483bfa	0.9878	M
1	>2f4eae65-37c8-fc9a-97e0-376fe7f96246	0.9147	M
1	>f52af319-d49e-1231-0bfb-dc3f170f0652	0.9016	M
1	>ae96d161-4c71-7475-a202-f7dd3ab7b637	0.9239	M
1	>98b78ad2-c259-47b0-fb9f-6d4e502f192a	0.9155	M
1	>3e93051b-0e41-a1e7-df48-bc16ec54c697	0.8865	M
1	>b15e56ee-6214-7972-e99c-27249b9470c4	0.9152	M
1	>3655b067-a374-a305-ca73-b0afd0b39f3e	0.9220	M
1	>40d4d597-e9f4-9851-e54d-48cef49c2822	0.8994	M
1	>12a7e897-88b4-40c7-212f-84b1d0f1fee2	0.9127	M
1	>1a22b274-caeb-707f-79c0-67585e3c90da	0.9105	M
1	>578f47e2-259c-36fd-ea31-732480b256c0	0.9108	M
1	>7d8b7bee-70d6-6f7c-7b88-bac58bfee9df	0.9024	M
1	>a8d1d858-5fde-465d-0e2d-9fcfcf86a037	0.9243	M
1	>b2b8eba5-585f-45c3-1160-83062790755a	0.9124	M
1	>b6cfd98d-b671-16f2-71a4-5d15532dd0b6	0.9175	M
1	>7b7c73cb-c961-8413-5b90-7d41f29f15ca	0.9291	M
1	>9cbdfcb0-7084-ed66-bb28-243c33e389ed	0.9138	M
1	>0f9d31cc-3afe-f7f2-336e-78e0926dc7ff	0.9837	M
1	>733951c1-79eb-e756-c0ee-988023b2102f	0.9708	M
1	>bd093b9f-ea99-dcfa-aaa2-b3c0717d1396	0.8899	M
1	>b33a546c-d138-fe08-c2d8-59968b02c5e1	0.9860	M
1	>e9659346-2c5d-a563-64c3-2b30a6c1bbb5	0.9143	M
1	>e37c4130-3f6a-3848-8459-35f8dd8ebdf3	0.9060	M
1	>bd7c7f6f-7b4b-cbcb-90be-03cf59b25e5d	0.8946	M
1	>58abf9b6-2669-f9d2-140a-c20916099538	0.9832	M
1	>b8d0fb6d-12aa-2632-7e3a-6bf422e7561d	0.9198	M
1	>f5d988c9-e1bb-067f-529c-9abc00eac658	0.8737	M
1	>2806637e-e389-3ffa-1ff2-89b82f78507e	0.9167	M
1	>8522433b-a3d0-950a-6d19-b5154d35cd4d	0.9148	M
1	>32d7e524-db21-0441-2174-ddb1544a9387	0.9278	M
1	>4b5c6ac4-f9c1-91ac-f831-a89316df1866	0.8947	M
1	>7a1742ee-fb23-ca9a-592c-25090e5a459c	0.9113	M
1	>d839bab5-f0e8-c3e8-dd32-32fc30d6ab28	0.9244	M
1	>c0647073-ac19-2036-1e49-14f79f9a47e4	0.9890	M
1	>e172f5d9-e281-905b-ff94-fde92911e8ae	0.8864	M
1	>abf90d6c-2a8b-9068-7155-0002f20fd810	0.8861	M
1	>a1dc28b3-3476-1ec1-cdb5-f11b70be548c	0.9278	M
1	>6e8838df-13b1-fa8c-9c89-84c86bb5dfd6	0.9888	M
1	>318b0fe3-5cab-1d1b-8ca3-29827721aa52	0.9261	M
1	>add899f6-d2e7-e914-c1ed-4fbd0726d47d	0.9097	M
1	>941d45c9-4f10-c17c-6a9b-a38770fab84f	0.9162	M
1	>9920d128-64d2-0d6a-404a-3b619f0f0372	0.9186	M
1	>d14ebccb-c5d5-e734-5a37-8dab636423a4	0.9252	M
1	>2f5092b9-dcfc-71fa-e23f-d37c2c2361af	0.9308	M
1	>f16ca48e-5fb0-00b7-ef2b-e183ac94a886	0.8993	M
1	>8b572929-a177-0a14-a17a-828bb44dd137	0.9168	M
1	>a283a045-f698-cc9f-e579-070c93641c7d	0.9118	M
1	>03232dad-0432-4f3b-23bc-6e3d10a8a7ab	0.9456	M
1	>84cb111d-6626-4661-8cda-ebad5e13113c	0.9642	M

2	>e29db88f-b9c9-dd47-cc08-a5644ce7ecf0	1.0000	C

3	>e6bddce9-5c5d-99c6-fc74-bdb3b016f067	1.0000	C

4	>274e17f9-121e-a192-7c36-375f42590148	1.0000	C

5	>da3b1afa-0fd8-05e0-bbda-4a14b4869b2c	1.0000	C

6	>ad46c443-c36f-65b1-527d-848e1c305777	1.0000	C

7	>ab924141-d086-ebfd-ab1a-b27aef1a9815	1.0000	C

8	>bffbee2c-cc40-3c16-1b3c-cad6f19527cb	1.0000	C

9	>903efeee-74f9-ac85-583a-f879d07e49b6	1.0000	C

10	>9ca7bc36-3e1e-44b8-dd6d-6d5258a0b73a	1.0000	C

11	>c132e9bf-c5f6-3145-b933-c6e99fe2b436	1.0000	C

12	>66fe946e-04d9-4059-7691-b81c323feb4e	1.0000	C

13	>1f7d9337-3dd9-4760-85af-c657eccadf8e	1.0000	C

14	>ce23d906-f128-72eb-57f9-a80868777eaf	1.0000	C

15	>92a5ab06-6cbb-f9fe-7ba3-8fa8d13b3c1c	1.0000	C

16	>57ef31e3-088e-6d6d-27f1-6f1aad320690	1.0000	C

17	>4bce5b22-c71b-a94c-71c5-ca2f14e9c899	1.0000	C

18	>6db4a6e0-2ed9-08df-cabe-072271714ce4	1.0000	C

19	>09eba482-a9df-1ddb-e866-0b6d14b83f0c	1.0000	C

20	>d790aa83-f8bb-7fee-ffb7-ff84517c8756	1.0000	C

21	>6cb89d35-3f22-a1c2-4fb3-e089f960d8de	1.0000	C

22	>01cdf350-cf44-97fe-b42b-b17806d4d54d	1.0000	C

23	>4e1ecfa4-3f2f-f913-d246-228ecf83d484	1.0000	C

24	>6c213bcd-5e0e-3c42-bbf9-dd3bd8ef0c5c	1.0000	C

25	>85ddda0d-2102-d2a8-1260-013eb447873e	1.0000	C

26	>b848112c-5cc7-48ce-ceb6-fdca266cd596	1.0000	C

27	>b4baa26d-7fc2-1bd2-855f-2b74f6f1cb03	1.0000	C

