1	>3a6960ad-8c20-d05d-61e8-470f71e6dd94	0.7642	M
1	>993baec4-5733-0f4c-11cc-3d3be2086bdf	0.7890	M
1	>256827a3-5088-339f-4671-a0f6a8d840ab	0.8095	M
1	>9944d72f-7aed-308b-ee62-a886d07f5552	0.8095	M
1	>08f3391a-cb58-0f4a-6aaf-f317bfb305db	0.7667	M
1	>9a0329f1-8847-cae4-3df8-bc349de2c400	0.7772	M
1	>dba9ef73-b3d5-ddcc-9a2b-22b9e2895b0f	0.7773	M
1	>80f7c15c-68b4-76a9-2c1f-ae73a413f618	0.7491	M
1	>43364417-21b0-2b2f-692c-708f73aca0fd	0.7952	M
1	>22a7cabf-f6a8-65fb-b20b-7504ac7e7322	0.7508	M
1	>91b5265d-e0a5-a0a8-a91d-500126d80624	0.7674	M
1	>88fc25c8-79a3-ed89-9504-875f8a920ec7	0.8194	M
1	>0ab6cb91-3d1c-9973-7763-958413b85a52	0.7356	M
1	>c46b7601-c825-ea0a-bbd3-e2316a6655e1	0.6811	E
1	>f1c1fe18-fed5-eb6c-e265-b0d94dc818b9	0.7454	M
1	>87705f9d-23b2-052f-70d8-589067504fb3	0.8275	M
1	>b0fbe31a-e712-7085-f251-9225e36f9866	0.7977	M
1	>ae1f4f7e-50f4-a201-2c11-ef0f129c302f	0.6818	E
1	>e283dc63-4619-d7e2-3314-bac7e51decbc	0.6945	E
1	>78eecd74-c8db-2d7f-e7ff-237fdc6e31e6	0.8415	M
1	>61b47aed-0499-7f94-9e95-0f39d80e33a4	0.7819	M
1	>bc5c079c-6cf9-985a-7edc-e0adef0b63ef	0.8510	M
1	>3dfb22d4-2a94-7519-af11-cac9b051f6bd	0.7208	M
1	>c7aff204-4848-e086-6e14-5ac2b32a0bf8	0.8257	M
1	>85285bf5-970a-b162-a6e2-1dde891591ff	0.7160	M
1	>1a750ff3-156c-961f-5c20-2160d8c62868	0.7296	M
1	>35ae3ca6-dba5-80bd-cbe1-33a3e6559d5b	0.7080	M
1	>26f46586-9392-2bda-45ad-36ca852d6337	0.7320	M
1	>3fdf71db-0450-695f-e2ef-69ab67c77cc5	0.8036	M
1	>4c944ee4-5b0b-2aa3-c562-eb343b74ca5d	0.7573	M
1	>4a702ee3-d422-2763-aa4d-8bfe8fa029f3	0.7698	M
1	>0be7dcd4-89b3-e9d1-dafd-d3391f5f2ef9	0.6928	E
1	>45085e02-c387-1dcd-3ce8-8a6ff7fdb808	0.7104	M
1	>431ed224-2340-2edb-7588-527f47c0ad3d	0.7636	M
1	>3a71bf74-161c-6e32-6ac2-c4298528bf30	0.7256	M
1	>82d65396-96ce-ab01-8166-3cd1bacc78b7	0.7230	M
1	>72378b9c-4da8-b127-3258-2a1266c8decf	0.7929	M
1	>e0a4daeb-0491-2f83-4638-4a2562e0551e	0.8288	M
1	>6263b5b7-164b-fbba-2d38-719caa56f65c	0.7282	M
1	>f4d3c2bc-3654-07d1-caaa-5201244e2bd4	0.7720	M
1	>ea581972-8738-634f-5167-6b444fe012b2	0.7908	M
1	>b3bbfcec-eeb5-e4d5-523e-5868a5cc17d8	0.7454	M
1	>cc7c7fdf-7ac7-0f95-f9d1-cd40636fde2c	0.7139	M
1	>29d8a437-0400-a2d9-7165-6b64cda9ec74	0.6975	E
1	>f8d9e57b-e838-389c-1f63-49eb9ba48935	0.7676	M
1	>a80fb98a-fa65-9d80-442b-71e856f30e82	0.7347	M
1	>4b4862f0-0b33-565d-41b1-ed361ee220ca	0.6907	E
1	>5f6536d4-fdd0-2775-5fd7-0912233eeca2	0.6846	E
1	>dd79f3cd-1a48-0297-0673-898e92ff6f75	0.7412	M
1	>92461095-dc8e-2b49-6503-773fc0d11bab	0.7602	M
1	>a7e0239c-15ac-59de-c01c-3e1a27fe19e6	0.7827	M
1	>1356c7d2-8931-7802-56c9-262f8308101f	0.7974	M
1	>5ed0dcff-1643-c669-589e-8667bef9799c	0.7364	M
1	>b9c59b65-6993-6727-4fd9-e15738e8c597	0.7115	M
1	>f42a91bf-84a6-6cbe-56df-1e4eee699927	0.6939	E
1	>0ab7e4b2-e0d7-989c-6742-d9598c9d407f	0.7721	M
1	>5cc67a18-5c01-ae3b-4359-6fa6b0293c25	0.8079	M
1	>eecb559d-ba88-74ec-9d8c-1327ef404a66	0.7395	M
1	>598daf35-6b30-6b93-5d88-149fb48f4c1b	0.7769	M
1	>a698f9c2-b168-90d2-ad1b-674f633dbbe9	0.7553	M
1	>4cd56f50-6942-70fd-c700-63cc30163bd8	0.7545	M
1	>f850582a-3b81-d6cc-a4fd-7cb7dc3920c4	0.8024	M
1	>ab6c8ed3-e208-ea2a-774a-e34b568fd6a5	0.8334	M
1	>d6967741-2c45-6cca-9dcd-1b779ae28e08	0.7755	M
1	>3f905f4c-1121-5d97-b34c-2f62bfa8112c	0.7477	M
1	>278b05e8-b5f8-0bf8-a88d-c7ea56f0fac4	0.7673	M
1	>bfffa55c-4cd0-76f3-d455-c598398c9c6f	0.8188	M
1	>ee2001b5-1c7e-11aa-acbf-f5d893bcffb1	0.7738	M
1	>97448182-0dda-1fcf-d003-4b6a0473860b	0.7096	M
1	>fd5c519f-d5a2-9bb8-bf90-f83a0192d0cf	0.7857	M
1	>b130e326-5624-1c61-1d4c-7056c1b1cacd	0.8679	M
1	>2ac23aca-56fc-2885-40a8-b6364e4dac13	0.7273	M
1	>93040220-2a9f-5a1b-109c-521d1cd2a383	0.8105	M
1	>89d5ce62-970a-379c-202f-98db3cb01a76	0.7658	M
1	>623e708f-696a-c5b7-8d00-f2bbfe88127a	0.7783	M
1	>8e59c911-ff67-3fa0-5a65-c2eb6af22b8f	0.8221	M
1	>86aaab25-1864-0ec7-7c77-3acbae53a534	0.8172	M
1	>c4936bd1-dfc6-fdbb-db60-cd631ba03798	0.8072	M
1	>3a475753-0b96-38b1-752c-487fbbc726f8	0.8318	M
1	>b9de3dcb-b70a-94cb-3781-759c86a9a1da	0.6972	E
1	>75f9df65-a0a1-d1b2-07ec-cb51dd389d8a	0.6938	E
1	>2c7195e6-fa47-a8d0-a64f-6783df7385d2	0.7123	M
1	>6642b516-bc98-1577-0061-6a3c1b685cb7	0.8253	M
1	>95e7cad2-5c2d-7b35-f57b-ddfc8bd06224	0.6826	E
1	>19cfbfde-3b2a-e696-3ed2-d7d4a4196f49	0.7436	M
1	>14d67ee4-cd90-b750-4cf4-bde5344ef477	0.8360	M
1	>66cdc762-9d46-424d-7877-7941cf6e01b7	0.7126	M
1	>3d7d3fd2-e177-769d-494d-aa51d3916e88	0.7148	M
1	>2e735314-0593-0fc7-4ed2-aa03a6b93404	0.8112	M
1	>65de4abf-824d-ee1b-cc07-1700d1c39cc2	0.7057	M
1	>6343fa7d-d9a6-1aee-5e28-8d2524289d74	0.7618	M
1	>5d3f7387-32ca-745b-a741-a8583d6f1378	0.6955	E
1	>ee0c10c9-2bc6-a479-e11d-2ab4f7e13559	0.7858	M
1	>25d11776-edfd-b191-f163-59a1faacdaa1	0.8751	M
1	>33d640da-531a-243b-cde3-2d783d64e3a0	0.7778	M
1	>4fd41899-f61d-c484-cfbb-4446300c5c8a	0.7858	M
1	>65db7d8a-70d5-efcb-84b9-020614a699d1	0.7346	M
1	>869e0c8e-cbf4-9b54-e7c2-2cc850575b33	0.7488	M
1	>4517d27a-23b3-7eb8-3c3c-0a63761a7988	0.7868	M
1	>c39905cd-7ac0-8594-d1ca-075045fc22c3	0.7475	M
1	>d8e1efc3-73a4-18da-b908-62ad7cd93a6c	0.7281	M
1	>bb341632-aad2-f041-573f-475be55bbefe	0.7256	M
1	>83bcf9ec-6c6c-e0ca-784f-272541d3cd37	0.7563	M
1	>5be756b0-f590-3794-f440-16a8aab08cd9	0.8174	M
1	>30f38850-c962-267a-3ac8-9fe58e16d1a2	0.7551	M
1	>b8bb1271-9c73-89c0-bb71-27a6aed2a382	0.7175	M
1	>35e09c9b-9607-313f-e7ea-9df7ddaaf324	0.7111	M
1	>2b983456-7b7c-e2fe-9650-443e74373f0f	0.6958	E
1	>0f1f7017-d1a5-5f8b-86e9-23ebbb3134cc	0.8051	M
1	>2386f05d-e866-ba8b-1890-e9e33306663d	0.7382	M
1	>674f1d1b-097d-4391-0627-34094559f44a	0.6870	E
1	>399fdec6-4891-6fc0-7557-6d0d9855564e	0.8033	M
1	>30dff1f3-d9b8-c81a-9b67-30c0cf1596a2	0.7807	M
1	>e6b90ef8-5441-73f8-c446-75daa9f26c48	0.8357	M
1	>8792b5fc-f3ec-5fba-8d5b-38c290a8f615	0.7798	M
1	>a32337be-fc8a-da75-fe60-94b66b37d2bf	0.7054	M
1	>2d1af26c-bf1f-c729-3c61-e175a795344f	0.8519	M
1	>3ec4b2ba-983e-2ec9-18fb-cf145dff8dd1	0.7247	M
1	>06f82e80-c633-825f-4e53-054652dfc9e1	0.7397	M
1	>41e3fc2d-bcb5-005a-9103-f0081e230a83	0.7879	M
1	>e2506f1e-aacd-cb94-a86d-0f9eeeaf23ae	0.7379	M
1	>e2e13f5e-04db-d6d9-f6d4-d8dd0e229c5b	0.6859	E
1	>2deab879-19f4-34a7-4e3e-962ec9a65ee3	0.8174	M
1	>d8c86f33-4ea7-1714-1e44-83417655fbf1	0.7092	M
1	>f4441799-58ef-3240-1d08-9f55e5633979	0.7490	M
1	>13bd3271-0890-7473-d4bf-6aaefb8a1a20	0.7857	M
1	>f23e014d-38bd-2f6c-6e7a-5edb0b1e7d10	0.6944	E
1	>7d5e45ca-402c-fb90-29a1-ea386742e3d6	0.7315	M
1	>1f7cdd31-dd2f-ed14-c8dd-f32fdfc83170	0.6961	E
1	>bafdb262-ea85-2ee4-2304-718195e57fb9	0.7358	M
1	>424105fd-d279-78b3-99a4-7003697382bd	0.6863	E
1	>4903e2b4-95fe-714d-af62-6c67478f9313	0.8109	M
1	>b85c5837-a9d8-cc9a-1de7-04949d4e7c66	0.8430	M
1	>49d79df8-02c8-1950-ca09-d3044bfa4954	0.6886	E
1	>0e9a13ea-9175-8ee6-dbdc-7dfafbb2c3b2	0.8608	M
1	>1e3dbef2-e239-4220-ba28-83c1772e00dc	0.6775	E
1	>fa285e87-1825-32f0-e2d9-2cf81bfdd7f2	0.7991	M
1	>79a9380d-e282-84c7-b76f-c9c106cd515d	0.7833	M
1	>b84c7133-7492-fba7-1ca5-9f2fafc1a2fb	0.7134	M
1	>05b6a42d-acd5-fa4c-e9da-bb02fb6fcab9	0.6892	E
1	>579b02dc-4ae7-8d94-af56-a11a56803ab1	0.6907	E
1	>f7c852aa-75fd-0b9b-5b66-ecea4b510fb3	0.7104	M
1	>db73a0fb-faee-4d99-2a0e-809cdb60d50e	0.7844	M
1	>e1b1944c-f8d1-3e3b-3758-64c7c40792c5	0.7048	M
1	>5321cd0c-9106-7253-e217-e73807e57816	0.6804	E
1	>811125a4-636e-a7f4-75bf-8527aedc497f	0.7297	M
1	>a7fc4faa-cefa-e5e7-9bfb-7ce5762499cf	0.7866	M
1	>749bc28b-b9ac-e7e8-118d-9e1d21ca66bc	0.7193	M
1	>532d55ea-42d5-1438-8b22-d3f048cb3965	0.7477	M
1	>0c32aed5-c8b9-a2d1-1d37-43ca72ddc9ec	0.8354	M
1	>1349a590-64db-73d0-5acd-cf9f6f86b5bb	0.8739	M
1	>8e3a6da5-9aca-c4ae-593e-70fb8e6ff624	0.6873	E
1	>204ef54e-eea9-e93f-0b9e-9531ebf9fea8	0.8139	M
1	>5773ed03-7ef1-8153-30a1-76e3df0e3dfd	0.7413	M
1	>3bb729a4-2e7d-6ff1-0c92-ba29f729f5c8	0.7628	M
1	>847de62f-5244-e939-6463-7a904a9d5be2	0.7381	M
1	>dad6c7b8-43bd-e5dc-5cc6-0d90435a74cc	0.8102	M
1	>5a0e2f61-5345-b082-759b-edf4685c89bf	0.7414	M
1	>fb699e68-3e09-e1de-0736-5159859b7c22	0.6978	E
1	>9da52696-7c04-be25-0cd8-2ab865960449	0.7237	M
1	>44f8a706-3715-08c7-1e92-76b68f2a271c	0.8050	M
1	>1418d853-c18d-8436-237e-1366b0495dc1	0.7493	M
1	>780e48cc-28f4-4c2a-355b-134a7c7b245d	0.8255	M
1	>9cb81ec5-84dc-35df-5d06-5b70ffcb8b15	0.7302	M
1	>6836d3e0-54b0-c731-d572-8efe6d17126d	0.7350	M
1	>d9b76716-affb-d004-c8f2-501e7c5d7609	0.7717	M
1	>bf632dc4-60c8-c75b-6a2d-f09fdb4205ce	0.8323	M
1	>c6f651d1-4968-66fc-b532-53baff6ba2bb	0.8486	M
1	>af64129a-8545-be95-bcea-a59cd66dd00f	0.6962	E
1	>f4a6f920-73a0-a089-9a6f-0585b07c5e7f	0.7726	M
1	>7f5325f2-0fa2-e3ca-dc08-90a319cecfe3	0.7934	M
1	>8affe543-837e-2b57-e841-fc8754dc2fb6	0.7240	M
1	>ecba1445-0a7a-5928-1c51-4a4241f9f4ee	0.8138	M
1	>ebecd946-5891-3ab1-cf0a-e5b4675827c9	0.7565	M
1	>ec2face8-928e-f43e-7a87-814745ebfff6	0.7884	M
1	>8c4efc6e-6a9c-c519-380e-99ec1aa9c727	0.7073	M
1	>bd4ed818-efc8-5e92-0cbe-b4ee9fe3ba3f	0.8538	M
1	>183b8155-6874-8db3-b577-3553b27b1dc1	0.7672	M
1	>7fdd7ee5-6075-81b9-9907-dd1a371a9e46	0.7504	M
1	>7e8ef6d6-c515-2e23-0827-ed49aac356d4	0.7004	M
1	>dd362716-61b5-4879-ec9d-c593c12a7284	0.7056	M
1	>a68e97d2-d04b-a32f-5bbf-c81bf1bb800a	0.7607	M
1	>e87c43f2-7c0c-acb0-b228-396d2a592edc	0.7314	M
1	>b8caaebb-7014-9425-3d7f-bbff4e8049c0	0.7920	M
1	>6a36b648-3f7a-b277-0d31-26ebd74af1fb	0.6969	E
1	>d215d1f1-54a2-1142-c728-d8ee5b26363a	0.7816	M
1	>5940c52c-dbe9-ac96-d673-a67172896c2d	0.7485	M
1	>4684b4f1-68c4-b002-2f94-465822ef48f4	0.7629	M
1	>c175d5a6-a05a-68e1-856e-035a426d4403	0.7175	M
1	>aa4f7f13-d3b1-1fa2-98e6-6f80e0cfb9f6	0.7787	M
1	>75c1d811-4aeb-f31a-6443-94af9a45acd6	0.6846	E
1	>fdab7655-3c67-beb7-67cd-2de63101f327	0.8461	M
1	>4b28837e-8215-50d8-fce7-15b5ce6e503f	0.6823	E
1	>f5365916-e1e0-0543-bdc7-d93720764013	0.7403	M
1	>532d34ce-b4b5-8e01-9dee-0ce4f5f2bc79	0.7336	M
1	>4eb587d9-a4ca-5e3c-1901-47059b5732fe	0.7446	M
1	>04231f2c-af56-f121-cb63-e8b62353f7fc	0.8269	M
1	>c78a539a-a276-cc0e-11b7-9b1a0d440ea2	0.8243	M
1	>10c12f3b-d067-a877-7b31-ce7b05b6208f	0.7118	M
1	>d3d079f4-bb8d-5f4a-6022-16ffaa2f4c54	0.6793	E
1	>e3d84fb2-14ea-264f-9b8e-5252b5a1cc2b	0.7510	M
1	>9b88ed12-5df4-415f-ae17-571ca08de840	0.7214	M
1	>3e4ce74a-ecdb-c2e8-f61c-901330d4201c	0.7426	M
1	>8cefdb8c-b4e2-fab8-05fd-b50bd483e39e	0.6979	E
1	>e99fa440-ba1e-cb82-ef02-8d30ed0045a1	0.6925	E
1	>86e99065-b161-447e-f88a-76b828538a80	0.7849	M
1	>e064c334-fe9f-c9e9-0870-ca6fb6985d20	0.8049	M
1	>87396a0b-4be8-1333-f969-749d11f23022	0.6967	E
1	>4dcf30d3-ddbe-3596-ab4e-c5fca2950f2a	0.8094	M
1	>11916afb-4490-e8cb-71d9-a1d247a61655	0.7967	M
1	>b55e3717-4727-e78c-ee56-6f89ca78efbd	0.8005	M
1	>f2f47f0d-7499-a6f6-9210-b9467804011a	0.7208	M
1	>7e2a167d-910a-55c0-66e8-ae4de0a705d0	0.8146	M
1	>0c58a75a-2cf1-1ccd-44bb-0be5dcdf4871	0.7354	M
1	>73802632-2db3-a374-c0fa-3b39a5891e44	0.7528	M
1	>04e286f5-02d6-34c8-8f73-08f6276c6aed	0.7700	M
1	>18c9126d-fd88-b546-a71a-15e9f990bfbe	0.7797	M
1	>05aec5c0-de3c-5c39-f241-4e56caceee06	0.6934	E
1	>8e3daf29-0470-519d-d168-d4e3a1bcd2cb	0.6987	E
1	>2b20fa17-0dd9-9553-a14d-d0a68bab2bda	0.7779	M
1	>631ef058-4fc1-ffda-43af-62ab13e796b4	0.6917	E
1	>627766c8-3596-bcbc-cbaa-acff72ab9b19	0.8128	M
1	>86214303-7ca7-2286-231e-b85cb0212f81	0.7178	M
1	>95223a15-ac98-aca4-c900-83a7705d6de6	0.7019	M
1	>63625153-248e-1420-f921-9e6cabe55b47	0.7309	M
1	>303ce3ad-ef05-a8e9-5c66-2f038d782807	0.8105	M
1	>0661e6c1-e145-35a0-710a-2f1e4d1d83a7	0.7922	M
1	>bb5fe131-f82a-af91-a29f-460c70760323	0.8096	M
1	>8566c90c-6be7-4860-c822-5b73b374724e	0.7302	M
1	>756d6ea5-6321-1a30-8625-6dba1066309a	0.6892	E
1	>9e777bf5-be2b-f955-a0db-45ab805f44cc	0.7937	M
1	>8b32b2d0-248a-a7be-f486-3f60e09b405f	0.7876	M
1	>529aecde-4bd8-5772-fa01-9498654dd260	0.8346	M
1	>322f806c-2395-6edc-0ea9-27079ab5191f	0.8500	M
1	>d43de1cb-e04c-8c9e-56ec-2ab79fe2f796	0.6782	E
1	>bbce2e8b-90a9-5093-2a1e-ff8c85e1f060	0.8006	M
1	>04f86b5f-31c1-dde3-67f2-5a63853329d0	0.8200	M
1	>98ab5835-7804-bdc1-22a2-3e34db759dc7	0.7342	M
1	>4fe5846d-ffb8-4447-4db7-49d3eabae7dc	0.8000	M
1	>41ab58cd-f7a0-a381-6584-3fe9057b6b50	0.8311	M
1	>582d38be-8bef-b78c-73d4-3f6e9f6a8f78	0.7187	M
1	>51702b1b-5f2e-4339-f49a-75f4dfca733a	0.7785	M
1	>40214711-ac8c-ba93-c14f-409bfb06da37	0.7889	M
1	>bd24fe9f-c74d-cef1-35b4-81e9d833f116	0.7334	M
1	>de2b538b-3383-19d4-b62e-67d505de2da1	0.7721	M
1	>630506e0-188a-906d-f64b-8faf28e1f0f2	0.8577	M
1	>98dec2f0-7ce7-183d-caf1-a5701fd3e7f4	0.7018	M
1	>2cf4b027-aa76-013d-ba09-2dc58351ec04	0.8180	M
1	>02f0c745-e6d6-9d73-bc96-67bdfa64fcbd	0.8184	M
1	>b711ca15-aec0-7996-4dec-964ac8d786ad	0.7531	M
1	>4966ae48-247a-a86b-8eb4-600f8b90a71a	0.8421	M
1	>d3cd4003-5ab7-9973-485d-bf8bc33b6948	0.8134	M
1	>c720ff76-81b0-c7e1-9769-6e5726137a35	0.7540	M
1	>464819f4-bf99-a242-a8b2-eb8fe94c9ade	0.7841	M
1	>317d153d-9f42-88c1-0e46-23d078e9d8de	0.6811	E
1	>a54dc719-b07d-3a41-549d-3d94ade3ab59	0.7641	M
1	>69e3c431-57eb-da66-5ec4-e4a67f36bc88	0.8127	M
1	>e8fc8824-12f1-c2a7-495a-a7881d9fc94e	0.6805	E
1	>886c5895-a192-4a8d-1069-3c6ff47a35da	0.6845	E
1	>2cefc4ac-b31c-4aed-d8ee-c255bdb26602	0.7654	M
1	>603c20c2-6b0c-0db9-a169-621fd11cb829	0.7045	M
1	>d4b579c0-f15d-6d1b-f3b0-17726e7c47ec	0.7071	M
1	>8afea414-d63f-3c8a-28c9-850756d071ac	0.6916	E
1	>79eba158-a32a-5dae-68c0-817e237fc5cf	0.8353	M
1	>530834c0-f38a-a2a6-d6a9-824f46cefff0	0.7167	M
1	>d53fe58f-9934-d571-ebc1-44e0f4bbc624	0.7868	M
1	>2b360e4a-f9ce-1de8-a606-cf3c22a77d2c	0.8047	M
1	>11597755-6960-f9c4-fe13-bca2f1890cce	0.8482	M
1	>498b820f-37e3-a953-6e11-2ba82f85fae8	0.7469	M
1	>2b57aa23-a7a8-e56a-9b5a-d1f4dd71d2cf	0.7671	M
1	>0e92c61d-7290-9d10-c423-de02ead09ef8	0.7250	M
1	>eabf59d4-216b-beb5-7f29-2160169f4904	0.7978	M
1	>1cd58221-e273-a907-ac42-d9b75ae6db07	0.7056	M
1	>1f1c5000-e112-700f-2272-9b0a2bab6656	0.7519	M
1	>49367132-b143-9e41-493f-7821a1af06d0	0.7071	M
1	>9fb0c951-7819-dd41-3876-8b1707d03847	0.7309	M
1	>9b3ba05b-ed32-be02-fe92-720bcc8ec767	0.7313	M
1	>cb1970d7-1ebf-2a8c-9481-b51873ff6fef	0.7214	M
1	>91269de6-27af-a0f3-742d-6a40742a59a1	0.7221	M
1	>c50b9104-1f7f-f3e4-6bf0-c03162a3f487	0.7873	M
1	>0ef79809-2deb-9a06-2993-41532f91f6ad	0.7120	M
1	>707371d2-b3c0-e145-b0ac-d9e6ad9de3b1	0.7477	M
1	>3b75b6fd-0e9e-6cf3-7533-caf38b952974	0.6852	E
1	>fe060beb-aad3-655d-44be-8b54968ce713	0.7240	M
1	>2d3980b6-8521-e23f-48be-c4b2b33a0e6f	0.7276	M
1	>6455b5ff-f297-562f-da14-4648d26a541c	0.8356	M
1	>39459620-3722-247d-2eba-36fb4066594c	0.6875	E
1	>4e6ddc2c-91a5-99db-4ef8-b8874ae6689c	0.7818	M
1	>661d0bfc-1a47-6632-e85e-7225d4f01ff6	0.7611	M
1	>61086bb7-4881-5b9f-515c-052e9c45652e	0.7429	M
1	>b9ac5ff0-c5c9-2768-cd9b-f4c77c12d69a	0.8457	M
1	>9ed30994-41fb-9848-0d47-e7335af803d3	0.7791	M
1	>4204b272-39a7-4d98-d7be-95da130b5429	0.8416	M
1	>90f6abaa-1e46-6ec4-749d-1bbdbb0985ac	0.8138	M
1	>8d6ba6c8-ec4d-3642-b243-0d89dbbac8cd	0.8192	M
1	>8cc772f8-0d22-8392-5515-b20a94bfb8c7	0.7750	M
1	>edabef8d-04b1-285b-7981-256e93a6dcab	0.8364	M
1	>21e8ff4c-77eb-252f-8c9c-162f7278ff76	0.7005	M
1	>d3cc7861-5d4f-1c10-0ccf-13d2bf18bdfc	0.7260	M
1	>dcf01e3f-3db7-256c-cecd-a1178a6a48b5	0.8390	M
1	>7579faec-a49d-7db3-deb4-ad504b855f49	0.7184	M
1	>a7947531-6d4a-96f4-b996-12a8fb2eb559	0.7736	M
1	>a8b2d6c6-34ce-8468-6eb3-8e02b835b36d	0.7419	M
1	>181746de-1e52-6b99-5b7e-14864b6c25c3	0.7046	M
1	>d8d53146-52a0-8c3a-bf99-2b9914db3c4a	0.8105	M
1	>96baa3fb-c5bc-b3b1-6eb6-655ce4858211	0.6846	E
1	>0ddbc43e-da7f-4d8f-317b-719535e13e74	0.8082	M
1	>34fa6a7e-cecb-9d29-ac87-0dc401a75840	0.7297	M
1	>df598849-8f97-d402-960e-8e24a367a450	0.7767	M
1	>e42b8762-7478-51f7-b688-f6390efa8838	0.7157	M
1	>cc21ef52-4f7a-5f22-c58e-46f5d7903bed	0.8106	M
1	>45b99e74-4caf-8d56-76f3-0b4bd34512ae	0.7037	M
1	>37750ccd-cbe3-a8d6-b8b2-9e695818efd5	0.7726	M
1	>d1966d8e-b9c9-b9f5-68ac-c255c46bb8c2	0.8460	M
1	>172495bc-01a2-e159-63e9-1599c5582d7f	0.8098	M
1	>81465f9b-a0b1-60f7-ba7f-e22935b122e8	0.7541	M
1	>705fe234-2463-2586-878c-f73e2b8cef2f	0.7649	M
1	>56e3f4a7-e7f6-a115-847d-8ac7a53ee16b	0.7453	M
1	>1ac6e223-881d-77c7-f9a6-4c9a73ad3280	0.8006	M
1	>8ac6c037-2ff0-aed4-9ac4-ca55601dbb5b	0.6774	E
1	>0bf607d7-a9aa-cedd-bde3-9a7800bd1d34	0.8233	M
1	>894bb84e-e9a2-2d83-8371-75a2cd3a7b63	0.7583	M
1	>a970e37f-6d96-8f32-a299-66148b458b4b	0.7292	M
1	>5d3d5b3a-2a79-0bea-0e41-0df4ee19d23e	0.7802	M
1	>7a1c0765-d9e7-ef9a-5251-a643387b1213	0.6898	E
1	>fbcef67e-95d7-9a23-a8a8-914b2f170631	0.8091	M
1	>80f64c02-5731-25a8-8796-30d70d33dc57	0.8063	M
1	>23b7b282-a9dc-68f6-ce6d-069a95e98670	0.7312	M
1	>7b8867af-93f1-c256-edff-847a916938dd	0.7634	M
1	>f619d480-8b59-10c4-b10a-daac57883034	0.8568	M
1	>f482494e-020a-5b99-35ad-1e569731e95c	0.7513	M
1	>a394c662-6731-a205-d7b4-b97dfca2bd09	0.7977	M
1	>e4725fbe-2503-fa46-9cd7-f72d95897cd7	0.7632	M
1	>fec73b63-1bcb-c848-bcdb-06885b95b9a9	0.6983	E
1	>1319d6e2-4a52-2b0c-799c-b13a5789cd34	0.7454	M
1	>5c57d8de-e5c1-fd66-623c-cf4232af83d5	0.7459	M
1	>ff9cd843-5488-de9d-5bc1-6e8c9678611e	0.7995	M
1	>456ed363-09d3-63e5-7a7d-ebadb535a802	0.7254	M
1	>dd398ff2-0a6f-7a88-2ab6-0f880baaa8fd	0.7587	M
1	>2884e46d-601d-c243-2370-4e7bc8cd425d	0.6855	E
1	>5d155873-f755-5d64-6661-22efe5eb2b82	0.7781	M
1	>d06ff6aa-8e51-e1ce-ff62-b39ffb618700	0.6797	E
1	>2fb8fefd-ad53-b6ee-d545-8b108ff58a05	0.7560	M
1	>849ef7f6-f63a-ac30-956d-92c962cf1518	0.7777	M
1	>2deec5fd-06b6-6ab7-1d99-9b6435a66fc6	0.8265	M
1	>a82787df-4589-2e12-06d0-9b9f7b02de12	0.7500	M
1	>7dcaafb3-b2b1-5a8c-a640-509ffec69bc6	0.7184	M
1	>8870eb26-b324-f157-b0a7-1639d3e4d64a	0.7285	M
1	>ff2e8067-ef9d-6b0e-1103-fe5579385895	0.7287	M
1	>e29b8020-e57b-d5cb-cb96-6b22f179f34b	0.8553	M
1	>2b0cec65-3c52-973d-734b-098845a39072	0.7007	M
1	>9fc577f6-c10c-c97f-4839-53ff966ce280	0.7510	M
1	>8205b618-ba5c-b280-0c38-49fa8f43acfe	0.7604	M
1	>132fd167-7b7c-8b21-3ed1-6ee042a36448	0.7679	M
1	>ec29f879-4097-e62f-9748-4cde21be6ce4	0.7107	M
1	>ee076cd4-b742-a95a-a9c8-e3c2e4c607e0	1.0000	C
1	>f0a5ea55-b0b2-ca9c-ce26-f229a82bcdf7	0.7452	M
1	>2ce85ba1-2da7-b45f-7224-88ba4a30d603	0.6937	E
1	>7fb54dcd-bf46-3eb5-7fa3-ffe08b5cd5bf	0.7291	M
1	>bae1c3e3-4f67-8f75-bf3f-79be449f84e8	0.6851	E
1	>83955c27-c34f-a460-bb3d-6ee12a5aad53	0.8662	M
1	>616178cc-d1ee-bca4-6e1a-0c95a7a670ff	0.7607	M
1	>9b377000-e963-bcb4-7af5-63d485d312c8	0.6957	E
1	>764342c3-3b12-09f1-2b41-534f0f96d55b	0.8097	M
1	>a7491796-7da4-41df-ac3c-9826fa6d79a4	0.7839	M
1	>ad390a25-b7d1-dd72-a653-a0cfd8921b13	0.7533	M
1	>fc4e6d14-4d68-4706-788b-7adf11cdfe04	0.7622	M
1	>a09fab55-2633-6c83-58d2-23e4ea53b383	0.7131	M
1	>ee379dbc-d044-4398-d8bf-fa6135c7f158	0.6862	E
1	>e9db0189-94b0-d281-72a2-99cc822d8397	0.6922	E
1	>9205675b-bc92-5f9a-7c20-9d0f5c5f8f98	0.7419	M
1	>ea9736be-159f-c4de-4ad0-77c8e7a7e31b	0.7328	M
1	>480b245a-1180-4e55-8cb4-33cf672ac4fe	0.7575	M
1	>a9b57ef8-8a39-5723-f500-14b7425c44af	0.7430	M
1	>3211b6e1-19a3-edfc-8c00-782bb658f965	0.7642	M
1	>98c46aeb-bede-6455-ce1a-c3d476ec11d9	0.7133	M
1	>d155a519-e939-14eb-9d59-42cbc39a2abc	0.7537	M
1	>a23b8965-7eaa-9b7a-8490-2a46f41d926e	0.8036	M
1	>6c7f7054-45b3-593a-5ed3-fe56a8c79f46	0.7015	M
1	>cece66df-b8d4-424e-c38a-00a246cb37a7	0.8066	M
1	>47b9b2b2-6ad3-9d26-60ac-4cce3ebff2a6	0.7041	M
1	>0ac9b47e-94e0-655f-0b83-0afde29ca0d3	0.6825	E
1	>fa8c7a2a-634c-e2c3-e6af-a79e5ab03631	0.6811	E
1	>4924e4a6-842b-ddb8-05e6-8cd9d51d505f	0.7292	M
1	>7307ec0c-89de-bbb5-d59b-eb4856aa3c9a	0.7626	M
1	>d5bbdf51-4add-d9c3-0ba5-f6900c5a9155	0.7728	M
1	>b8815fc2-5a3f-d278-267b-7606b278b48d	0.7257	M
1	>73b4d6ef-87ee-5e8b-29c0-085a27c2864e	0.7281	M
1	>1cab0093-8829-a9bd-90b2-3990803f0a7d	0.7276	M
1	>7ef0c19f-9422-b4a6-fdb3-9095a9708c01	0.7542	M
1	>dd1451d5-abf2-dc05-7ad3-63796959bceb	0.8452	M
1	>81fd9101-9e5e-ce5d-1fe5-25a8eb479f8c	0.7358	M
1	>52c5bc11-7ad8-f46d-0717-6ff27946708a	0.6891	E
1	>2699ea2a-44e0-fee1-1972-f15c3cf3d6fe	0.7449	M
1	>26b98786-fe95-833b-f7ed-d73f968fcfc0	0.8126	M
1	>11afafef-2921-8545-2b40-80459bf3ad04	0.8073	M
1	>d370bba3-6d5f-b9fa-0a8a-047f5d5e562e	0.7002	M
1	>a922049b-b60b-af4f-477b-c2c7f41ebbe8	0.7776	M
1	>acce0af9-72c5-fba7-3590-47d3fb949fbf	0.7304	M
1	>349139a9-7b30-a7a9-bf31-bb272df7b8c3	0.8353	M
1	>5c5e7c65-ccb7-eaa5-6b48-5830f829ed06	0.7633	M
1	>6c6f8b6f-4895-8fe8-a37c-ee97c30c7a68	0.7306	M
1	>a555213b-df65-7159-62bc-b66528333a7f	0.8118	M
1	>8b1ed205-50a5-639a-df9a-00e7deb994b5	0.7300	M
1	>1af0d1e9-e7bb-8705-8fd7-71a410a9c1cf	0.7376	M
1	>8626ffe2-1b11-17e9-05c4-78cb1b22edc3	0.7368	M
1	>195e607e-2647-9cc7-d80b-2b6dd6ed155f	0.7332	M
1	>8219680e-ab71-91a1-1a92-0408b2ef0bb3	0.7210	M
1	>d6c7b0be-5699-f5a7-ea4c-9dae0eb8a9ba	0.7056	M
1	>4ed496df-7ace-6dda-0321-6b2e5a26cf18	0.7649	M
1	>8ffca297-3d22-d6c5-f1e6-4752d97f1034	0.7066	M
1	>98a9d151-a91b-0a72-9cd2-af4b65935345	0.8249	M
1	>88d630d0-a9ac-37b0-54b7-6235510d0569	0.6992	E
1	>0ed7fb12-0334-4fff-c9b5-ce405f039a7a	0.7549	M
1	>6258a20e-ae3c-ca98-21a9-b200ef0a7758	0.7072	M
1	>06980bef-1f10-c79c-5a7a-4aa5aacc1f5e	0.7662	M
1	>e2122df5-70db-1a9b-89c2-3261479ddc7c	0.7018	M
1	>4f4c08ec-ec91-d7d6-e200-e627a5e9819f	0.8444	M
1	>d781343b-2ec7-724f-d1ce-adcc093391f3	0.7460	M
1	>63350574-5566-9742-a16f-ab3908922aa9	0.7527	M
1	>144dd204-7efc-796b-3a74-9f935e350661	0.7943	M
1	>2e62f4d6-bf68-78dc-aa6f-fb607d20f7ef	0.8285	M
1	>3616898a-6c1e-ec04-3592-e9ed7cd00f3b	0.7675	M
1	>78441d21-bc4c-b723-1522-693a751a7892	0.8230	M
1	>c0835b32-837e-0719-a0a1-c7fc492ed9e6	0.7949	M
1	>d0d5f6da-0a69-fd4a-ec63-022800c5ac1c	0.7645	M
1	>42a9e55a-d9fc-4e84-1291-c29ad177d000	0.8552	M
1	>cefbe816-9af1-68ef-7b3f-6c75315b91e0	0.6773	E
1	>008e2443-13c6-dca1-8088-9d128581f59b	0.7185	M
1	>790e81ab-3a04-59bd-f353-968bd6d17188	0.7798	M
1	>63c1090b-4fa8-3cec-fee5-1f0d5c563864	0.7256	M
1	>2e1a03ff-98de-dcb7-6bd1-f3633f178725	0.8362	M
1	>4cec083f-4bf0-d18e-0f49-6c489afd8006	0.7455	M
1	>64094bbd-741f-b9f2-b514-e0a0527f0681	0.7250	M
1	>35d6e920-c022-6e9b-ab15-55bf4acff18c	0.8043	M
1	>cf3771b4-2f2f-a65f-c679-1730a30ccd95	0.6849	E
1	>0381366a-e529-13eb-aafa-0451e39af72f	0.7200	M
1	>d5b688b1-012f-198c-c704-93d6f6056a64	0.8227	M
1	>1fccc8bb-43e7-1d64-a508-3577a433c7b7	0.7888	M
1	>21ebcc2f-673f-28af-bb3f-e2b44ae5618f	0.8003	M
1	>4d4cc5df-9e4c-8c7c-8805-bffb977a98f9	0.7759	M
1	>be129efb-58ee-fcf2-f5cc-35270049522c	0.7362	M
1	>093d4f9d-ced3-2808-bd97-dadd90ba2207	0.7524	M
1	>ae9e2c4b-4043-3b35-d475-3b9d2cdf9236	0.7860	M
1	>27a67a44-3ef3-93f3-628b-d57466955363	0.7321	M
1	>e68076d3-7b02-f6a7-0d28-06128fbe812a	0.8214	M
1	>97df997f-edfb-cfe3-cbc1-d13284b04b79	0.8255	M
1	>19d0329b-7dcf-7217-ccca-2144e978b40f	0.7221	M
1	>bfd43408-8b75-fefb-c8ce-034ce0c1dae9	0.8449	M
1	>1ce95966-291f-dabb-9bde-51272a463cb2	0.7266	M
1	>14ddc505-9c82-61c8-61a1-9564d808c080	0.8205	M
1	>8a02b83b-ec91-0bd3-a01b-8c6d980bbc49	0.7655	M
1	>53005732-78b6-fb4a-661f-465735e0f1f5	0.8010	M
1	>899e7baa-db98-4fc4-62b7-9eb23126e388	0.7035	M
1	>68fd1b51-7fa8-41fc-5b75-c65304ba26a9	0.7229	M
1	>f9a41288-91f4-19a1-8943-80f04c3ac83a	0.6987	E
1	>5c23b3c2-3353-61a9-ba8a-9f889b032836	0.8287	M
1	>32553501-3769-1e66-bc57-61de0cab1655	0.8111	M
1	>711ecbc1-f9ff-794e-9f01-24d4797311e5	0.7766	M
1	>66c256a1-79b0-0c41-1cec-af3fe4fbdd31	0.7362	M
1	>b9acf144-790b-9ef7-fa99-3c943badd90d	0.7990	M
1	>475f85a7-1120-dd93-c7ab-8ce3f48d5aa0	0.6907	E
1	>c393704f-2334-a6d1-8df8-4569e497e9b3	0.7402	M
1	>eaadac09-6bbd-6ead-c563-dd7543fbfdc6	0.8572	M
1	>2387df33-4333-3f9b-c449-998e68c90e00	0.7452	M
1	>d74f5b70-f079-ce83-4c6d-0be89e5fe128	0.7302	M
1	>cf7d4d3e-1c02-3e99-c738-41feabe299db	0.7170	M
1	>5edc1790-7176-b607-f56e-ca5233915b0c	0.7561	M
1	>af8a038a-d77e-9d61-93a0-5dde4157b0b0	0.8327	M
1	>74c04e85-247e-5b4e-e212-c4f53ec73192	0.7272	M
1	>82fe113c-7942-84f6-db8b-189b9bac3159	0.7570	M
1	>5fa36fe0-a529-91ea-cabc-af8f8f9700a1	0.7997	M
1	>251dee51-6fc8-e7ea-7297-6a47dab10906	0.7069	M
1	>f3804f15-411a-6665-b7b0-50b51fd784ad	0.6952	E
1	>420c3ace-2ce5-c6db-8225-7769326b52c3	0.6953	E
1	>94da1bb9-c871-1bc7-73f1-53d5f6d97cc7	0.7747	M
1	>8fd4bf20-ef8f-b788-57e3-ed82a4d3d0b4	0.7533	M
1	>329cd625-56f3-e73d-422c-68cef722570a	0.7471	M
1	>3d58fda3-b419-ea72-5b62-d6ff31d5bc5b	0.6951	E
1	>76fc6848-4d06-2bec-b0b6-b392e6de266c	0.7263	M
1	>05f077dd-c7b9-9125-7a7f-92368294bf03	0.7333	M
1	>91ae3ff1-3786-7b60-e85b-8daaf9230e9f	0.7626	M
1	>dedec534-6cfa-6cd0-2524-936345521b95	0.7411	M
1	>65da5031-1fcc-aba2-cadb-6192eba9332a	0.7552	M
1	>4117e240-5767-8857-23d6-385452f81313	0.7628	M
1	>61d1506c-1192-7800-fc03-38d3fdfa2ef7	0.7068	M
1	>782e026a-f52d-0073-1f39-4773b06bbddf	0.7209	M
1	>0bce2647-c49d-15d0-b925-11b7b3d1124c	0.7002	M
1	>e4a13dcd-f592-3a81-89f0-367c6c06291e	0.7309	M
1	>86310e88-7554-9d03-5f6f-1724d33bf56d	0.7616	M
1	>928889f8-b665-41ec-cb8c-3c0030dc21ea	0.7074	M
1	>691c6a47-d3a1-ef29-e192-d2581c205e5b	0.7365	M
1	>ee3c4494-900d-8757-dc3c-2be6342dbbb7	0.8299	M
1	>9bccf40a-dd4a-bb6a-3e5f-faed23d832c7	0.7257	M
1	>0cd4a32d-50fa-4335-6800-a8cdc0d61420	0.7631	M
1	>ac501af6-6626-f806-385c-96f800535048	0.7583	M
1	>46ca38e6-2e55-35a4-447c-dac5ada295a4	0.7194	M
1	>5d92ee58-c97d-00a2-9597-89362431d9c6	0.8247	M
1	>856ccb1e-fdaf-7964-5f9a-d27921b61850	0.7246	M
1	>70d0b4a2-e9f3-1e6c-837f-72b1539d217c	0.7198	M
1	>45608962-95d0-d1d7-2e91-96ae8aae90ce	0.6985	E
1	>41458d2c-7093-2498-b33a-fd5e7a83a232	0.6857	E
1	>532f2c26-4d56-e31a-1dc2-61f06cc04af3	0.6981	E
1	>339936f6-0100-7403-83b1-c52fa6e37024	0.7091	M
1	>b4bef5bc-aa5f-744a-d6a8-fef82207426a	0.6969	E
1	>66c03db2-ae9b-4bff-0313-35240a7dca68	0.7716	M
1	>c2e293b2-e7b0-cd90-8410-68160eb8b285	0.8486	M
1	>cbcb36f0-2d22-c11c-f8df-4696133e4010	0.8073	M
1	>f77f096e-9fef-cf68-d413-f900b4472338	0.7208	M
1	>f24d57f1-372a-9b11-dfa5-6d03df40847d	0.7914	M
1	>94c04895-2fb0-9c32-703c-f1c6ecbf1bd1	0.8092	M
1	>87df3a7d-315e-368d-71b4-31371e17f148	0.8711	M
1	>f5cb5761-a26e-a929-4be1-ed0c54e8ac51	0.6829	E
1	>8b06782b-6b4d-4e98-f60a-d69305041a97	0.7788	M
1	>67dad1b0-6a09-b71f-1840-4cf589d5dc9e	0.7442	M
1	>835646a1-a6d5-f157-5e10-47dd77ad7c8d	0.7128	M
1	>39c42980-ad81-5ae6-1827-e9683b0b964a	0.7059	M
1	>fd70b229-036e-7b83-9674-78f0fcb5a5c9	0.7289	M
1	>edb384e0-69d7-713b-e743-c3197f3b54ae	0.7550	M
1	>d70e6089-1cb0-8d70-5e07-f76cb3d741ec	0.7276	M
1	>95b98c57-7188-9495-09a3-15a0ef3f45f6	0.6832	E
1	>27d4d673-31b7-7001-a939-4eed57e888c9	0.7872	M
1	>65132851-7c61-6c66-fbef-127c07fa4a34	0.7863	M
1	>02bdea53-d610-c4ba-cae5-54866f157e13	0.6977	E
1	>a65ea9d4-aad1-5354-8f04-b5126f37ed60	0.7255	M
1	>7a76f0da-4f4c-2c2f-fc31-6e77ed063045	0.7717	M
1	>f1b1968f-90b3-50c5-291e-c96fecd99214	0.8087	M
1	>c07e1d1c-47cd-2d38-ea43-3eaf8875c9b5	0.7577	M
1	>9cc8796f-f3ab-a05c-419e-ea3e3b0e4403	0.7093	M
1	>875be5d5-20b0-0b67-e418-5b51e113d3e3	0.8244	M
1	>675e2ae1-7d8e-7795-4e42-f8da20c1650d	0.8235	M
1	>83b140ea-cb0e-1874-0b30-3e1d053986b0	0.7007	M
1	>6779b292-b070-9a71-873c-4d398d3967aa	0.6897	E
1	>553c9208-d459-550d-3896-7d53971f928d	0.7833	M
1	>8e07753a-b28e-0374-bda3-e8122af358df	0.7994	M
1	>b1a0c83d-2767-3cbf-d17e-5dcfe1c99330	0.7161	M
1	>a691d387-1c63-3bc0-719c-6220fb072f64	0.7029	M
1	>d77bf2c9-67ff-af24-1488-53e29c889582	0.7434	M
1	>7b1bd379-3fff-6cae-05c7-f1d93aa9ccea	0.7419	M
1	>e2a21ea7-197a-c988-f729-7e335e259129	0.7696	M
1	>b3592e82-5fe9-f6aa-e154-793bd1e96c92	0.8328	M
1	>f0460266-e188-5307-0026-2f8fc1f01b4e	0.7933	M
1	>a68d6374-6b23-6300-0b82-a6868a63e9fc	0.7647	M
1	>29f08b94-9b99-7882-369a-4732435e77d7	0.6920	E
1	>ae77c9e8-8b7c-7438-d600-f0fc6497f8ea	0.7242	M
1	>11de44ab-2ed5-5c71-7d72-bf540c0cc2b2	0.7699	M
1	>555c0fe4-57ae-4fa8-e35c-b543affaaca0	0.7583	M
1	>b2d71064-e28e-6e11-4850-46f0cf647d31	0.7769	M
1	>c64eaefb-af09-332a-b280-c5ba84379ecb	0.8197	M
1	>55bc95bc-d9f2-d818-def8-b8034b5fc5fe	0.7938	M
1	>fac0172d-e73f-51b3-a28e-4adef09fcea1	0.7412	M
1	>173582e9-db10-cd2e-c99d-4c1d062a0027	0.8260	M
1	>3460f4ac-ed3b-1a59-2806-a7aad778c0b1	0.7790	M
1	>00adb7bf-5e2f-cd71-2d3e-989375aad0d2	0.7116	M
1	>aba0e09c-abf1-e235-d3df-8b65a29f24ed	0.7121	M
1	>705eba3d-4838-9049-f0a2-a1aae94a067a	0.7172	M
1	>992f3133-9215-a6ec-097a-ae4cb24b9207	0.8354	M
1	>533dc852-a765-9744-99fc-568dea7791a6	0.8140	M
1	>d62cb744-cbb3-33dc-d560-5c0fc64f8489	0.7660	M
1	>9bd50171-76e4-0a49-8690-d520749e9fef	0.7717	M
1	>57e626f7-56c3-76fb-442c-c77fe48a71f4	0.7680	M
1	>4a58bede-fa9c-ae67-bf43-b759acfb9603	0.8049	M
1	>c135c2b8-11d5-2c3a-b391-df6a5f6e0f32	0.7561	M
1	>adf2f677-19e9-1304-c9f6-8106a9a2afe6	0.6860	E
1	>ccb1896b-7c4f-1e84-fb76-4a8671905b6a	0.8209	M
1	>bfad8a2e-91a2-63a7-5249-4cba0cad1cfa	0.8346	M
1	>905bf6f8-e741-8771-b659-150f5deed63b	0.8107	M
1	>2ceb62e5-9733-848e-9653-c77c260d0032	0.7553	M
1	>09187d98-4363-1b0f-fbf6-2a4d1c83f1c4	0.7987	M
1	>2a33fae6-d63b-847c-1560-c2205a17b2de	0.7916	M
1	>3b3ab8b3-0dc7-f254-10c7-d48560d339d5	0.8386	M
1	>c8585fe4-f533-e651-a8e9-31500d9c9a61	0.7993	M
1	>341b4e50-dd67-1765-6a7a-8ca6d72e2411	0.7132	M
1	>29908087-96b0-b81e-9987-6b5dce59fd88	0.6905	E
1	>3df95166-e8f7-f96c-be35-b3586b24055b	0.7476	M
1	>d4cdfbde-936c-4439-f431-ebddedc6ed14	0.8484	M
1	>3c95ba17-7924-4253-4a06-a16c9c0f6f70	0.7082	M
1	>cefadab2-1fcc-e9cb-864f-17ccf4fe0697	0.7175	M
1	>65822291-239e-9343-c49a-73f6010824a6	0.7236	M
1	>13dda6f6-c78c-cc06-8953-ebcc262eff41	0.7163	M
1	>ec63445c-4517-0ea6-a284-162bf2098971	0.7344	M
1	>2b3ae7b5-c2ca-1dbd-5492-f8e0ecd640c5	0.7508	M
1	>6239787d-de99-a00d-eb35-c48b9c912c3f	0.7711	M
1	>41607aa4-5632-cac7-01df-e9e1d18fe658	0.7015	M
1	>86764022-7686-8954-aac2-c8bb7f42ef60	0.7821	M
1	>f9cd5792-1aa4-418f-a719-0c6d0aae4c90	0.6981	E
1	>045a0ee9-5372-12e6-d9ac-3b7ae9841d4b	0.7043	M
1	>f16fdf89-a267-7b31-95a3-02205c895e97	0.7705	M
1	>3b142a94-9862-b4e9-634d-effba0faa52d	0.7562	M
1	>60c2ecb0-10d7-710d-e0d1-a735fd3ece81	0.7217	M
1	>81b41cf5-c208-632f-6358-97dca1b8dae0	0.7971	M
1	>2b7cc600-2080-d81e-d316-5301a78a737e	0.7733	M
1	>91d523a6-b61a-74c8-f4f3-967e1b8bc989	0.7344	M
1	>697d5489-b022-73a7-117f-cfe258b64747	0.7936	M
1	>74279401-d168-c68b-7f22-5312970cf946	0.7229	M
1	>52369227-82a8-fc81-3259-30024ce34015	0.7299	M
1	>5557f06a-dd43-810c-8380-def835aa11d5	0.7848	M
1	>226bfa03-3d81-76b0-a883-345c8358a9e6	0.8062	M
1	>23d9d8ee-017a-3fe5-1d1c-5fcca21760cb	0.7212	M
1	>5bdf8ee6-5a45-6aa3-3241-3acc8bb2e621	0.7062	M
1	>2215d636-437d-9215-1971-6d7dcf78dd4a	0.7557	M
1	>566fe00a-7e60-6ca8-0748-d760ee0df794	0.7371	M
1	>01f0cdc6-a8e2-da7a-3d21-5718fa6e7d76	0.7997	M
1	>12ab5306-4729-3b5b-28f2-459280c3967e	0.7862	M
1	>2025aa05-516c-8b21-ef21-b3b2535b99e3	0.7023	M
1	>741911dc-1203-3ac4-0974-c9360c611cc0	0.7398	M
1	>37dff13e-75ec-c156-eaca-95080fb5cb3f	0.6939	E
1	>1ceda479-9721-5fe1-c4a2-f0aeb86d82c9	0.7498	M
1	>39436ee4-e71a-a77c-2d43-498be5a18567	0.7730	M
1	>dd605784-b6f2-c55d-534d-38b2532ef591	0.7291	M
1	>6363a195-00a8-4163-2b2f-0dd19710fbe1	0.6909	E
1	>1dd74523-56aa-a6a3-9bcf-435749cc165a	0.7545	M
1	>1943a583-5b23-7c5b-0a73-4d3aa8c0e3df	0.7531	M

2	>0c6accea-08b2-082e-10f8-ffeb4962b74e	0.7066	M
2	>ef2a74a5-d40d-f055-5a53-cf4c1643cac5	0.7556	M
2	>9f433fdf-25bb-0b91-6bb9-92c63907eac5	0.7500	M
2	>ec5f9b30-0fe2-5fb1-3644-1d99fcd54db1	0.7705	M
2	>5ae91a3c-81e1-5f70-5a66-06b1d9e51179	0.7606	M
2	>a3ce54d5-0639-dc75-bea0-59c292347aa7	0.7435	M
2	>d31fe5c8-148e-1e5d-934f-62658d620d85	0.7005	M
2	>1d2317f7-91d9-d800-a4f7-1880ab1cd354	0.8379	M
2	>0590788c-e95e-5b0f-8fc4-cdb3500a152e	0.7981	M
2	>a52c85d7-ce55-7c6e-f953-4d500c6c22a8	0.8531	M
2	>843890e8-fcd0-cada-ce7b-6ea05e6fcf95	0.7347	M
2	>5acc5d58-03af-668b-7dfc-b07a4b2ecf97	0.7572	M
2	>4e9a707c-1b6b-5f4b-e8db-adc1ecb4fbbb	0.7119	M
2	>62e81d9f-eb6f-d485-16ad-1212b0155449	0.6802	E
2	>bbb562a6-370e-6d88-10ad-e97beb6fec6a	0.7377	M
2	>8699e365-a0a9-58db-1a72-7bfbe897ad51	0.7512	M
2	>a0a6e87e-5459-e77d-8b0d-e71f8c1a8a00	0.7061	M
2	>ef07578d-77bf-f565-4b7e-c33cf2c83851	0.7826	M
2	>cc2ea3bc-caf4-275c-eb65-652604ab483e	0.7116	M
2	>0477092c-773a-bdf3-e8f6-15e1687047bc	0.8227	M
2	>29f852e0-f778-558d-23f1-f8b53c2776da	0.7708	M
2	>61539cb0-466c-22d2-1221-517f6633e17b	0.8645	M
2	>9d80ccef-516f-fc92-24b7-0f76fac286a7	0.7951	M
2	>7ef47254-ad70-5545-962b-44b6a3918afd	0.7516	M
2	>455de06c-2f19-f4c4-885d-24a806f8f4c3	0.7765	M
2	>42ba7d24-af0e-5e5c-300d-0984c6a5064f	0.7462	M
2	>06d62c34-a610-dabc-c45e-5e855283e49b	0.7062	M
2	>553a8c40-2d4f-7f04-6f98-7665da12d472	0.7092	M
2	>076109ff-3f11-b4ec-4e79-85e8f7a647e2	0.7361	M
2	>01cf281d-8dbb-d61e-5274-3840fdb6a5b1	0.8527	M
2	>ba36f714-5a41-d756-17d9-aef7f8d53a3d	0.6853	E
2	>cef66866-4ad6-8de6-1cfa-7f6e5348d96d	0.6785	E
2	>6ba1369f-05af-3fd5-16d4-a3b84826689f	0.7203	M
2	>15b084ff-d3fb-a871-960b-dd61e81249b0	0.7065	M
2	>a8500d1e-dde8-2141-2268-d73e7ba333ea	0.8355	M
2	>415cb043-59cf-84bb-ed39-a5ce2846e796	0.6867	E
2	>fa3adb81-bf30-ad45-5190-d6e15aee1c47	0.7593	M
2	>2c7c638a-df59-500c-5917-3e906462240f	0.7437	M
2	>e8f240fb-b8a9-3f26-37ce-4be0bef57c10	0.7297	M
2	>91401ee1-8438-4ec7-4126-d8ed050b753d	0.7557	M
2	>b1698cf9-dd01-9219-4caa-41844677b40f	0.7395	M
2	>521b2e04-32f0-f66a-5408-bf382167da78	0.6855	E
2	>36ca17ae-ae85-da65-71b5-d8da2fec3982	0.7791	M
2	>590ea0ce-5de3-c303-677e-4def2e85e65b	0.8188	M
2	>534e071d-7f6f-21ac-4bfa-d984340cf1dc	0.7000	E
2	>861253df-2922-533f-8861-c4dbb3ab904d	0.7333	M
2	>6f25357f-5d1d-3a94-56be-55f16b410e51	0.7723	M
2	>a2b5373e-0b25-a869-c83e-073083d3632e	0.7619	M
2	>724027d1-7b67-f315-40a8-9a619fe86395	0.8576	M
2	>5beb4a1e-298f-be15-70b5-35c642de31eb	0.7869	M
2	>d89712c5-179e-8f21-231a-6f24a0135c43	0.7612	M
2	>c0b9e2c3-15e4-e7d2-9c52-1fc256cbef0c	0.7222	M
2	>1370bc98-ff27-226f-a8d4-664111bf9ad8	0.7732	M
2	>bebb8475-97c6-1bab-6610-a9ef55975f70	0.7662	M
2	>ceb4c283-2517-04ca-9bfd-aa995213b20c	0.8018	M
2	>5eed85d4-801a-b193-2293-10cf83443ceb	0.6873	E
2	>4d9ed824-1528-eda2-c8b5-d09481cf3e21	0.7501	M
2	>90d2736c-9693-6835-a687-411e596cc89b	0.7332	M
2	>dca298fd-fa9c-9ac3-b285-4f151a676280	0.8465	M
2	>6bd976e6-4ba3-ebf5-eee6-bfdbb36a0cd1	0.7180	M
2	>b13863b7-1c81-e072-8898-df3d11c42f7c	0.7593	M
2	>d18f26dc-4bfb-010d-6938-4c08d690f549	0.7039	M
2	>54d39f45-e359-6931-ef7f-e5cb1d6150ba	0.8218	M
2	>8f88d335-5b14-655f-aea7-1dcb531eef06	0.7623	M
2	>cf0da109-4f74-4b8b-026a-360986faca4a	0.7630	M
2	>68df07ff-1ed1-2694-0235-eaa1b063ba3c	0.7744	M
2	>97eb9135-4b36-e3f5-15e4-ff244f71f1a9	0.7880	M
2	>ac15f6f5-844c-e729-c36a-7bb3f47572c0	0.7779	M
2	>7c71d039-d025-df2a-15ba-0d4c77963c01	0.7342	M
2	>3eee5c74-5f20-57b7-beeb-b929dd003f40	0.8269	M
2	>0b631281-bd4b-b780-a9ef-26647828b387	0.7408	M
2	>76b3a212-6242-4698-0b26-81cd78adbb0b	0.7016	M
2	>63f3a115-d47a-dce9-c29e-bf0838291f93	0.8683	M
2	>9dace49c-daa8-64a9-471b-61b7a107ed0c	0.7026	M
2	>94a83384-22f3-f34d-ab22-eeda52a34891	0.8236	M
2	>4f0d4dd5-f9ff-4e60-def0-1f43b78772af	0.7255	M
2	>c199d64e-9a12-4bc3-d84c-9d81bae4e537	0.7353	M
2	>8e0d5a35-474c-c424-9b4e-0f002277c58e	0.6904	E
2	>3c77e547-4b10-56b2-6a0c-44fc7c73ab1b	0.7366	M
2	>d0ad2a6a-8bdb-9a1c-5b11-426d588eb2e6	0.6871	E
2	>b556e928-ac53-3e4e-14b5-bb1f5a56a7f8	0.7366	M
2	>0bb531d7-7bb5-e63f-ca5b-ef89795cc530	0.7316	M
2	>1719e29a-8aba-4a6e-cad7-a7ec3785c191	0.7584	M
2	>d33e9235-16d3-877f-f67b-3c61520cce02	0.8190	M
2	>af35a920-6e11-230b-30de-670dac723b22	0.7646	M
2	>8297903f-4e25-0d73-08eb-10b7ca00984f	0.7319	M
2	>ac30fbe3-e1e8-3e46-815f-68977ba4888b	0.7845	M
2	>fefb6b33-9a7b-689c-3987-6705deec9819	0.7506	M
2	>aca5980a-98fb-a568-de7e-7330d6000266	0.7726	M
2	>97857765-9123-07c6-a6e6-898dd2196294	0.7517	M
2	>578428eb-955b-c2fe-36d3-213f3ce783e8	0.7251	M
2	>971e775e-aeaf-d3e8-2eef-d321839310ec	0.7152	M
2	>9a8755d7-c246-0d1e-2210-2e25eaf75694	0.7809	M
2	>6d55c51a-56ca-df18-18fe-12fb0717c5d4	0.8174	M
2	>8c87815c-85de-0a02-2a9e-700021e1c7d7	0.7400	M
2	>466e7a9e-7f92-cdef-46e1-1ca875865776	0.8355	M
2	>8b8ed1fc-d835-eb4a-2a49-dd97e4cca38a	0.8194	M
2	>e1bc3a08-ca13-11dd-1501-8dc82adc85c4	0.7357	M
2	>ca604300-76a5-9531-e52c-f789c0261c46	0.8517	M
2	>150f0f9f-f569-2d37-ad6d-44cec1733c03	0.6975	E
2	>f0f480e2-5705-73dd-ebf5-c3599c641c4a	0.8526	M
2	>eadae613-b40f-82cf-ef55-cf4c594dbc6d	0.6864	E
2	>d4fc1169-bd97-8d41-a431-bc7bea545fc9	0.7676	M
2	>70789910-8426-4a76-e7c8-05a43e45e5bd	0.7157	M
2	>cd67f787-9ff9-4cea-bb57-fbe0d70b5aff	0.7936	M
2	>15d1aa7d-0542-e1e1-0cf6-01e986d374b8	0.8127	M
2	>d2d37241-1730-dc30-086f-62e0d6a211db	0.7430	M
2	>64354d2c-763a-95d8-4c70-4c351becee63	0.7303	M
2	>61ec59e2-4ebd-2ee2-5a4a-758792cef117	0.8475	M
2	>76af8f21-66f4-6113-3c9f-b54386b2879b	0.7094	M
2	>311d4847-75fc-29d7-820f-ddefd4c6b05b	0.7591	M
2	>cdef19d5-d7d2-17bb-6686-ca5adb48150b	0.8421	M
2	>1ce99437-5eb6-5a33-6da9-22a558eac465	0.7479	M
2	>72e822d1-82ae-af5e-ca3c-c358d9f6c5a3	0.7575	M
2	>e02f95b6-eef1-dfdf-4dfa-7093ce7c35ce	0.8202	M
2	>9b07885a-f052-6b82-1aaa-830536d7421b	0.7816	M
2	>3c451e6e-a76c-8bba-a38e-573563e7b22d	0.7499	M
2	>5eb9d37a-9a98-1015-648b-64770608448c	0.6940	E
2	>dff149b2-6539-cb17-01c7-5405532d4ead	0.7894	M
2	>22766464-7ab8-d436-e46d-11813b831c54	0.7720	M
2	>55065353-b3f5-71da-5500-b0f41b16313f	0.8590	M
2	>a312d827-494f-1d85-3e32-35f135afef44	0.7294	M
2	>b822879b-1c04-733d-61dd-57a36f529e25	0.7673	M
2	>6adb6ac6-d293-909e-c0c9-a6cc68142661	0.7251	M
2	>f60dc75a-802f-d5a5-98b7-5857bc3e5383	0.7882	M
2	>bbf586e1-835b-bfb3-2607-e0ff3ece98dc	0.7492	M
2	>65b33ac0-1019-3697-a2e8-e163a76a64a1	0.7860	M
2	>9973aaf9-91cf-245b-a5e7-40cea66d9d86	0.7515	M
2	>638e31fe-a567-7f29-5132-291ee47c4577	0.8155	M
2	>f97b58e6-c009-b041-1289-d80c9606d213	0.7365	M
2	>e270c4b7-e828-70ab-9b48-ee4478fdbb31	0.8170	M
2	>2c389690-2982-1713-f3d0-66cb8ea7f891	0.6854	E
2	>b0c67988-a9e9-f976-d907-9b5aa28c542a	0.8096	M
2	>f286a66b-b888-487f-a4f9-94f08b5c3c05	0.7627	M
2	>379d16c9-707b-11d2-0274-6aaba4a8468e	0.6990	E
2	>0b379e57-bed0-fcee-9e7d-f888066a62ef	0.7754	M
2	>b8971ccb-479c-9a39-1c83-532fd94f78c7	0.7279	M
2	>c070e99f-ca9e-42d9-c003-0580d815dbdd	0.7808	M
2	>41f8dce7-f3c7-4d01-6c77-036386ab92bb	0.7499	M
2	>afb56485-4cc5-cc55-9cf7-f5ebd325a133	0.7060	M
2	>66b7c82e-32ec-4bb3-ca87-1bbba83cc186	0.7604	M
2	>c9b71423-78f1-04de-f794-f7f9291501e1	0.7344	M
2	>76d23345-2805-4738-1406-794b01ad180c	0.7299	M
2	>10d39fc1-49b0-26ef-a0b9-b424fb65d27b	0.7180	M
2	>4f82ed05-1b57-9432-bd6b-bcda1b5f60c2	0.6955	E
2	>766fb2e6-aba7-7fb6-0eaa-734fc459a120	0.7384	M
2	>20df4af5-c951-b5a1-906c-bc97b1a43ea2	0.8022	M
2	>3d2b7a2c-26ed-8ab6-9ab6-867eda877360	0.7350	M
2	>8b4db66b-e96b-1f81-5f38-3667a3063e56	0.8245	M
2	>0e71da9e-e268-21bf-0bb2-f045eb15c166	0.7612	M
2	>541ac0f5-f90a-7934-8100-0d41d5502a12	0.7467	M
2	>fa86260c-edfc-dabd-29e8-3c2301fb44e9	0.7593	M
2	>ba28d8c7-af45-e4eb-0e64-52e88051c066	0.7338	M
2	>515e6797-b5dd-c60f-1c8b-4d3dc4b893e3	0.7627	M
2	>3110414a-f1c2-e942-724b-d7e38c1425eb	0.7328	M
2	>05b87147-20bd-7a56-6ebe-ab81bde788d7	0.6810	E
2	>5d357049-1583-5bc7-436b-2924727a758e	0.7424	M
2	>6a77c187-817a-310e-36ba-eb1314e4ad6d	0.8482	M
2	>d675ee44-4a55-3a5f-a9af-6943659aff77	0.7305	M
2	>ad4fb21b-e761-b06f-1e44-0704356c74c4	0.7260	M
2	>5f9488d9-f947-547a-6e9d-d36ed3a5f56b	0.8466	M
2	>2a0cd2cb-bea3-8529-d058-fb2ff539870b	0.8282	M
2	>f67e5be8-ff8c-f57d-b3bb-e967850b4a9b	0.7163	M
2	>754e164b-1b10-ca37-e0d7-440471b115c4	0.8047	M
2	>7b388b1b-2333-c43d-4c7f-1902acfd1909	0.7348	M
2	>3eed68b9-66fc-b314-d7b9-0447d602947d	0.7025	M
2	>c6a1534e-fe65-0a51-1d48-781a4a02a259	0.7136	M
2	>10302d23-3fae-7e8a-7017-57bdd1f7afff	0.7719	M
2	>04155c68-533d-d9de-307c-bb7a5d4e9155	0.7088	M
2	>11d19a96-277e-41a4-e0f4-1c19fb8dbf99	0.6868	E
2	>cdf07921-1413-e9b7-489c-36e145acaaa6	0.7356	M
2	>6891258f-c44f-c32a-c2c7-117dfbe67272	0.7644	M
2	>094db4c8-4dc6-e0e0-eb18-33ac20960c16	0.7866	M
2	>76232e0b-126a-09c9-7314-1318f0fcacc0	0.7411	M
2	>ea7f5b02-f140-6669-e199-acd6df6e4c5d	0.6880	E
2	>7431ea18-bac1-eebd-ce0c-7b083c19ef5f	0.7329	M
2	>63c75838-9d6b-de00-8cad-81c94fdddce9	0.6877	E
2	>25c14053-3f17-209b-80e4-77e5bc9e12f9	0.8388	M
2	>8b5fcc18-ead2-13b2-6d3a-d129e9e0bf33	0.7708	M
2	>0bc01b44-6dce-a8c9-98ee-fe4ac37dd411	0.7090	M
2	>40a1caa6-e3b2-207e-103d-fbe2750e6299	0.7464	M
2	>3b67e6d1-d8f3-550b-1cff-1d1ec6551d16	0.7075	M
2	>0a4957bd-eb7f-06f5-eb49-d3d2d6d80d37	0.8484	M
2	>e7744b20-471d-5f61-6d59-3e7284630f71	0.6964	E
2	>552efd97-d0a0-f2f8-1e0e-9c44f3fec585	0.7487	M
2	>603569b9-72fb-9f30-522a-1bc20d916a25	0.6883	E
2	>6b83bdfc-401d-611d-a463-5a152f36d6b1	0.7262	M
2	>f4c047b1-dfb7-66e4-0d66-6818107cd9ab	0.7788	M
2	>408c9e7a-4eeb-dae7-3d6e-741a2bfdb20e	0.7343	M
2	>b68bd184-3586-67db-ebf5-21db768d0411	0.7337	M
2	>1b6c02c8-9df4-271c-bbc7-dcae4334f670	0.7507	M
2	>f245c32c-2854-640a-788f-7e78a123b2e3	0.8476	M
2	>683a7536-1106-9e12-9ada-4ce02b98232c	0.7016	M
2	>0487fac7-c4f8-776e-f2dd-71a89c481493	0.7162	M
2	>59c4c488-834d-95fa-2bb7-a38e528ce193	0.8074	M
2	>bafe2678-8bf6-f4b0-2266-03f48eea0d4e	0.7487	M
2	>837ab8e2-3f6a-23f1-058e-23627d4f24b9	0.7023	M
2	>640719cb-87aa-63fe-e343-3161a9eb3764	0.7832	M
2	>32f9f3a5-0ca1-ef72-302c-8ea423e068ba	0.8169	M
2	>1e0e881c-6bfc-483f-cde1-5b021db80d32	0.7748	M
2	>f6f6410b-d92e-dd84-9b8e-d33fd9837b16	0.8096	M
2	>21fd6a16-baf9-8ab0-f596-ba7a54d22bd1	0.6948	E
2	>ffbd1f77-7ae4-11b7-770b-f28745707f31	0.7313	M
2	>75a10c24-ae7d-9dea-8947-7991ee589d36	0.7111	M
2	>0efbce32-31e1-a332-3e02-70cf33d18058	1.0000	C
2	>ff8fca10-14e4-6c6e-cb0c-fdf1baaf3a64	0.8015	M
2	>3429279b-64f3-9417-d21e-0f365a09fdd4	0.7459	M
2	>fc50f3db-65b5-f05d-b304-2c634525a3af	0.7099	M
2	>8cb2cc63-453b-f2b8-bd64-82eaa2ac52af	0.8496	M
2	>b9a62b60-ef49-9efb-fcca-95abdc9df246	0.7271	M
2	>0315f94b-3dd6-cdd1-68ea-e2a8117b4f2e	0.7869	M
2	>78c566e6-d1c7-522a-36a7-8755e4570c37	0.8167	M
2	>33bb792f-bfcb-87d5-e169-42d44ae346bc	0.7541	M
2	>b828909c-71e9-80ad-93da-f55b45b3b222	0.8207	M
2	>4f40029d-3c58-a651-c646-bba27d8fcecf	0.8112	M
2	>cfc18343-da81-b135-8945-226ee7ce68d7	0.7917	M
2	>93bead00-0c09-1588-b558-b07766997cb9	0.8017	M
2	>87e12ad2-9319-d465-0f5d-d7a0dea7e2b5	0.8529	M
2	>b3caaca7-d12f-a920-1411-e48085e1547d	0.7593	M
2	>3afff9af-d4b9-6cb2-9158-6eb244cee8eb	0.8055	M
2	>a2096f16-9e06-d744-17bf-7731384441db	0.8297	M
2	>0a06d2e5-5773-aa4f-2c39-14a505a8eb0d	0.7583	M
2	>a53f2f0b-aff6-164e-da87-262398cb2926	0.7807	M
2	>b14602b8-4329-98e2-e1fe-fe5e8310e6e9	0.8254	M
2	>e780448b-d386-38ff-bd54-ca729f118123	0.8381	M
2	>7eae9304-d529-5b18-78a0-bb24b3853fd5	0.7629	M
2	>54ba6390-3216-874c-7bf1-139c04571deb	0.6936	E
2	>1e6b0d25-4dee-e8e3-571b-df422e0d720b	0.7694	M
2	>8990ce98-68f9-649b-17ff-2a023e55dd0f	0.7796	M
2	>40b1bb13-f0e5-50f8-50b6-79b32933e22b	0.7234	M
2	>5f9257ab-6fc6-9860-5d3e-28c626576b80	0.7238	M
2	>1d0b4ed7-f550-c2ad-2279-8adff8318f4a	0.8132	M
2	>a838e3cf-9f70-19f5-f27b-b2361aaa7ed7	0.7546	M
2	>d786f689-335d-00b0-0644-a6a821c263ca	0.8326	M
2	>addcb873-5ee9-89b2-6adc-1112cf43bf69	0.7004	M
2	>026f13a5-94dc-11bc-9045-9d3aa2488781	0.7366	M
2	>47478dc8-9d26-005a-2924-e767b4e280b1	0.8042	M
2	>7330ef6a-3464-d272-51cd-c48646bcd4ff	0.7565	M
2	>63a7d080-3553-b0ef-cc89-642f3d2556d6	0.7403	M
2	>ac093d2c-5c66-815b-2da9-d3a376144ce7	0.7530	M
2	>e3311021-f2f2-aa6f-cdf0-6ab7e37b424b	0.7914	M
2	>73a2ca7d-a073-a50d-3a77-fe7d57d27d1b	0.7027	M
2	>0d3db7cc-a3d0-e93a-54ef-fbf8d09f35a8	0.8619	M
2	>f8a821dd-21cb-83f8-5071-14d798176ae3	0.8199	M
2	>dc1f4310-4e1a-d2d8-30ac-49836586841c	0.6938	E
2	>aa49cba0-7dc7-d97a-04e6-8f07b53066dc	0.7720	M
2	>a632dd1e-9248-7f6a-37e9-5f4053401919	0.7641	M
2	>d7b95961-4dd6-4aae-abae-a16595b472d4	0.7265	M
2	>4b9d60d9-915f-8653-4a77-4c025e5c1760	0.7305	M
2	>574bd918-6dda-77d5-4b15-1ecf79797968	0.8597	M
2	>58260fba-d6e5-061b-259c-933caf0ce7ef	0.6857	E
2	>255c8576-c706-b738-6745-6653d475780d	0.7155	M
2	>ae092751-62ac-9c0c-35a3-8b38124342df	0.6819	E
2	>c0837e05-2b91-c2b4-9500-2ec6557b5d7b	0.7035	M
2	>4f80675a-ae49-a3ca-2389-efe016cd567f	0.7456	M
2	>eb387a3b-1053-76b1-9abf-470afd56c10d	0.8288	M
2	>191a342f-fef4-f421-0759-80c183c7a0f5	0.8543	M
2	>37367818-3b16-7c3d-f2de-6d2787e98f6a	0.7430	M
2	>603368bc-7000-483c-4dea-a062bb16cda6	0.8101	M
2	>8a88661c-ccf5-3664-197d-41eff7cb5194	0.6857	E
2	>0c6fe8a6-6b87-cf7c-166b-ad85467664e0	0.7580	M
2	>83448e6b-66e3-73c8-ee70-6f630d5e5da7	0.7496	M
2	>b4271d53-70e3-979d-acd3-829ece34e2e1	0.7834	M
2	>17434471-57b1-15c7-d09e-13aee5ae28e5	0.7582	M
2	>d281c276-fd1a-04ae-7ced-2e04405e695b	0.8274	M
2	>3018b40c-ff54-1d54-79cb-7593154f2606	0.7457	M
2	>bb100934-80a2-8b86-055b-ff428d01c03e	0.7473	M
2	>d98fbf60-0ed9-3296-4bd1-d31cf06a00d1	0.6903	E
2	>9def935b-13a9-1c42-1493-487f188b3ab8	0.6855	E
2	>11b7607f-d37a-6baa-9a57-e4430764e980	0.8017	M
2	>4552148a-4c7e-513e-7e1e-4de08864a126	0.7867	M
2	>b34e06f4-a29a-b08d-bbe2-bd76ef5f4a81	0.6985	E
2	>9cf9da84-1713-a84f-8496-38d1cc3860a0	0.7044	M
2	>9e45e0c7-e230-06e8-2e5b-1589b9efc25c	0.8063	M
2	>ec5e52f8-2f34-3491-c2d5-d2a58bbb7d6f	0.7788	M
2	>4e3c2253-6282-13bf-d2a8-5287a96edb13	0.7636	M
2	>05c311ad-603b-1561-f7ef-62cee49c6011	0.7432	M
2	>9d6b2c23-acc7-bca7-57fa-ba6bef3ac595	0.7302	M
2	>761c2fca-6464-d03b-0879-6fdac170e746	0.8395	M
2	>bf2eee18-fae7-f110-0f2c-7a0a321227e2	0.7188	M
2	>79a3be79-0205-cbf7-3740-62a5d36206e1	0.7316	M
2	>2a4c1be3-f8f8-21e1-ae1f-1df51437ddc9	0.7048	M
2	>a0da7084-fe57-0d62-5b6c-b92d37ad1fb2	0.7079	M
2	>34727c14-3714-ffd2-740e-31458e55644b	0.7087	M
2	>777bbf12-e6ae-462a-f3b8-3f780bc1b100	0.7063	M
2	>0a5c0001-cfad-334a-cb8e-adc81299975a	0.7899	M
2	>83891dbb-7620-af55-511f-9952355c8e48	0.7342	M
2	>b5675184-bea4-7b24-2001-5bee216f3c5e	0.6797	E
2	>566e337f-bd6b-0825-8dc1-55a3f597c035	0.7179	M
2	>d827fd34-4ffd-4140-6bc1-d981bd8fe451	0.8027	M
2	>819826c0-991f-6443-8af9-aa9e3aecd47d	0.8483	M
2	>aba3c1bd-ff12-be26-1a8a-bcd42462556c	0.7204	M
2	>ac2d9b82-fbec-49d8-7f71-2c7f69665e69	0.7753	M
2	>965f4cf8-af05-92e2-4321-f05e0fc9390a	0.7189	M
2	>49d3f921-3c46-47a4-378a-dbbc99ce6d74	0.8071	M
2	>093e0317-6833-d60e-e3b5-bce41f305c63	0.7280	M
2	>2fa1a396-d58f-1949-dcf9-b98ec00d9896	0.8024	M
2	>7c96bd25-06a0-b9c0-a4b9-e725cc6e0ca7	0.7344	M
2	>7c550bdc-e46a-7d4d-b828-a5b40b011098	0.7385	M
2	>0f83a08b-4f0c-3ac2-1ba5-f61687ef2739	0.8251	M
2	>c137da5c-8340-2fc7-ca08-3db2c80771f9	0.7172	M
2	>3f819267-a147-4b04-dc97-6b0b3e6d538f	0.7248	M
2	>4fd69185-2f81-c83c-99ab-7dfadd64e4ff	0.7932	M
2	>37eb4f42-2799-95b7-88af-3d39288d28d0	0.7395	M
2	>a042b49f-5a27-1847-d9e0-4635992e3dac	0.6949	E
2	>9744e95d-d68b-0674-ae10-b4e15c3dce8a	0.8073	M
2	>22ed399f-f6cf-2595-989c-9505722ae3f6	0.7539	M
2	>41965f13-e0d6-70eb-eb04-7934f71949bf	0.7154	M
2	>bf15c03c-5a82-5a89-3f3d-05c7302dd60a	0.7925	M
2	>fd932714-1aa7-0034-082f-fd57b341c560	0.8352	M
2	>0dbb91d6-405e-6a89-30da-b800aaf9156f	0.7027	M
2	>911eac76-1f51-fe93-5a25-160c16886246	0.7812	M
2	>e8cd1892-05f0-a693-1919-f37408e1d476	0.6915	E
2	>5695ef5b-9785-22de-3bb1-cfb670783ec0	0.6782	E
2	>388a5b76-6d73-8953-a045-3ec022feaa71	0.7697	M
2	>d21fd013-63d7-b8a5-fa24-c613ba7a8e1e	0.6851	E
2	>f83cdaed-fb7f-3fa6-8ef3-2de80af58ffb	0.7569	M
2	>79e6082a-e655-4a80-14b8-0b13e5005ca4	0.7317	M
2	>afc0050a-c247-a21a-8965-f2af064930da	0.7911	M
2	>240cd67a-4e14-5509-cf17-ab8b9bc636f7	0.8003	M
2	>ecc8c2ac-363a-06d7-94ec-ecd03e0955f5	0.7508	M
2	>0e251c6a-57db-b511-d71e-6f6969d5c1d7	0.8565	M
2	>a55eedc9-989d-56a7-349f-8ad01fc0f101	0.7370	M
2	>4a4184d1-9ad8-7c72-6f06-55cd707cc04f	0.7432	M
2	>af63045f-9abf-03b5-f888-f82951401eb1	0.7184	M
2	>71f20375-5c8d-0afc-fc30-850675fcfdcd	0.8449	M
2	>560cd59f-619e-3d8c-b3fa-b2d0ebb525d9	0.7209	M
2	>1be9962e-4553-8a62-7304-02efebed9b92	0.7514	M
2	>96238db4-df72-616b-0ac3-0561be03d08e	0.7758	M
2	>ae6c7c31-ba22-e19c-2cf2-66ab54f48b1f	0.7118	M
2	>105b6201-954f-9a82-bb74-8168083b5b66	0.7749	M
2	>06521ecf-459a-a35b-4b9c-67356c0b1f01	0.8331	M
2	>e6d69173-9320-55bf-e6be-7f410198cff6	0.7021	M
2	>f46e6ad0-3c4d-6d54-9e5b-94c525654b30	0.7680	M
2	>66c33cc6-1f74-aaa6-56e4-aacfeca6f2e2	0.7190	M
2	>11a0a644-59c1-3662-2ff4-3d145ae4edee	0.8127	M
2	>bd28025c-cfac-872c-24c5-d11205a5596e	0.7959	M
2	>2d57d823-ee04-1c86-2df4-465b1752ffa6	0.6793	E
2	>b0a1d31d-cfa1-3dc7-8ed5-27010c0f73fc	0.8159	M
2	>5eccd09b-b67b-eeb9-6d1f-93b2e1ce6ae6	0.7303	M
2	>f4038324-52a3-0480-9601-63b7ff44dff6	0.7139	M
2	>e841bae6-eed6-030a-2860-f73b9f1a81b2	0.8052	M
2	>aa01efef-c6a6-3ef7-6a47-945666b7c489	0.7596	M
2	>13e91449-ce94-0497-49f5-dcb9ad7e83ce	0.7121	M
2	>b823d169-f5d1-263e-44d8-aa6539c36a71	0.7733	M
2	>cb42d1f9-2586-a419-404a-57181d2f59f2	0.6877	E
2	>8a41815b-4146-4745-aa20-0472368a7035	0.8133	M
2	>8e0a6d99-1c97-c5e1-c3d8-20717d9ace61	0.7725	M
2	>c7a27c5c-0bb3-b721-7914-288f93ee2d3a	0.7069	M
2	>9b91dbdc-fa14-2702-4962-4b1049c28c15	0.7659	M
2	>3cacff69-4428-9df6-bf5b-847c17109244	0.8563	M
2	>789665c4-3274-6a7c-a0cf-80dcbd382150	0.7186	M
2	>9a888102-f843-b532-e372-0b208131f185	0.7307	M
2	>486793cd-2cb3-e6fb-6e38-055e226e3d84	0.7314	M
2	>df49660c-ec6f-b709-bb09-161fa4d6af55	0.6922	E
2	>ed812927-67ca-030d-d2aa-ec165ccecd8c	0.7219	M
2	>ba3f3907-be4c-19fe-0606-f5aed89e24e8	0.7673	M
2	>a6dcb2a0-3417-1a39-67af-61632d9c9c53	0.7214	M
2	>9b4386cf-2096-2bff-8a76-7ee31b166413	0.8189	M
2	>0071a50a-e340-495d-2b82-2664c599c30c	0.6921	E
2	>f579324f-fac0-26c2-46fa-7d8bb0077526	0.7751	M
2	>c4026d4b-02eb-1031-ceb4-af2220b63d73	0.7411	M
2	>e6e88526-b06e-e795-eca4-5b8d943f40bf	0.8012	M
2	>feea52b5-969c-bdeb-a3b5-3ddcc216e2dc	0.7772	M
2	>b6bb3316-ca7a-58ee-b305-a6e9b8c0fc25	0.7050	M
2	>789f9cf2-5c82-25d1-784d-b800dd46f895	0.7253	M
2	>3047af56-35a5-8b9a-b336-0ee86af012ad	0.7352	M
2	>c0694789-5b94-6d18-2ebc-4defcba0feed	0.7196	M
2	>d189dda2-ad90-cfe5-c141-c6616c0251ec	0.6945	E
2	>f41a26fb-e44e-a314-860d-5c8a40904c6c	0.7525	M
2	>d5c06ed4-b98f-ec8a-7b50-579be8962d5e	0.6898	E
2	>ae2b2e29-8d0b-88b4-878d-d3934d4dd026	0.8490	M
2	>7fdde889-6038-315f-7927-8972af175ece	0.7624	M
2	>7eafb818-938e-9b57-aabd-4064a66e4a76	0.8391	M
2	>3a610206-833f-3ad7-a27f-b654e3b32f22	0.7011	M
2	>17ad547b-0ac7-142a-8e94-d2a85e2f3b7f	0.7789	M
2	>b93f59f7-86c9-68d5-2ac8-6b62289c98c7	0.7414	M
2	>6d1dda26-48a8-3295-2692-630c0613cf39	0.7385	M
2	>a0a14b5b-b5c1-fd03-a256-dabf2821ad45	0.7833	M
2	>0fccecac-3202-9136-2c09-343845bd110e	0.8190	M
2	>a87818e6-99e1-9c3d-c20a-4c44d922fb72	0.7757	M
2	>2398a7c6-7fc5-e89c-f4b3-1f94a3fb1cc7	0.7633	M
2	>81c21246-e12e-2610-3f52-b27116355dc3	0.7416	M
2	>363e9dd7-b623-b1c8-219d-cbfda30fdb82	0.7800	M
2	>9adbadbc-fa77-f183-5064-ff49124430a6	0.7960	M
2	>16a92e15-fc29-6605-c117-36f3a87ec204	0.7026	M
2	>6284206a-e026-9817-cab0-987817e9004f	0.7499	M
2	>28e8e356-3b4a-991e-5ba2-6f2525fc85ed	0.7397	M
2	>dc3bcadd-5463-d850-2433-2754201fde0a	0.7297	M
2	>6bf8980a-114d-ef46-ba2e-4fd48de506c2	0.7914	M
2	>e090e513-a38f-1d21-df9a-c4ac1f210b5a	0.7134	M
2	>5345e500-9fa5-382b-98fe-bfa6e1515c45	0.7078	M
2	>142a9042-5960-e61a-a76e-ea847080c37d	0.6959	E
2	>690d93e0-fef9-bd72-207d-36af9fe29978	0.7269	M
2	>1c63301e-2c0c-4c80-92cf-ca4506359f8b	0.7418	M
2	>0be1ca68-eed9-493b-8b22-cca3ddac78b8	0.7944	M
2	>475c1a04-110f-5b98-5582-c5a99eef738b	0.7521	M
2	>3d0b27d3-4646-76e6-ae18-95aae0bb1b96	0.7281	M
2	>5c83f5cf-bbf2-39a6-f08f-68e0f766211e	0.8505	M
2	>871e3a5e-1981-a2b7-a3bb-299bfaa0c5f4	0.7075	M
2	>ed38e15e-d78b-36a5-b112-a77835f70068	0.7681	M
2	>9fdee4f3-0b8f-5fba-9607-c78ec1da1745	0.7141	M
2	>aadd32ec-6296-6580-0cbc-791a5dc49c92	0.7031	M
2	>acba0361-c646-58a2-b0d0-103fffdaa5c8	0.7568	M
2	>7a94896e-7235-b072-f100-296989b1d05c	0.7594	M
2	>2ac417cd-a930-05cd-d597-7ce9094d061c	0.7356	M
2	>3fe440a6-71a3-97f6-4dbd-90ab73cbee53	0.7155	M
2	>834032c5-46a4-58c4-f69e-2cd1432085a2	0.6965	E
2	>eb74c005-b8dc-64f6-c3a0-2667c76ddbf4	0.6881	E
2	>9eb8c711-4fc1-9467-1d45-b4091e196080	0.7910	M
2	>b3dbb007-3918-5f70-6b3a-05a4e1b58c73	0.8263	M
2	>94275c3e-a351-3363-600e-9165e04d0638	0.7055	M
2	>f572830c-8d08-8e16-4bda-f9de263b43b8	0.7018	M
2	>e93b6028-22db-b806-2c3d-ba7e3f13dfd7	0.7175	M
2	>1db5d2ff-3efc-9508-7109-3184cec5438f	0.7222	M
2	>4b88de2b-d260-72ba-032b-8ec6fe2267bd	0.7876	M
2	>5e2604b8-927d-bdb5-124b-e53cc973c398	0.8149	M
2	>d84f37f5-f9b4-8860-38ac-8578099d236e	0.7534	M
2	>14a2a6ed-2caf-b057-a892-6be99e36cb38	0.7262	M
2	>b1296339-021a-5914-bef7-46f01e3ee2d3	0.8466	M
2	>f37b5a0b-c789-9114-2442-c501c5596c76	0.7528	M
2	>8e513c2a-278e-d70f-3512-7985fb953d58	0.7757	M
2	>14b77026-5b47-957a-39f1-16c60955eac5	0.8218	M
2	>fa1f4c68-ff95-ebc9-0593-6b5cecc8658d	0.7923	M
2	>b04c2f71-139e-cca2-a6bf-226b55659cca	0.8130	M
2	>834dad81-a8e9-5d4e-919f-f227c8f666b3	0.7167	M
2	>13f9823b-1e29-2506-16a3-472764799d36	0.7448	M
2	>5f50c3c6-65e4-16f5-f1ca-43f88127e33a	0.7550	M
2	>ee65a22f-91e7-fdd5-0ed5-1bbd35def5cc	0.7212	M
2	>63df1810-eb27-10e4-98de-14a8c6016cb4	0.7238	M
2	>0866c931-a447-798f-db05-100a0ba398b2	0.7158	M
2	>68895f13-c8ed-3b4b-1391-ff9cf9ae5a5f	0.6901	E
2	>9b13b362-5268-e88c-6741-4d959665048a	0.6880	E
2	>224cba07-833a-6017-69e6-24ad73cfa0f5	0.7033	M
2	>c338f8eb-40f1-95c3-ccef-84801cb0bde7	0.6811	E
2	>d32e0b95-3fd1-98c7-fc82-3c3d97ed4ee0	0.7491	M
2	>b8c26ecc-2d20-71f7-7271-9410df660706	0.6791	E
2	>198adb3c-416b-4866-3d9e-a1554a5535c5	0.8040	M
2	>b1b0dc7a-37cf-3980-f830-44ac2b9d1f70	0.7630	M
2	>0bc74676-c4b4-479a-4cea-64e540c16bfd	0.7533	M
2	>b294bb14-4a7b-f0c0-ffbe-25a309eb2c13	0.6936	E
2	>9c938540-540e-2585-534f-122705a02de6	0.7232	M
2	>f77d38b6-702b-6e81-7766-70191d7719c6	0.7150	M
2	>f9687181-1634-8ee2-d650-218a64f27ef5	0.7812	M
2	>676f660e-f064-d507-ec51-60a7dea10649	0.7465	M
2	>579ba732-b753-e3c2-5979-71db27e2a7e5	0.7751	M
2	>dc882970-be4a-af13-7e42-e40f6de0b91d	0.7689	M
2	>1f27f963-e06b-f56e-5c4d-6a55a5a5356a	0.6993	E
2	>c616abb7-cd0b-b055-7db1-727c2dcaf291	0.7735	M
2	>3879c08f-b882-9f32-affb-27a738cc41ff	0.7501	M
2	>435a085f-b796-4308-609a-7245901e57fd	0.7764	M
2	>4cf9ed51-e09d-875f-9513-faec471e3156	0.7833	M
2	>ed1f7f5f-72b4-525f-bdcf-54816e2368b9	0.7757	M
2	>c6bcbd80-7d8e-1856-6e00-2947a0225770	0.6935	E
2	>8b1d73d9-031a-104f-cd6e-dcd033c51c2c	0.7733	M
2	>03061a8a-1293-c952-1042-c6ecd12b532d	0.7929	M
2	>aea5a110-dd66-f9b5-229a-d2117c706775	0.7487	M
2	>384e454c-d75e-9e9d-814a-c1b97e0eb72d	0.7244	M
2	>13981411-06d4-564c-85bf-624dd32bfe0d	0.7396	M
2	>36989405-bb23-74c9-f0ab-242209d868d9	0.8122	M
2	>3b5f4af8-d9cb-2611-74b5-1995f0ca0725	0.8310	M
2	>1c77ed93-ca0a-ea21-181d-92a159c29c64	0.7527	M
2	>9e938699-cf4c-e018-5ce0-27546a5cfc2e	0.6871	E
2	>d34a17d8-9789-8355-90cc-c1db425863b3	0.6910	E
2	>b7c969f4-c44b-412a-a840-efb39d543c76	0.7014	M
2	>f562b460-b5a3-b9a4-bf6f-1c134cb3ff23	0.6934	E
2	>ef2bd5f5-065a-7c80-95d7-b499a60ebf18	0.7764	M
2	>b8aaf957-1edb-be35-b6d8-7b077bcf2d73	0.7192	M
2	>b2ef1853-05f3-11ad-0e10-035eabc587cc	0.7681	M
2	>a42157bf-cbc8-20e0-0e41-3c89ab6ee096	0.8340	M
2	>588da27b-a884-f753-fd26-574aeea298f7	0.7189	M
2	>82a6a076-d5ff-f5eb-f92f-0ac4e448b7d6	0.7062	M
2	>2cb67930-5371-3165-3d5c-74a693c6a4dc	0.7120	M
2	>e7ee6d53-beff-4c0e-8034-6a7b1440d455	0.7165	M
2	>81186f79-8586-5cee-dd92-38ae65d936d9	0.7398	M
2	>800b83f1-5381-b010-a0c3-7b8be5efd3d9	0.7221	M
2	>dfd32cc8-b891-fa38-b0b3-129f6a0a6c73	0.8078	M
2	>8c888aa6-bdb5-2a11-4ca8-caaa0aaf5bac	0.7256	M
2	>0887742f-09e5-02a1-7414-d47ae93fd315	0.7690	M
2	>9618f1df-681d-2873-3952-6be0cc566b79	0.7797	M
2	>6fc830a2-414e-044a-7077-9cd085fe2aa4	0.7263	M
2	>ceefe509-2ae7-72fe-e24e-72870ec90694	0.6947	E
2	>d524171c-917a-30e6-29cf-e0691e4dc54a	0.7644	M
2	>98fd57f5-881a-c25e-b6ea-d6aa5e3e230e	0.6926	E
2	>6eae3820-c173-8518-e322-48a81c669dde	0.8187	M
2	>ed26bed4-5d8f-908a-e38d-db3f7ceb2aa6	0.7262	M
2	>41d333a0-0baa-71f5-8251-c731b6c1834e	0.8119	M
2	>74501df2-38d9-0114-24d4-338cb787a587	0.7102	M
2	>9581792e-947e-ac1b-9c59-e989cc4464e5	0.8238	M
2	>1e08e954-f365-0e55-460d-f89a7ae35b05	0.7493	M
2	>b3f6608c-29df-e83f-9eed-a37c755a12ad	0.7457	M
2	>f9bfb25f-e4f2-43b9-3203-c61aaa6adb89	0.7535	M
2	>f525d679-65de-7e09-9d08-8e7e4a42a1cf	0.7165	M
2	>19049d31-1448-a7f0-fbb3-75c6d3c5fde3	0.7644	M
2	>ca3ae453-5c4b-9750-4292-d84ea54d7dfb	0.7725	M
2	>1297de5f-7b23-f760-6813-80c203c26567	0.8205	M
2	>3ab2d8da-95cc-203d-6c34-8a3ad78be590	0.8244	M
2	>a6955265-b04d-42ed-22a7-4646ee57035e	0.8316	M
2	>ab3ffead-36b5-1e04-aa30-5751b8e1302b	0.6983	E
2	>391f3bdc-8367-96f1-505e-3ac31129d495	0.7093	M
2	>a5a6df4b-9c1e-87e7-39b6-3189178902f6	0.7562	M
2	>4c9d3193-46b4-a96e-a7b5-1e1897bcb324	0.7029	M
2	>d66f9a9a-fed7-ec85-6ec6-07f28c3cde94	0.7786	M
2	>fbd54b8e-50d1-e956-de8e-a98de73e974e	0.7646	M
2	>05acf0cf-7219-3a34-b357-fe25a4ea49b5	0.7059	M
2	>3f6ce2b1-980d-34c6-a093-f26ce95abe4a	0.6831	E
2	>b987c47a-5e61-de24-5afc-81b76a19f65a	0.8242	M
2	>d7ce5bab-12a7-64b4-cc76-408dbff4743a	0.7740	M
2	>2f3aeb24-ec13-fe0e-717a-5283958c42b8	0.6888	E
2	>d8b6734a-9bff-71ec-c3aa-7d4ddee3817c	0.7495	M
2	>8075eb47-f6db-6e23-42b8-4c02070514ee	0.7010	M
2	>20f2d7ba-f19e-0b66-e87b-756d44afc663	0.7657	M
2	>83825347-9e0f-cbdb-4345-325edd8fdb22	0.7188	M
2	>506d7808-5ae4-58d5-3f5e-491d3d793cf9	0.8451	M
2	>bc929878-1250-6a09-bef4-412ea313c17a	0.7529	M
2	>4aaa7e0b-53a0-aa27-6844-97b7af303458	0.7307	M
2	>ac1f1095-0d55-f211-fec5-c1da48f6b6b4	0.7666	M
2	>93553b77-fe33-9d17-ad5c-77596743370c	0.6854	E
2	>f6c4c052-74ec-5cc4-e484-d3abdf6fd997	0.6941	E
2	>c0604813-4a70-c088-ae13-53113bfbff60	0.7718	M
2	>83cd67cb-bdc4-f2ef-8d01-fce28e86df16	0.7852	M
2	>a1a95661-fb0e-3704-dc8b-9efb01bb627c	0.8117	M
2	>bfb882cb-0592-62bd-d0a1-56ecbd6078f1	0.7016	M
2	>d8227f9a-0e19-7caf-c8a2-111e215a246d	0.6945	E
2	>2b618de4-aef7-17cc-75c2-7963d8a975e4	0.7676	M
2	>b6766fba-a977-328c-23ed-a2f04544a269	0.7480	M
2	>8d7f11ed-5d8e-ae65-7963-3b43ab039cc9	0.8250	M
2	>2e3d5c8f-ba21-cc34-76fc-cc877f4e344d	0.7267	M
2	>bd32071d-59a1-5424-4d32-2d27018a5265	0.8026	M
2	>3f7ae372-802d-9133-4de4-bb18f364546f	0.7000	M
2	>a94492bc-c90c-dbec-a446-9acfd76ee525	0.7331	M
2	>912b9258-a8f4-eb53-efb2-5718a0caa653	0.7841	M
2	>e39ae610-1d22-c31f-8d7e-07ac5b29f2d7	0.7702	M
2	>4b9389d9-3239-2f26-463b-7a9be90f2e9d	0.7498	M
2	>3acac76b-7f63-2768-6e8d-eadd012b9a4e	0.7502	M
2	>e1ced1c4-8b2b-0405-d0d6-5a98ceb63bcb	0.7645	M
2	>cde91fc1-3f16-8096-4091-7c786fe93252	0.7229	M
2	>444ae1e8-90b9-a2e4-90b4-448ef47aa309	0.8126	M
2	>424a56a1-10db-440e-c147-3db712615308	0.7129	M
2	>99add11f-157a-58cc-e447-275eb4e5fa11	0.8014	M
2	>1888f7cb-4708-6c75-04aa-8433454900dd	0.6906	E
2	>a6ede56b-1a61-d27d-d412-ea9697035a14	0.6876	E
2	>6b5aaec4-5558-c916-ec0e-2ad5b3ddb599	0.7443	M
2	>bd8927ac-7c73-6d39-0739-757a1defa8f2	0.6979	E
2	>2655faf1-219a-2e8c-c7e6-7febb8b516cc	0.8195	M
2	>5ab5de97-fce7-f293-fbb5-536928ae9986	0.6800	E
2	>261671ec-1644-63b6-2024-d2adf565b87e	0.6849	E
2	>64147569-d185-d939-695a-ae730f5139f2	0.6821	E
2	>cc358c59-5bfd-04d8-82ae-004076b7dd8f	0.7494	M
2	>3223c48c-799f-fd18-f64e-fb224765736e	0.7468	M
2	>a909c76b-b764-b69a-f2bf-40a958c838b0	0.7223	M
2	>788e1a5a-4692-ee73-78fa-95d271fd62a0	0.7283	M
2	>c5281b40-8a39-bb70-57ce-823d82c3d5bd	0.7645	M
2	>2b0fe50f-abae-49bc-dddb-f3f8063f5673	0.7745	M
2	>3b1e39b9-4f93-51c4-232e-da663eb67585	0.7106	M
2	>ae3a3c43-5329-286b-df74-18be72f28bec	0.7958	M
2	>52cfd14f-f743-b7db-6017-fd59139a6ccb	0.7749	M
2	>f591ccf7-9357-81a2-3496-813de25f9522	0.7317	M
2	>2528441b-515f-8271-ec39-d41fb141ed17	0.7268	M
2	>c3b749e0-f53d-edc2-e84c-427f5c407cdc	0.7579	M
2	>12e93b09-a323-f82d-37fb-5d3ade9f7a13	0.7939	M
2	>344cafe3-7d6c-8ee6-846c-3758ae1a33eb	0.7180	M
2	>3abbac8e-d428-f21a-cd5b-b77d59e649de	0.6813	E
2	>27095ccf-4588-d211-4d11-99f223febf83	0.6936	E
2	>67644252-bb21-abe8-7f51-272b0bf4f50d	0.7565	M
2	>f30ce14a-cdf4-2d3e-b6c4-68431a89b3ec	0.7805	M
2	>0a16b558-4cf9-a83b-b71e-55c39682bd89	0.7447	M
2	>04456812-42bf-c188-f414-4877235c70b5	0.7611	M
2	>5dd99aaf-107f-5d24-f6e3-4cc3e628d0a0	0.7487	M
2	>a6e08403-2f8d-6a6c-6a07-ea5d674f3ac1	0.7550	M
2	>9278c821-8265-4906-6baa-76aa7c72a04f	0.8443	M
2	>a96f7f27-272f-0e99-4eb5-df9d4dc41acb	0.6843	E
2	>a7ba57d7-d996-538f-693b-0025f00510c5	0.7305	M
2	>efe081b5-28ff-2c5a-1750-d44446b53d16	0.8308	M
2	>889010c2-c625-9dc5-ed03-23f751610ecd	0.7109	M
2	>77529398-aed6-2fd5-8218-a52045129e15	0.7690	M
2	>e42f39b4-b2cb-cf8a-3c2d-f0edb9b55769	0.7551	M
2	>2d462643-bd5a-cfdd-b469-af76f4c30cb9	0.7442	M
2	>8741bd87-2066-a7b2-4235-cfe48f73f442	0.8103	M
2	>ea41dad9-14d4-471e-7d04-bdbe5c3b8638	0.8251	M
2	>57946de2-61f5-5759-32ff-232c2ee44e4c	0.6775	E
2	>83b9f220-a758-560d-c0fd-f056b9280dda	0.6831	E
2	>4c08994c-f1b4-22fe-7e59-a7db1bcdd7f0	0.7438	M
2	>539c1842-2454-6297-257e-9b13d2af63c1	0.7145	M
2	>74c57f9f-e595-5957-9e62-b049f3d1447f	0.7016	M
2	>f3255f2d-9c74-26d1-cf7e-eb05e0ff6d0f	0.7532	M
2	>e757012e-afa1-88bc-24f3-fb73fb7646fc	0.7243	M
2	>b9d865cd-dc64-513c-0fd7-99f9f7076f80	0.7425	M
2	>b5d5a13a-e7ae-f515-388e-724a64fec144	0.7748	M
2	>5a9d34e5-b0ec-debc-bd97-c663339ce48c	0.7103	M
2	>fd385285-8b24-4d02-22e1-055b2a09e50f	0.7502	M
2	>999b97fd-fdd1-5376-57dd-fdad78272e4b	0.6956	E
2	>b73a0615-d9f1-518f-0248-1939a005614b	0.7796	M
2	>02b9dab6-bc0e-f922-842e-1d13c59d5f92	0.7440	M
2	>06549ff0-9201-aa78-b10e-e6bc8c6f1165	0.7481	M
2	>886fb07c-398d-716f-85f7-4e48defaf90c	0.7328	M
2	>8c459d19-d3dd-96e3-a2fd-1de41bd3759c	0.7456	M
2	>54d63415-f2b2-0ebc-ff38-74544fcd1c6d	0.7911	M
2	>ba01f902-b076-2ecc-1a0c-3dbf15cabeaf	0.8331	M
2	>6406291c-1860-c57a-20af-61c0c0e7d3e0	0.7530	M
2	>5d5f8516-b3ed-b348-395a-70c2e3d7d399	0.7180	M
2	>04ba52f9-0b93-503c-a2b0-b35794aacc10	0.7161	M
2	>d75bf568-bdd9-e52b-909e-371ec2e84a5a	0.7106	M
2	>7f0ed19c-43ec-5005-6330-da426ef6993f	0.7573	M
2	>71d55de5-25b7-bdcb-641b-f07aa3af9c29	0.6946	E
2	>31dba3e6-ce34-7475-19a9-06355b60f06c	0.8120	M
2	>657de0c1-0091-87bc-1841-9b75ea1ee188	0.6808	E
2	>17bc9ba8-15e5-57c4-4f29-89b5e4634331	0.7943	M
2	>01460461-9469-4d8b-4aa6-e2c2382a032a	0.8045	M
2	>83bfd2e6-0fb3-94ef-1689-e29a1873f24f	0.6871	E
2	>d611f1c5-155b-8913-818f-49ed71622840	0.6993	E

3	>0fce10b7-c71e-496b-3270-bf2d16531a89	1.0000	C

4	>3709842b-882a-62ba-8ddb-b0e390e29b1f	1.0000	C

5	>9c52a7d2-1333-74e4-e950-5fafa42eb084	1.0000	C

6	>256e62b9-2c76-dbde-5aa6-a06ed65ce8a4	1.0000	C

7	>124805bc-6266-f179-55eb-4fa2c3c80c2d	1.0000	C

8	>980415ba-e733-cc74-b91f-316ffdf61579	1.0000	C

9	>8fda5885-1620-bb4f-d2d6-9dec09b72969	1.0000	C

10	>53a1e0e1-77e9-62d2-6087-d04d3461f29d	1.0000	C

11	>6459294f-4cd3-6869-7621-b6d0395f0f91	1.0000	C

12	>95557210-41c5-be00-4fee-c5ffdb873f94	1.0000	C

13	>7c1ee1ae-a2d4-9a79-a964-b06a15186e59	1.0000	C

14	>d35099f3-947d-f5c0-b7f1-c78ec677c748	1.0000	C

15	>ee46a4f9-c67b-0990-2305-fb4ae7ad0b77	1.0000	C

16	>2efbb82c-94f6-262e-79f7-f0fdf1fe7106	1.0000	C

17	>8367faf4-8b5f-3dac-9811-44f377c95a3c	1.0000	C

18	>a5776e91-fdd1-8f50-205c-34415e790d74	1.0000	C

19	>1286c99f-9e8d-cf6c-06bb-18c6eb11c7c9	1.0000	C

20	>dc374feb-35fa-183a-3423-35fb2dff9beb	1.0000	C

21	>214650b2-95b9-c2dc-4737-8865e06dd84b	1.0000	C

22	>e8794812-74ae-6ae5-5758-faa3bb8433b7	1.0000	C

23	>6e4c826f-b3b3-702e-c790-71d5fc62aff3	1.0000	C

24	>bc9a92f4-8556-78d1-36dc-67855a36e0c2	1.0000	C

25	>47f7a261-0e64-a68f-7570-161052711eb8	1.0000	C

26	>586bd50e-afa0-b826-5a09-aaac80b0131b	1.0000	C

27	>5708569d-f7ce-f52c-7326-b56308d83f4e	1.0000	C

28	>5b53f949-a00b-f68e-5eec-7b1f27bc37f0	1.0000	C

29	>98b85f3e-00c7-b83a-6270-6b727c559b12	1.0000	C

30	>2a00dfba-877b-49c3-b28d-293ade64bf33	1.0000	C

31	>01d4d968-1e43-cd9c-ead0-5c1fec3139ab	1.0000	C

32	>dfb2b750-76f9-57a5-1894-3a4597cb8433	1.0000	C

33	>8b95512a-0adb-1eda-7c7b-9d6696a44427	1.0000	C

34	>c1c90c50-8080-3ec7-29b9-c5fb0a71c3eb	1.0000	C

35	>097daf68-cc68-ab77-8b2d-7355c17793be	1.0000	C

36	>92e8fa2f-34a6-7bcb-4664-fc8dac2deaa0	1.0000	C

37	>d4b3d843-41ca-8f3d-d074-f0e670ddedaa	1.0000	C

38	>34010e73-222d-deab-194c-29e6d05a15d3	1.0000	C

39	>386e99b8-c9da-4c94-110b-5c4f65a0bddc	1.0000	C

40	>d9987c0d-3b0d-4ccf-cd2a-55427b098696	1.0000	C

41	>7251f0b6-c564-55e3-45fb-a719ae383c31	1.0000	C

42	>765eda51-1ceb-a138-75c6-d078ea884726	1.0000	C

43	>93904902-d890-9bae-c2d1-6c72a4237f2b	1.0000	C

44	>3cec99b9-cc7f-3063-d7b5-eff7abb56125	1.0000	C

45	>974a660f-eff3-778c-1acf-b91191c79fab	1.0000	C

46	>a8b763a0-eb7e-5b41-b738-3a3000b85731	1.0000	C

47	>b1839cc3-52f0-93dc-4487-53bd25ce01cc	1.0000	C

48	>0ff45453-f64a-9046-113e-3b7287a63091	1.0000	C

49	>f803c4ab-e93a-33cf-5b52-79666232b6cc	1.0000	C

50	>2d20fa1a-ccf0-2c6f-3dfa-627be5b4079a	1.0000	C

51	>a750b00a-8ae2-bb6a-a919-bdb6c42531c3	1.0000	C

52	>d429a247-4b8a-ab0a-08a1-4dc8c400a172	1.0000	C

53	>e359ec30-e7ab-78e1-b599-ac6ca38b2566	1.0000	C

54	>aaf39f9c-3026-e6f9-256d-d99f6bbaec99	1.0000	C

55	>552faa2d-2c39-5214-bfcd-e6350f3679e4	1.0000	C

56	>43659170-2b04-1fec-fa5f-40dd7d4dd117	1.0000	C

57	>e5157dcb-0ca8-a34a-46c3-e2cde8b82e16	1.0000	C

58	>12dd5b6e-1d6b-f7cc-c3ff-56e6e24aa11d	1.0000	C

59	>04e5eeeb-28e1-7ca6-d8d5-b56905042ef3	1.0000	C

60	>f2e57a28-c8ee-64e5-8844-8430949123b6	1.0000	C

61	>7c66ad54-881c-9783-e66e-f47988dcb8f6	1.0000	C

62	>fc303829-37d1-05f8-2166-f6acfce64c34	1.0000	C

63	>0a00f516-51bf-c2f3-14bc-82631b93d598	1.0000	C

64	>9e486144-643c-0ef9-6614-fb750736dbcb	1.0000	C

65	>8afd06ca-591e-4a05-766c-7b9b19d046f2	1.0000	C

66	>a402c02e-4226-bd87-f63f-aaa88922f05e	1.0000	C

67	>dbbbcadd-0ab7-ef0a-c4b4-b1ea92d19045	1.0000	C

68	>75420825-da64-b13e-a7bb-bcff498e8c35	1.0000	C

69	>5117f012-5e4f-aa22-3936-6e04d0be13c7	1.0000	C

70	>426b92ce-b170-b0c3-61d2-2544bb870f5d	1.0000	C

71	>2a55a66c-5b92-5baa-6d32-4ef14439f915	1.0000	C

72	>505aac8a-9539-a286-f400-0bca05b087c7	1.0000	C

73	>1edf432c-2085-3839-2cec-81100a878110	1.0000	C

74	>fc8323a9-d637-bfec-38f8-cdd695ae97e7	1.0000	C

75	>68bf93bd-5649-9ebd-73ae-0b26938fda3b	1.0000	C

76	>205ae0e7-37aa-56cb-951e-fedd1f14776e	1.0000	C

77	>a0febaa7-899a-1049-3078-56f78b28a380	1.0000	C

78	>05bf5d6c-a763-9fe8-a958-7b2450c3f1a2	1.0000	C

79	>6ebe00e7-da1e-a4f2-9bcd-ed3cd3424203	1.0000	C

80	>f5446355-b4c3-87b0-bcd4-6cb8d2d05076	1.0000	C

81	>94fd8421-26bd-51d6-a8e4-500c91f8f2f6	1.0000	C

82	>16f6f89c-cbb7-c1f9-b224-825050dd75d5	1.0000	C

83	>ae051daa-f585-4e08-caf2-30a0d57967ab	1.0000	C

84	>62073502-0a2b-0a17-fb09-b3b1001690ec	1.0000	C

85	>136409ce-915b-21ca-b04f-d17f8506aecd	1.0000	C

86	>e0054eb7-afa8-f0f2-6aee-33726a97c28f	1.0000	C

87	>4dcd4b5a-2bab-51a1-a3d0-b98ee35d0e4c	1.0000	C

88	>42a57811-077e-d73c-3d92-1214b4102223	1.0000	C

89	>03ca9191-cc1c-79cc-3b7a-e8f091dd2c89	1.0000	C

90	>a1be3ba0-eabd-3816-3a6f-566d8c6969fc	1.0000	C

91	>1c8eb71e-24c4-5939-071f-3938c1e4bd9f	1.0000	C

92	>6ced75d3-c9e0-1f25-ee33-5412b7039078	1.0000	C

93	>cc892f84-db1f-6b84-4de5-ff1dd7ce0760	1.0000	C

94	>a2a0c7fe-e0a3-8cc9-24ad-02038f7e9ad7	1.0000	C

95	>dc74956e-923e-ad17-c05b-8049829a0016	1.0000	C

96	>e9bbdfde-c20b-dc6d-7fd0-6e1b3329a530	1.0000	C

97	>99a55b20-fc49-88d9-c9b0-a99bcde98d7e	1.0000	C

98	>6cd2f56c-d361-f410-2317-c42b5b9d6a32	1.0000	C

99	>e7461048-2c91-b5bc-cf5d-0c46ecbbe240	1.0000	C

100	>505e0a42-e3e6-c39c-0714-36bbc5026047	1.0000	C

101	>53cbdbf8-4ae6-1588-50de-61e3bb084a95	1.0000	C

102	>2ecf3b89-17f9-1370-40b8-4cbbafb3e88b	1.0000	C

103	>7323dbc4-5a42-cbce-a69e-ae966716b4f1	1.0000	C

104	>ea97a53f-3bd0-b8aa-d7ff-c6bed418f774	1.0000	C

105	>34e95282-1195-65a3-bf37-c99d389e3215	1.0000	C

106	>c581d0c3-bcec-ab65-f815-0ef4ca59c399	1.0000	C

107	>6850bb88-c464-d2ec-657d-1c53f23d12ac	1.0000	C

108	>5b3eb5c2-3d66-0c6a-19dc-77082170c6f8	1.0000	C

109	>72712241-3ec5-2872-ce05-55d7dc97d35e	1.0000	C

110	>9a795ad7-baec-ebc1-f082-7fbe3b0cd08d	1.0000	C

111	>61837e9c-a35a-1b09-d52b-eb0ed85cf7d2	1.0000	C

112	>c15ee983-c368-6074-95e7-42b8e799a297	1.0000	C

113	>3856a11a-b272-ca85-4585-9774ae5440f8	1.0000	C

114	>11333a3d-4fca-55fb-0796-9ab55324be93	1.0000	C

115	>cf68836d-f681-7344-8417-b307fa1cd2a4	1.0000	C

116	>4c35f25b-7993-f141-20c7-2c8a7f5922ac	1.0000	C

117	>291d4e58-27b7-a1de-f846-add9b1515fb0	1.0000	C

118	>c9af7948-a2f6-8758-8017-1676853b3b11	1.0000	C

119	>a442f34e-012d-3ef2-0361-8902b836c180	1.0000	C

120	>38cf567e-5f65-ac4d-a874-4b351445d9cc	1.0000	C

121	>08e0a907-121c-b573-ac71-84faccb7cf66	1.0000	C

122	>f5af4d37-96cb-ce10-1eba-bf0da82786df	1.0000	C

123	>d4650a24-d25f-d354-e562-bbc69a2f11c8	1.0000	C

124	>13104693-d06b-72c4-e11f-2081bb4525b7	1.0000	C

125	>e8281473-ab4a-2182-8bc7-3263b988a1b5	1.0000	C

126	>e733a74e-27e5-b8eb-9af5-9dd33174a663	1.0000	C

127	>e4afcfd2-a2c6-3684-c94b-31fc7ae8b60d	1.0000	C

128	>5a07a284-0104-ecb6-f732-9ff753bde575	1.0000	C

129	>cbd57e6d-abb4-ac63-dbbc-0a561be85889	1.0000	C

130	>6bf59b5c-0ef3-784a-7943-5603377fefa1	1.0000	C

131	>6ce51dbf-63ae-5a6a-889b-8dd1e452cf19	1.0000	C

132	>4e237c4e-2f60-c7f8-b173-f832800e8288	1.0000	C

133	>38e336b8-6424-b42b-0f20-830a6ded283f	1.0000	C

134	>e1e13169-a064-ca8f-05b5-92ae0a79528f	1.0000	C

135	>4c21ba07-1daf-a813-c9fa-e1d09138d503	1.0000	C

136	>e2f7eb4f-e814-b8f2-bf87-5e85c962d492	1.0000	C

137	>af4890b7-61e0-5f62-427d-61c7fa93e8ae	1.0000	C

138	>c9529f65-e1bd-8be2-d7aa-f1b848359aa3	1.0000	C

139	>780db55a-9f43-f89b-c9f5-4ddb6e76d20c	1.0000	C

140	>4e855e9e-bb95-8dfa-b9b5-2f026b202d63	1.0000	C

141	>875f78ef-d97f-6cb8-4d80-8d6863ce2680	1.0000	C

142	>833c5475-5da8-d6ee-8e42-3eb0d9942493	1.0000	C

143	>79588cf3-b1e7-f79c-e6e2-bcb9420df6d1	1.0000	C

144	>056fb734-5cef-bb1d-8d6c-5214606bea31	1.0000	C

145	>679db445-d449-d868-ecd0-7b445d990bd6	1.0000	C

146	>f276178e-54ee-6f62-e3ee-1c532134712e	1.0000	C

147	>705e7d72-ffb3-df6f-35a3-21f0e18a0dcf	1.0000	C

148	>286d1df0-d768-5123-d02e-bde0efc1da11	1.0000	C

149	>c4e738df-8e5c-b107-1fd4-88066da3a334	1.0000	C

150	>78c9a16d-4a02-8c19-f30b-c28f1f9ec53c	1.0000	C

151	>0877d56c-5e9d-e61b-ebd8-b094dcecda20	1.0000	C

152	>ae498662-5c42-d1f3-2c95-55ba57167db1	1.0000	C

153	>8a29366b-4a26-b99e-314d-c4cda7ac2a96	1.0000	C

154	>bf08e5c8-cc08-1217-3c41-d17e2104e87a	1.0000	C

155	>a3da2231-3cc2-bb2a-5a22-fe1417a81d39	1.0000	C

156	>03777316-c36d-365e-117a-7fde769ace5c	1.0000	C

157	>448ff923-382f-7017-a6ec-c7efe4e35927	1.0000	C

158	>044c1af4-453d-e81c-f382-d17ac0c7692f	1.0000	C

159	>909e4d06-f8c5-401f-948b-84071d6eb0a6	1.0000	C

160	>51dbf3c2-95e1-366d-6526-ca45cb79874c	1.0000	C

161	>0411f5fc-7eaa-ff66-4d14-5421afe47c2f	1.0000	C

162	>41f655f5-3f0c-ade5-3c90-7adce4b25353	1.0000	C

163	>15a117e5-c78a-581c-386b-32c5df3c358a	1.0000	C

164	>e3645f76-7840-9967-4082-6976331d4980	1.0000	C

165	>c9a87118-c9e4-12ce-4ec2-aa38baa2ab29	1.0000	C

166	>8b124c21-86da-8f74-8789-5faab9a18026	1.0000	C

167	>8078cead-4f7d-71de-641e-e7cfc8df5129	1.0000	C

168	>79b5b439-74df-df14-73a2-c4d969456584	1.0000	C

169	>9913a2fc-cea0-246d-1eaa-67579bbc82d3	1.0000	C

170	>fdda98a0-a601-0e8f-0a02-d06305574a68	1.0000	C

171	>7664220e-5abc-fc72-5bac-23b1360acbce	1.0000	C

172	>0dbfc9ac-3ad7-29cd-4927-3db62026470c	1.0000	C

173	>9421fbf4-2714-4d54-870e-a16ab7e2657b	1.0000	C

174	>58e8a883-2e8d-2407-1bd1-bc0dfb0a8d20	1.0000	C

175	>bdc7362f-dcf6-6e66-ff1d-f2b39bcf2be9	1.0000	C

176	>a2d003d2-14a8-280e-d8fa-e1eced40038c	1.0000	C

177	>b2cd424d-b55f-6eb5-51ff-349674c58ddf	1.0000	C

178	>eb60b954-7325-8355-bcbd-048d0076a3da	1.0000	C

179	>661963c7-9329-8386-bec9-518758669492	1.0000	C

180	>a91f7c99-6849-6455-2a0d-398a8308d522	1.0000	C

181	>d17883e5-b615-a6ee-685d-ccecebd44100	1.0000	C

182	>d61d8ab9-87bb-87f6-3dc9-30f9a8238111	1.0000	C

183	>48d0bc0b-b637-77fa-d4a5-93cbd5fb0aa2	1.0000	C

184	>c7626b6c-df28-3635-481c-62df2de1458e	1.0000	C

185	>546c5126-4902-4934-5e9b-27c4b9f8f72e	1.0000	C

186	>e343d603-596a-8e08-724d-06c214208e40	1.0000	C

187	>484a941e-f07c-cace-1745-02585f911672	1.0000	C

188	>623e0274-07a6-f307-7d91-3db118b8a200	1.0000	C

189	>9251b181-da40-dfd9-21c0-bd5bfad0b3b0	1.0000	C

190	>b836ce76-2ca1-a0f6-c165-e5fd878e6914	1.0000	C

191	>ca17d574-0d70-557b-30b9-af8068bd6ccc	1.0000	C

192	>0bfe8962-522d-39fa-6615-8f91cd791733	1.0000	C

193	>12826931-b5d3-2468-05f9-a6d2da3e03dc	1.0000	C

194	>99bedfba-dd48-7af5-7798-a7ef1569ffda	1.0000	C

195	>ff9ce452-8ca3-3e80-f42b-70f8218e523a	1.0000	C

196	>1e8aa2e9-f11a-e6db-e471-407ec0aa0e44	1.0000	C

197	>509ce677-d6d3-3bb0-1c01-79e13921bb07	1.0000	C

198	>47e7a968-6f34-4824-6a2c-5421504848ca	1.0000	C

199	>9f01fa5d-42c0-1892-c8d9-d5288d608510	1.0000	C

200	>a15f3f91-312f-f07f-fd33-710373313432	1.0000	C

201	>a5b345f8-c114-68ed-c3d4-2f1728e9f428	1.0000	C

202	>6ebd6657-5472-d1e1-0d6e-cc0752c0bf0e	1.0000	C

203	>df18f008-f2b0-e742-fa5c-b04e42a65719	1.0000	C

204	>45be781a-a19e-3e23-334d-b05d390796e3	1.0000	C

205	>9378733c-b023-0726-f555-6f51a9238d65	1.0000	C

206	>29bcc934-847e-6957-067e-68b9ff71396e	1.0000	C

207	>7d25005e-d12e-e393-3d0a-894a1c80a9ea	1.0000	C

208	>2bc1436b-ab10-f6b2-2fe4-691036c956ae	1.0000	C

209	>05cf1fdc-53be-0fdc-b4d1-c51d1644da6b	1.0000	C

210	>8d5113f5-5577-30e6-4ee1-f9f6cc330d95	1.0000	C

211	>ca258913-fb25-71c0-c8e5-e43adb197826	1.0000	C

212	>3d3c29e2-8b6a-059a-9f82-129b1b8e0b1f	1.0000	C

213	>e5ce95c0-a8e5-358f-dad7-71f491c5b535	1.0000	C

214	>754b6edf-b90c-3461-43dc-6764484767fa	1.0000	C

215	>77735945-15d9-ee73-1f86-82f3b4bae3a7	1.0000	C

216	>3e41ebe7-7fbd-b80d-589f-b46e2152c613	1.0000	C

217	>329e4495-e6f6-203b-7075-f595e0f36dfc	1.0000	C

218	>aa44ffb8-94d2-d10e-fc8f-7648d7395d3c	1.0000	C

219	>e998b59c-e576-5be1-983d-063a4176ee8d	1.0000	C

220	>c255efb5-4a38-7d86-6a78-2be851d6badd	1.0000	C

221	>9f9adf5e-5808-3904-9d99-b1472c8f4575	1.0000	C

222	>e41bc9b1-0e53-c439-f9c7-e3a1bd3c0653	1.0000	C

223	>d77c0492-ae6b-5be8-38b2-3e680c339397	1.0000	C

224	>76a344a0-5a8c-2de7-980b-39f5a38edba0	1.0000	C

225	>e6ca7bf0-2bc1-8fe6-9313-bda7ae1c032f	1.0000	C

226	>4482fa42-4c5e-bac4-9ce9-0b49e89c41bf	1.0000	C

227	>bac88551-c658-3869-7ecd-4f4ae1d9d85b	1.0000	C

228	>01dcf5fc-7c02-7fc9-20cb-25762bffcf65	1.0000	C

229	>5e173494-bcf8-1437-0a57-8303ffacae10	1.0000	C

230	>f66aab5d-aa75-0451-f4a9-e010e24ee0a6	1.0000	C

231	>b19ed351-1a5b-4dee-de3c-155e42b28504	1.0000	C

232	>68ff32ca-7a18-af8e-1614-1402f1c128e2	1.0000	C

233	>2effddd6-4985-1e78-fb8b-b84fa1e35b52	1.0000	C

234	>1c64c5a4-6945-feb0-4290-eeaedb1ba151	1.0000	C

235	>0c967576-9ccf-8d15-3d05-e893017c006c	1.0000	C

236	>04ffe5a1-514f-ffb1-6ad2-b9743c0e3efb	1.0000	C

237	>8459bca6-0c17-18e2-fff2-89156b94e755	1.0000	C

238	>3088d2b7-8eda-6582-d2d9-664b90457d18	1.0000	C

239	>86de491f-5cd8-f624-c84e-b5a13867cdb1	1.0000	C

240	>0b4ba434-7f10-f2c0-380a-c42ded39a26d	1.0000	C

241	>c9a55d9c-b3c5-4ed9-4df8-e42844a0223e	1.0000	C

242	>df12f7e8-931f-a467-ad29-7a9954f39ffc	1.0000	C

243	>b7a28af8-2924-6683-1626-247873aa3a87	1.0000	C

244	>a5875095-4883-ccbe-b045-cb664a8d2c1c	1.0000	C

245	>02a2b6db-5853-943d-e832-aee55491dae1	1.0000	C

246	>ca188010-c9e6-cfc9-ece2-16c8ac04fd06	1.0000	C

247	>d423e135-2571-9ea9-6e9f-4cd3202fb925	1.0000	C

248	>31727097-8c38-45c9-4c76-a3c2084a2267	1.0000	C

249	>b18d97f4-4684-2f72-ef14-5e930e154e29	1.0000	C

250	>9603b473-2312-af07-bdf6-447490ecefc4	1.0000	C

251	>1e96cff2-185b-f5cc-d490-c5bfadeb2857	1.0000	C

252	>a055cfcc-66ec-9bc9-f107-1284dd8393e0	1.0000	C

253	>25fb5d2b-268c-4da2-a5c9-50367c388412	1.0000	C

254	>41554974-e8ae-9703-5266-a17e627ac60d	1.0000	C

255	>82a878e0-e7f4-2a80-13b1-36deac428e84	1.0000	C

256	>35896032-8ab4-5b62-e9e3-03dd3ebed7ec	1.0000	C

257	>5d3b78e7-3b21-c102-dca1-e0b6a7861e15	1.0000	C

258	>471b653b-da76-8925-2b85-b4c1a6a95f77	1.0000	C

259	>89ca43ee-96cd-6491-5c75-57d71fe490ab	1.0000	C

260	>f0932eb9-814e-d471-6f22-a70ba7fc1912	1.0000	C

261	>e6215034-7d2d-03ce-84e9-656ddf940aed	1.0000	C

262	>8eb26673-a8a4-9bb0-7057-0fdf9961ba67	1.0000	C

263	>5d978d50-767f-326d-bd08-ecbfc6fa33f8	1.0000	C

264	>9d1c13d3-eca1-0fa2-cdbb-298ab68e75e3	1.0000	C

265	>bacde7ad-e019-76df-8c51-222b7e41a668	1.0000	C

266	>e9943676-0988-d909-5583-7c430f5496d6	1.0000	C

267	>49276410-75f7-bcf7-ec10-1fd0031c1004	1.0000	C

268	>bd643a98-344f-5fd8-80b8-62077fe9bc91	1.0000	C

269	>3368c217-caff-271b-ebde-b6f9cd30234a	1.0000	C

270	>549b28f0-1c1f-94d6-e74e-b4d2fd238bfe	1.0000	C

271	>306c6abe-15c0-07b8-a522-b210efcf16a8	1.0000	C

272	>7d5b89b5-8f6b-1e6d-a772-bb9166730011	1.0000	C

273	>93ee630d-34c4-26bd-6b5a-71578989a283	1.0000	C

274	>edcaf983-4114-6660-23bc-58e2a26caafb	1.0000	C

275	>9b649bcf-eeda-0101-bf35-aaace6196be4	1.0000	C

276	>ed07b9c0-442f-b156-27ac-e1f827873aa3	1.0000	C

277	>7661e2e1-a0ae-95b3-07fc-6ea798df0dba	1.0000	C

278	>4bf9340a-7a07-4717-094a-bfe5ffd0b5a5	1.0000	C

279	>69a89ac7-c558-613f-ae88-cfc09a1808de	1.0000	C

280	>03495eb8-4612-35ff-7d8c-aa51fbce29d7	1.0000	C

281	>e7d4cffa-e816-f5b8-6ea7-3f637a40a79a	1.0000	C

282	>9972553c-94de-aded-f9f0-ec936f32eb82	1.0000	C

283	>4d20c803-7745-ce83-d3ee-570a94f89fb5	1.0000	C

284	>c79bf993-b6be-494a-66a2-eec78f46f9f5	1.0000	C

285	>3cfbece2-f0d3-c714-8fa1-2c0e67e7c0b2	1.0000	C

286	>d6caeebb-9b83-0599-bfc1-aae06cb78f10	1.0000	C

287	>0fd482df-dd95-e64c-e2bd-a9e18090fe2c	1.0000	C

288	>904b550a-be79-ccd6-e8c9-6029038b16c1	1.0000	C

289	>acb5d82e-3e6d-7a46-8446-a3a0b5218489	1.0000	C

290	>aae58a1c-6858-9cae-4d06-8a7f0d72de81	1.0000	C

291	>bd2cf781-1ef7-500e-18a1-616f28136ed5	1.0000	C

292	>444273f3-c786-93dd-8f9e-03e8931efda0	1.0000	C

293	>6cafd5ff-73b8-e903-5d9d-a257cd4c5482	1.0000	C

294	>e67f41c7-a46c-4dad-5979-af2132cd88a1	1.0000	C

295	>1483f8cb-d27b-d412-df7f-5c8d1f51a57e	1.0000	C

296	>2ca73f73-8099-8e7c-0c41-7533e9c5e5c3	1.0000	C

297	>bbe753c9-d58b-33a4-b124-3a1f0b1c2134	1.0000	C

298	>d53eb01f-dd8b-a8af-c0d2-889a5c5aa99f	1.0000	C

299	>8ffa0357-7cf6-57ce-50a7-33992a6ff3da	1.0000	C

300	>d2f6832b-ef0e-1f15-baff-2e9bc6927f2c	1.0000	C

301	>e23d7471-0de4-1f5c-788e-09f5b53a1d1f	1.0000	C

302	>711f0d8f-71fb-6ecd-1efe-d4512b44d399	1.0000	C

303	>37627e1b-878c-0b3b-8dd1-aeea0a27b92f	1.0000	C

304	>39e39bb5-eeb0-c780-eb04-00a316257328	1.0000	C

305	>46b5c057-dc55-99af-dfe4-97409f4db689	1.0000	C

306	>1799ef0c-faa7-c9e4-cb4e-89e53d87a449	1.0000	C

307	>b83f002e-ff62-2924-b211-453c02af5157	1.0000	C

308	>d412afbd-6648-ce12-3429-d40ca5278fde	1.0000	C

309	>c2bf4d14-ded5-2a43-e5c8-b8a8c8bb6d5a	1.0000	C

310	>9b9fde3c-c642-0bbb-1ac0-bf9f0d108c31	1.0000	C

311	>7a0024ca-fcf3-0222-86a8-324460331d57	1.0000	C

312	>3914779a-98e3-3450-981b-153b2d53d39e	1.0000	C

313	>46c5ec54-78f5-d664-9a21-547426b35660	1.0000	C

314	>b3961917-5b79-544b-a3b3-fdfc482564df	1.0000	C

315	>158b9cb6-f6c3-c33f-bca7-e6a0875924a2	1.0000	C

316	>79f26cf0-3caf-3966-59cf-54a5762db2ac	1.0000	C

317	>8e012669-bc57-d403-dfd9-1a4804126078	1.0000	C

318	>c9aa54f1-ced3-1e10-a750-4b1e2a5c1456	1.0000	C

319	>377d3eb1-8ee3-81b9-c70f-1712967fae6d	1.0000	C

320	>33c5ba9a-9286-06af-a9f2-405e285ef14f	1.0000	C

321	>17d81a62-9625-d58c-2d94-3f60ff38e015	1.0000	C

322	>ba819f98-74e4-2878-5d19-2b01ab80c768	1.0000	C

323	>9c61a32a-c4b1-b3f0-33c7-bcda0820ce1b	1.0000	C

324	>87f5e7a0-eb18-09aa-5636-4dad9b80e2ac	1.0000	C

325	>de0fe78c-a2ea-a003-52da-c02aac6f87cc	1.0000	C

326	>abaae885-056c-72f9-46b6-db1ed8503b34	1.0000	C

327	>873ac9ff-99d7-6194-4ad0-945010d5c784	1.0000	C

328	>537949f9-362b-81b6-6e41-44986ed59006	1.0000	C

329	>e6796b95-313a-3aa7-712e-c9251ed945dc	1.0000	C

330	>5d7220aa-4017-cb43-ba73-134ac83f493e	1.0000	C

331	>4ddcfcef-59f0-847e-2275-fb6f49623b35	1.0000	C

332	>33b0ef0f-90f8-39fe-4ace-f34618526e7d	1.0000	C

333	>faba0ee7-533e-d942-69e8-b1ab1a91eab0	1.0000	C

334	>62708ac3-2f52-78c4-1f5e-a6133bfc1932	1.0000	C

335	>e69799e0-c9f5-76f0-001a-ab708b70f47a	1.0000	C

336	>8b3d0665-827f-9537-27f3-24fd57d49369	1.0000	C

337	>30796e75-beaa-4343-9a9f-0453ff9e4cf4	1.0000	C

338	>fb970336-2254-5311-585b-7be07ead4dbd	1.0000	C

339	>c2394d0e-4381-20e9-8054-c0ff775304ae	1.0000	C

340	>de00da02-5e4b-8c96-52e8-43c59da6f55a	1.0000	C

341	>16e604ba-c77d-d1ca-6d83-a2d3d0aca78d	1.0000	C

342	>39c51a0b-f1e3-55e9-fb10-8834f2f1de9c	1.0000	C

343	>a283f60d-a906-3176-0163-52309f398889	1.0000	C

344	>4d2cc170-8c8e-e5b3-6877-e73ce695bc20	1.0000	C

345	>8b8075f0-adb9-09d4-35c0-d90df06e54bf	1.0000	C

346	>00b31771-6c93-b966-617a-725ed1a8731e	1.0000	C

347	>e5f175a6-73bf-3faf-8133-a9dc3f5eb2bb	1.0000	C

348	>1c2849d0-d6da-b309-0423-4739a4d1ded3	1.0000	C

349	>f7b60cc4-7573-7e5c-ca75-93a81e0e9077	1.0000	C

350	>f86b4326-ea92-39f6-87c7-8726d2e0e642	1.0000	C

351	>e989acb1-a8e7-2386-ade8-43f5d55dc7ef	1.0000	C

352	>7f74b60a-06cd-9da5-ac05-0b906b53c71c	1.0000	C

353	>fa9c40d5-1532-5287-101d-15e860357c7a	1.0000	C

354	>04ea85db-8a2f-fffe-a0b7-5737f521cc08	1.0000	C

355	>aa392518-1b65-55c3-0993-346aa3d01378	1.0000	C

356	>65648614-e4e8-f83c-dafd-ca119c81e213	1.0000	C

357	>94426014-c906-dbc3-2ed4-c1d39c3ad276	1.0000	C

358	>61f1f537-bdb5-e545-d3c3-8e41b9d5bb1a	1.0000	C

359	>7d386892-b57c-4adb-bdac-e2adc8f0f89c	1.0000	C

360	>6b8943f6-4a69-1057-3401-99af3522cc0f	1.0000	C

361	>9931b6be-62bc-5134-4884-761ab1304739	1.0000	C

362	>dc8021b5-4a99-66ae-04b1-7cb950c21afe	1.0000	C

363	>0b7bc6b7-d40e-f671-4fc4-ea5437513431	1.0000	C

364	>b7617884-0d92-7de5-9fc2-576d272564df	1.0000	C

365	>ad1b0d38-6564-074f-54f2-de00b077b6fe	1.0000	C

366	>dcbcc903-2e97-fe45-5d45-036362978163	1.0000	C

367	>d421fce3-43e9-3e20-343c-fb904c4b4565	1.0000	C

368	>b4f89d85-4dc9-a990-704e-30c21022d0cf	1.0000	C

369	>d70bff87-0250-6d9c-efc1-d73c7e2f8699	1.0000	C

370	>8278ca53-4a21-a13b-9dd1-cb4fe54c451c	1.0000	C

371	>1f1652a9-a7a0-67d8-63a2-9353b80f9bd1	1.0000	C

372	>8018c831-faaa-f796-db0c-5b9da271d8ee	1.0000	C

373	>0ab63e91-8ea8-c9bd-e961-47c510433ce6	1.0000	C

374	>bcf67649-175b-395b-39f6-e53f4323e230	1.0000	C

375	>9c08e362-123e-efad-c505-84c0aba223e4	1.0000	C

376	>fb899fe1-dffd-8fb1-67b5-e0c5a06be7ad	1.0000	C

