1	>05abdd29-ce36-8d29-285b-a5931498459d	0.9594	M
1	>6934ca47-9022-59eb-5cc4-650e8048698b	0.9652	M
1	>5eb0526e-67e5-dd96-d6b2-bf2bbcc2cec0	0.9643	M
1	>158d73fe-660c-c684-382d-04c37136a50b	0.9671	M
1	>3cf03f7f-524c-6cc3-33e1-e1da9fd49884	0.9554	M
1	>efb88a14-774d-6c8d-a26c-ce73ef386b18	0.9470	E
1	>20d3a3ff-3847-9dc2-8d4c-5fa586937759	0.9643	M
1	>8d3f03a2-e0a6-c890-c27b-811f6907cc95	0.9347	E
1	>224dfb05-6aff-8aa5-9f4c-2d284293e3b6	0.9648	M
1	>6d27d5bf-3239-5e9b-03c7-8d763d46d686	0.9526	M
1	>8b5a8ea3-06a7-c7b3-4cf8-9cb20a0af10e	0.9670	M
1	>8f5a97f5-197c-501b-9d4c-68b2d0fb5e6d	0.9647	M
1	>66718075-5244-e548-14dc-cafbaea27d6f	0.9613	M
1	>61e0021b-270a-5f57-a0f6-bffdb3467a79	0.9631	M
1	>eda8a583-9ff9-8d90-32c4-b7ca443ed22e	0.9480	E
1	>80195580-60e5-c7d6-4856-27f1d927f09d	0.9415	E
1	>a9fb5ccf-915d-329e-58eb-834510711dde	0.9826	M
1	>7cd187be-6968-81b6-c3b2-13e4536049c0	0.9480	E
1	>d47071e4-8c7c-c7a7-1386-03a0e23e82f9	0.9529	M
1	>9255732f-f3fe-01ff-604a-a22edcc8e5aa	0.9684	M
1	>9582ca6c-30fe-55c1-295a-d001cbea8efd	0.9700	M
1	>6f011b14-711f-1f08-379f-e6801b89277d	0.9849	M
1	>02496335-fd45-ea0c-79e8-219abae5b5e5	0.9464	E
1	>d9693257-6d85-fb0d-747d-38ad0182e733	0.9673	M
1	>aed03c47-a24e-53d3-0846-fa4fadf76eff	0.9762	M
1	>a5b98d20-b072-28d5-258c-e0123d5e7779	0.9880	M
1	>bae769da-04cc-5555-375a-68f17ff0ee14	0.9537	M
1	>000b3f6a-3f38-9246-a83d-87ad943bf9db	0.9800	M
1	>2dba89c1-c3a4-c676-9fa1-705d5543738d	0.9526	M
1	>e1491e67-a982-176a-606c-64b58b707d60	0.9836	M
1	>d02f8558-506f-b7d6-d02d-caf8a3658b23	0.9465	E
1	>f4fdde9f-4db2-7e88-ec6c-1f576a4ca00e	0.9667	M
1	>f2431b70-f2fe-5d68-4c47-7e952637ee3f	0.9664	M
1	>27856457-1fe4-7112-e923-38862d662439	0.9583	M
1	>1a85eac4-edf6-7860-4392-a4834fa86198	0.9860	M
1	>9a19fc12-9589-5303-be14-8b891f593b32	0.9729	M
1	>47892221-c5f5-f595-b34f-39ff6f1c1f1b	0.9684	M
1	>07fcad59-7c2d-139b-bb89-724337922236	0.9624	M
1	>d6710a6d-c210-efa5-ad8d-6f576ab5698b	0.9612	M
1	>f72fba30-afe4-c45e-8d3e-c301a289a5b3	0.9932	C
1	>56349f62-cbe7-8635-6271-216f9d73b225	0.9776	M
1	>7d67fba0-dfb2-86d9-b835-7dcda357fe08	0.9884	M
1	>e04bb3a1-8951-33de-ca0d-1c8421862c8c	0.9853	M
1	>5e4059f6-9aeb-232a-05ad-fea4327059df	0.9777	M
1	>b667b4cf-286b-5233-24eb-13bd30882401	0.9382	E
1	>e3ade2c8-9dfc-8e72-0607-57a5f8a0fcd3	0.9752	M
1	>825a2f08-4545-53a2-bcbf-df2054d98b06	0.9458	E
1	>f858cc25-16ea-6d1e-fcbd-60525efbce22	0.9476	E
1	>2a098e33-d062-75b7-7aa8-b125f238fd47	0.9678	M
1	>0cb2bfe4-ddc5-760e-ef5f-dbf63c0199e4	0.9363	E
1	>5459e77d-8b0d-e71f-8c1a-8a007236858b	0.9451	E
1	>7939c46a-fb7a-d37d-1b51-a9a922820689	0.9672	M
1	>c4c350bc-371f-0877-e3ff-44b94c0297f6	0.9533	M
1	>6cabda04-1fac-e6e4-59cb-55726c489b07	0.9635	M
1	>7aa9c717-be45-603b-c989-0a95a5240753	0.9704	M
1	>c7a1bec7-e6dc-4767-69a6-4920f9c36764	0.9477	E
1	>682186de-51b1-735e-442b-cd7ffb6b5e6e	0.9540	M
1	>91911f3e-7ca0-e12f-fb0b-f45de2f26295	0.9450	E
1	>8a55c930-4077-0dd3-6544-69fca337eadc	0.9430	E
1	>60879342-a1d4-8d8e-7b89-aa09111c639c	0.9479	E
1	>b6dec3bc-dfb9-01a4-5e98-eebb259438f5	0.9597	M
1	>2580135c-4189-4ac0-6da1-62a054bdfced	0.9523	M
1	>920d1aae-7f6f-6571-ad8f-cf3827bbe1c7	0.9434	E
1	>40de31b2-27f2-a37e-fc1b-e256ff896849	0.9653	M
1	>3a13f9e5-a1fc-a899-6eed-23d5c9333ee1	0.9485	E
1	>c7401301-6979-c0d0-6bf6-73070741a766	0.9698	M
1	>2a7d81e9-2881-cfbc-d15d-62b67c8f8715	0.9585	M
1	>595fe294-4b59-e415-ecec-03af0b1449e2	0.9591	M
1	>cf5d7213-483a-e0c5-b64b-eaa433d72a15	0.9906	M
1	>2c13d665-f3ea-a5c0-a752-5da6cdd5bd27	0.9576	M
1	>d625d169-25db-308c-e1bf-d0d5ead5e877	0.9485	E
1	>bcd233aa-8ee7-b0e0-9f88-fd098e6a2c7a	0.9485	E
1	>68e3b0c9-4a00-f56c-42c2-5509974a465b	0.9632	M
1	>14581937-9caf-1c1f-aa58-a4adea22bcd1	0.9634	M
1	>e1feddcc-c518-3e29-ca3e-2407f6d6eeaf	0.9596	M
1	>6e2f78c7-f891-523e-d455-120f01413feb	0.9538	M
1	>ae154b2b-a84b-f2ce-e213-748d4045365e	0.9436	E
1	>6cce8b16-1851-0cc6-7de5-a0bd0b5c8c1d	0.9768	M
1	>efd1b747-8b8c-feba-53ab-1d24ddfe1931	0.9469	E
1	>a0bbdba8-70ed-def4-97d1-c6e142c49fc0	0.9544	M
1	>d5262aa7-a33b-e8b8-f7b9-080394ab5c07	0.9561	M
1	>eedfccd1-91ae-cc01-d20d-4f40af36589f	0.9653	M
1	>d29fc44e-5a0c-ac3d-6aa6-0d90b9c9a917	0.9734	M
1	>5020f48e-1a94-c4a4-d9e5-48af19460bc2	0.9695	M
1	>04e51f46-ad7f-dcb7-3bd7-2c3832da85bc	0.9515	M
1	>e54976a9-9f93-2c70-2792-a22c84bc8d5b	0.9564	M
1	>c0775156-9b3a-b1cc-632c-2149212bdd3f	0.9710	M
1	>921d3733-be97-3638-7118-9d0ab3d4e097	0.9606	M
1	>cceb138f-3be7-ecf7-9e5e-0913218b321f	0.9612	M
1	>0c1dd11c-c84e-158d-32a3-044de1120fb7	0.9494	E
1	>ab5ff7fd-7b57-2e7a-f1b6-a765850b7aff	0.9558	M
1	>1ed79dae-c963-1cf3-3b93-840f169ad2e7	0.9709	M
1	>12a3c644-4623-1158-ab17-bb014f88573d	0.9482	E
1	>46e5d465-139f-d570-8764-3f30a08e937a	0.9516	M
1	>9c8b814e-1e29-eae9-b0c0-9a390504ce42	0.9545	M
1	>31242737-64a1-d25a-dcb4-0b14813d5fc1	0.9640	M
1	>95355327-2e14-fb38-5e52-968b42c09925	0.9471	E
1	>4638ce29-6701-0a6c-f364-8bfe7588d0ff	0.9823	M
1	>86712775-d914-3964-f0c6-e713c365e3cf	0.9768	M
1	>a695270f-6adf-e630-b470-8f3caf2540dc	0.9444	E
1	>f8200751-37eb-fca4-c362-da5006eaa86b	0.9576	M
1	>e471a068-7258-480e-9de2-0835f1f173c9	0.9572	M
1	>5edbb968-dc48-773e-d67d-319c30309651	0.9497	E
1	>e450e376-ad22-d31c-9ab5-8d36210a8684	0.9581	M
1	>4e7211a7-e3f8-9bd1-4a89-2edda44f7b9e	0.9591	M
1	>e9b5c11a-9514-fb5f-7e84-bebd73c27784	0.9516	M
1	>78ba1303-de9f-2f4e-84fc-89c2d8103a55	0.9419	E
1	>f771e17c-7d27-6569-952e-b7bdb10cfc8a	0.9781	M
1	>f870e18e-3f5b-bdc5-d881-4a50eb785e75	0.9897	M
1	>442a6cdc-d573-8d0e-7322-2118b0c6ef4b	0.9419	E
1	>748dd991-8130-3c59-0207-bd45fd59a37b	0.9429	E
1	>93d2799b-0f31-7a42-04a8-1e7f935b1cd1	0.9441	E
1	>cc319924-9ff7-3161-3c38-2465d27fd27e	0.9370	E
1	>cef88b80-2b56-8f08-5d3b-2cc33ff6aa70	0.9527	M
1	>3bdb3ad4-b487-96b5-459f-4bd072b504ad	0.9673	M
1	>928f5d39-2c31-69b9-6f47-e5b7be819fd0	0.9806	M
1	>89dc8264-953e-50f3-818a-839eb6fc8544	0.9607	M
1	>d174fb71-1416-4d81-ce61-58b9a76638d1	0.9475	E
1	>cd220b86-371c-95c7-6443-c5611c734eb9	0.9728	M
1	>4514a8ab-6d01-0771-139f-2b62504236d4	0.9684	M
1	>e27e1aad-96a7-2169-f357-5fdc1a75dcfc	0.9834	M
1	>97ce5a4f-4669-98ed-fa4b-b686ded794c8	0.9416	E
1	>7fcf35cf-2d84-0966-5606-1bb959be0a18	0.9521	M
1	>60d5a3b6-a88d-e5ae-772d-625b833f8146	0.9577	M
1	>76027884-35f2-bb22-12f9-01080dffc869	0.9360	E
1	>87932c06-43b7-f36a-1274-ae8c5f42ce8e	0.9658	M
1	>db1c80a7-1ea7-d67c-2a6f-9cbeb698a445	0.9460	E
1	>5f0bc242-0cf8-2bc5-1465-81adec735946	0.9819	M
1	>318256f4-3d7f-6b0c-89d6-15da3247f54c	0.9576	M
1	>a3374803-7aa0-bcfb-6103-05a6ed18dcda	0.9557	M
1	>37b96892-3427-ec46-0593-ec5760fa4735	0.9647	M
1	>9f7235f6-034b-eac7-dc88-00f7f76a826a	0.9410	E
1	>45757025-4dde-7428-ec9a-972e90a11309	0.9748	M
1	>03b7399d-3435-44df-a401-adccd571dabb	0.9671	M
1	>46ccca66-9206-12b3-daab-56e7be2e41e2	0.9719	M
1	>6cb35b7a-fced-214f-0e11-51dd0916dc4a	0.9563	M
1	>f4134462-bf85-7eba-0fff-7bd149f37727	0.9704	M
1	>0a837b9b-d942-d3ce-f041-92cf781755e1	0.9577	M
1	>f8bbcffb-7773-59cc-ba98-912a2a81193c	0.9880	M
1	>34b2ab58-f210-b099-041d-953b69f39c8c	0.9565	M
1	>2cf5b81a-33ae-12d7-e1f9-e9a5e873a297	0.9477	E
1	>57358516-2ae2-3c7d-5b8d-df6d73190af6	0.9789	M
1	>0a3cf9bc-4896-c1d3-646c-976bd4812c7f	0.9357	E
1	>52d0d2c6-6664-698f-063a-51b1bfe7cf34	0.9863	M
1	>68ac48a1-ab66-c0d0-4370-f9766d7d09a7	0.9644	M
1	>cf728ea7-a878-cff8-a467-8e313158c85f	0.9451	E
1	>cb21c4b8-fc25-9587-f3e4-163b04e09475	0.9637	M
1	>35824407-cbbf-b63d-3294-c60544768e29	0.9392	E
1	>62d71721-3791-2e82-a2cb-a7ec34895215	0.9384	E
1	>cfc39657-e512-d15c-d5f7-faec3f7da369	0.9778	M
1	>804f7680-785d-4abc-7789-cef6c091470d	0.9730	M
1	>b83874f0-3055-6858-399a-228e699d252d	0.9599	M
1	>eaa40b37-a5d7-420e-8c06-cb2f5155aa7c	0.9728	M
1	>07f56dfa-af04-d3dc-1231-b32119ec326a	0.9709	M
1	>87afc651-5c69-da3d-f936-7f1a47436b99	0.9620	M
1	>e30c2064-4b08-c97e-8a57-5c2856c8e624	0.9657	M
1	>ec82020a-b95d-361b-3f14-98097ece96c3	0.9924	M
1	>62810b67-bd3d-5475-451d-3a8164901350	0.9390	E
1	>1ea4191d-43ab-b613-7462-51b66fa14789	0.9548	M
1	>20f423a0-78f6-f43a-003e-3b13659e702a	0.9512	M
1	>8aa33507-1e6a-c527-a301-b0920aabc411	0.9888	M
1	>40f02e85-5ea9-0c9e-d5a0-03e7a7302e0e	0.9762	M
1	>28a30c8c-031d-bf50-4bdd-999235a71c10	0.9767	M
1	>c382b15d-e81c-fc58-dfd7-17eea654b224	0.9449	E
1	>e1529d46-5dc4-7942-6282-2840c5a0e21f	0.9672	M
1	>227ca363-2f8f-0736-b131-4259697e296f	0.9647	M
1	>aa214545-030c-4cd9-9163-405304f5097c	0.9467	E
1	>d105afac-89a5-7b64-4c6a-917b29da7ec6	0.9468	E
1	>c02b0ae4-1564-41a0-c79b-a77ca42c5d15	0.9701	M
1	>614304ce-9bd4-2b71-13f5-91991c020b6d	0.9536	M
1	>1bab74d1-9cde-2702-c0e9-9cbdb258101d	0.9602	M
1	>6a46c111-181e-d99b-a7af-92ff2c6ef958	0.9621	M
1	>1c943b0c-4d18-334f-892e-88dda73b3e71	0.9571	M
1	>b1daf0e9-659a-bea5-1746-020de2540127	0.9626	M
1	>9b54948b-9005-9647-b24d-9027171baaab	0.9880	M
1	>76d174cd-e01b-26a8-9071-f963e95fa3cf	0.9642	M
1	>a78e773c-b156-eca6-c871-fc6358c86441	0.9596	M
1	>57e880f7-2440-8715-7b5d-c4a4dd5cf842	0.9350	E
1	>3f8aafec-5c85-c05f-793f-bec2dbb891e6	0.9816	M
1	>e02b1828-3387-148a-8bf6-cc3875aaa3d4	0.9749	M
1	>7960925e-1760-50a6-3e33-1d8c94536744	0.9890	M
1	>afc83940-226c-e297-fc65-3ed553d64ebf	0.9688	M
1	>53cdc4b2-59c2-2fa7-71d9-ab5871ef8df0	0.9654	M
1	>6a9b13ff-1d08-7586-498a-389cb608be21	0.9609	M
1	>7b769a83-8fa1-33ab-c363-0cf95f822f7e	0.9713	M
1	>5f830a08-bcdb-214a-1580-8ab20816faba	0.9695	M
1	>cb55b20e-ca88-5df9-9d9a-325eaa0c3497	0.9396	E
1	>585760c8-4a56-8e2a-b00f-d4049b3c4ff0	0.9590	M
1	>b5497487-01cb-2aa0-e5a6-e78e9772b47b	0.9738	M
1	>f703737e-ff2b-b1c6-6c35-ecf5246ee7aa	0.9589	M
1	>d05f00a3-804b-9b8a-0232-1d997a31d86a	0.9792	M
1	>79a5683f-63d1-871a-e5db-58643ea0f394	0.9376	E
1	>2c4a6861-185b-cf16-c250-7f2c130992b5	0.9646	M
1	>a756ca5e-2765-5aa4-3399-7dc835e1df92	0.9617	M
1	>67fb7494-96aa-d78d-8a8d-0a5a5fade795	0.9611	M
1	>30269a26-4918-d920-5196-072b95739590	0.9841	M
1	>03ac5362-3f20-dd92-6bb0-2b845c933894	0.9626	M
1	>662ad8a1-0147-2eb8-dbdc-c8f1e8b8161d	0.9740	M
1	>86d912ef-37f8-8d97-1690-e7062a5834fb	0.9514	M
1	>206bd2c4-6507-ba10-8a00-dd772d876164	0.9419	E
1	>1358acd4-1612-3240-dd26-f097bbcdf4c6	0.9476	E
1	>c3301700-d0ee-799e-9632-e12c7c870640	0.9684	M
1	>5242bb52-de78-1896-786c-7d173270af15	0.9588	M
1	>07199672-9c82-4672-813c-02eecf544740	0.9631	M
1	>29db0255-a3f2-2aa8-9bc7-02ee622b02e7	0.9719	M
1	>e860f6a8-27b4-b507-d5d7-ef4895636cd0	0.9528	M
1	>8af5c026-0b83-67aa-62f5-3268b54db99c	0.9836	M
1	>c98397ad-148a-ba0d-4ea4-18135d4d2438	0.9630	M
1	>c193692c-b0bf-2a79-459f-0181e8c1a65f	0.9495	E
1	>756de596-dbc6-088f-16b3-3a94267016f1	0.9464	E
1	>bb3c8575-5bca-860e-850d-8d216665a233	0.9765	M
1	>1a30703f-e5d0-5939-5e09-cee6b0c060a4	0.9677	M
1	>634fce4e-a2e8-bd4a-547c-60bee250156b	0.9545	M
1	>9390a64c-7967-88f2-5d77-0371deef8768	0.9595	M
1	>e85f2ead-b3ac-26db-c3b1-9d719c7395b6	0.9563	M
1	>1bd45c83-f680-a66f-f838-65a347d32070	0.9499	E
1	>0b36c833-4512-f02a-492b-c0de058f04e8	0.9430	E
1	>4e866516-1e14-3fa7-7baf-a8f6677a4816	0.9678	M
1	>056baf29-dab0-11be-d885-f4aff5b4eaf5	0.9539	M
1	>34f105b6-11c2-3a5c-0379-8480332e60af	0.9639	M
1	>de82d682-9aec-6591-8f22-3bd7c36482a8	0.9769	M
1	>4cc9d80f-32c1-b62f-e296-84cfc4b9db73	0.9861	M
1	>030d8e05-5c61-895b-1c02-e9565b15b107	0.9610	M
1	>fc2a12fc-a901-10bc-edf3-de77338f987c	0.9601	M
1	>b4bf8cd4-7db8-5be1-5c33-ac1bae306320	0.9601	M
1	>7647c315-fec7-9454-e750-088f3f1e64c7	0.9396	E
1	>0bbdfb62-65b2-d1d7-573e-7e505313fe1b	0.9547	M
1	>f6406d3d-1770-a41e-9105-9f011e8f8e62	0.9663	M
1	>66fca87e-4476-8f28-7d87-c97ca6de138c	0.9516	M
1	>505c6896-1398-ad47-55fb-88cd8034d3dd	0.9805	M
1	>80201371-9c26-6736-3a49-0a7deadc8a17	0.9894	M
1	>a760f3a4-09d2-11ac-6ccb-a5afc0a0144a	0.9660	M
1	>b7e65c20-6be4-451a-57d0-b3d217153158	0.9560	M
1	>4d7b6dbe-9b6a-7220-de39-4426c5fae1c7	0.9779	M
1	>7d00815f-2f53-37af-ccba-8678096d88ee	0.9554	M
1	>e97b647e-7f20-b6d6-9506-7009d38092e8	0.9855	M
1	>11bd0b81-610a-87cc-2d04-0614d4c790af	0.9624	M
1	>40ff8775-8ffb-6c4f-c601-c12483e0cf58	0.9646	M
1	>c979bac4-3762-f8b3-ca33-572fabf72de5	0.9828	M
1	>ae04e9d7-3c19-bfb5-395d-0027e0522f45	0.9729	M
1	>576c1ab3-4c9c-180a-a710-d24020194e40	0.9660	M
1	>8dad6000-6bf4-2efc-9422-1e72c36c1dd9	0.9704	M
1	>1117bf4b-2cbc-2e58-24a0-fff2773846d9	0.9378	E
1	>f1d72a27-79f4-eba6-0994-e33f03fb9d3b	0.9370	E
1	>bc80ff3c-c1b7-c4ef-c5a9-6a503aa53a76	0.9812	M
1	>80587e71-645f-528d-8504-79f345a8fb73	0.9757	M
1	>313cb29b-67aa-7e5c-b5e1-7c34ccb17791	0.9492	E
1	>d47ae3c8-063a-29b8-a4ac-91c2d5c335e7	0.9574	M
1	>2c5d7b8e-ff8b-b99f-fbfc-a2c749c5dcd4	0.9394	E
1	>e4492899-f05a-5d32-6856-bce7cc976183	0.9665	M
1	>4b043897-39f7-a967-251a-a90d463a025c	0.9433	E
1	>d1e70830-4038-66c9-59f2-b4d80cee6d7e	0.9886	M
1	>3a98b57a-710b-1648-4068-66d91d338638	0.9373	E
1	>246d6976-2a52-cb85-3614-dd5a7f0b703e	0.9721	M
1	>ceaf66e6-2659-834d-45a7-2fa6c8e83a18	0.9624	M
1	>e5f2649b-92fe-aee9-9416-eb1faba14e0e	0.9591	M
1	>47d06694-1b49-abf4-3de1-e1d9122f0880	0.9840	M
1	>a9134bd0-e9e1-e71e-03d8-d3cf05f3081d	0.9514	M
1	>f487aea8-0ff8-ffa7-3430-3891de10f3f6	0.9461	E
1	>b3aec27a-8756-f5a7-27db-316e75708afc	0.9486	E
1	>2def7bcc-23d0-d592-4c8b-2ccac6a97e47	0.9867	M
1	>6af58c36-2cc7-cd6e-d8f2-ca1406efba08	0.9507	M
1	>c4ccfbef-e99b-b019-6df8-f96f1b116e8b	0.9665	M
1	>309af974-4a34-f99d-9766-beedaeb99175	0.9545	M
1	>6640999b-4de7-ffb4-f0dc-459bdf3881cc	0.9515	M
1	>5277469f-d09a-5884-78c4-2549dd384c27	0.9782	M
1	>680acff5-ae9a-01df-7923-e1f376f4a092	0.9681	M
1	>1b8f2549-e713-ad12-c116-b26243f184c3	0.9474	E
1	>574f4d3f-3382-fca3-a176-852326024d32	0.9455	E
1	>feb06248-54b8-14a5-da30-9607b2029417	0.9917	M
1	>612e0222-6bc8-47e3-c039-0c3a6d72e1f4	0.9458	E
1	>ad5eac52-14e5-9169-6748-07cb99bbc752	0.9745	M
1	>a78070bf-4562-8f3c-510d-df10a15b94be	0.9592	M
1	>79629052-46be-f28f-4307-ae0dfa02ebc9	0.9524	M
1	>772e447b-75da-9f96-3615-22f0af888e4b	0.9531	M
1	>e4db657e-750f-32b0-cc2d-80b525eb6150	0.9633	M
1	>22299aaa-b8b0-58bb-8e67-285e91f32c8f	0.9338	E
1	>e6646586-1d4f-1f74-a433-216471e8bf25	0.9909	M
1	>d7a53344-d713-8bf2-652e-2fe7dcdd5560	0.9848	M
1	>dd5ea887-ebca-2822-e7b9-bddbe6d4b63d	0.9654	M
1	>06a9ede3-b31b-1224-9baa-16045cb7804c	0.9709	M
1	>319924ff-31ea-f443-0a8c-597d78ce63d0	0.9372	E
1	>dea61dcf-95f1-ac4f-d54e-c4bf533fd5b3	0.9400	E
1	>faecca64-cb87-f6fc-7e97-339d14400300	0.9505	M
1	>0be2f551-9c51-acdd-5878-144a54079d6c	0.9432	E
1	>a1206e2c-d6a3-1bd2-4bbb-02398662a84b	0.9341	E
1	>25874b44-1305-a88e-4576-ca117840c2e8	0.9682	M
1	>65f0c083-dede-d8ed-947b-af3d9f679a8a	0.9633	M
1	>29aa64ad-c312-2d3c-fe29-f0b3d861ce04	0.9399	E
1	>16f12577-c1dd-6b25-5af7-0102825ab6f6	0.9743	M
1	>8e6c7b7a-c2a3-ea78-b300-fb0452a3d36a	0.9364	E
1	>d6f608c7-efa5-0cd6-06fe-d3305425af8a	0.9403	E
1	>b08d3dbb-f292-1d45-e4a7-fc132e9e7178	0.9564	M
1	>6d0b1057-90cc-0048-e9cf-00600fe0c7de	0.9505	M
1	>21738bbc-cf25-161b-5ba5-0346bf0fd3b5	0.9402	E
1	>605fa201-12f4-ef0f-d696-bdb239c423e5	0.9658	M
1	>0653097b-85ad-ac21-3145-193f201f8511	0.9389	E
1	>a926880d-e549-3bfd-b82e-9a2c19e2af9c	0.9587	M
1	>1f88bff1-df7d-8458-20bd-37234fd4bc0d	0.9885	M
1	>27e43628-89da-2a5d-032a-92c1f6cce481	0.9427	E
1	>9872b75d-9142-74a9-2e91-ed3ca11bac73	0.9775	M
1	>9874b670-8440-2513-ffa0-ec385284ff35	0.9422	E
1	>08881a4b-ba3e-c85f-78dd-cee2396399b2	0.9671	M
1	>6f68f28c-1b49-6979-2af1-d0ddd8aa976c	0.9826	M
1	>2ba4773f-6660-add6-ad36-033b67c25271	0.9493	E
1	>970c91c4-6ffe-a9f2-d633-59cba2159bc7	0.9775	M
1	>cca778a0-46b1-17b1-3953-eefbb4c91b5a	0.9658	M
1	>8239972c-cf6a-ecb5-7248-69646bbaee97	0.9706	M
1	>f103f7d1-6bb4-4cfd-842b-c5046306ca11	0.9368	E
1	>378668ee-b9c5-f1a9-030f-6d51120671e8	0.9390	E
1	>fed26212-9684-cdc2-99a3-6bfff52b2813	0.9691	M
1	>005b291f-0aaf-961a-0ea6-d4f06234b80b	0.9562	M
1	>450ee155-fef6-caba-5d8d-29666751948e	0.9627	M
1	>619a42af-a852-6711-b5d6-0815d2896acf	0.9880	M
1	>1a69d4c0-00bc-502a-d0e6-5acef96e61c2	0.9502	M
1	>d1145d80-c073-0af8-227b-198477eb51b2	0.9548	M
1	>ad90ee46-ea42-6795-e7b8-d405da4fe2e6	0.9619	M
1	>220f11f7-518f-3747-91bf-9300cb8133f6	0.9735	M
1	>a0be41e4-05cc-1ef5-eaaa-69dc172ca730	0.9502	M
1	>3621471d-e162-95f6-125a-84bab39d34a4	0.9467	E
1	>2f1730c8-d1e1-25d5-c137-9ac0a56e9637	0.9655	M
1	>53d5f07b-d2d7-b2e8-b321-3608a590c091	0.9757	M
1	>27eaa02b-54b7-cdd1-c071-d41b8b89fbd7	0.9449	E
1	>450f95d6-61ca-2cde-23ab-7723701ded6b	0.9789	M
1	>8e73eaf4-17d1-df6c-2d18-0c2db67191f0	0.9882	M
1	>5e17687b-5720-b50f-54f4-e501f936f96b	0.9620	M
1	>9b1a313b-0939-bcb7-e25b-38aa5767ea36	0.9365	E
1	>0a7b611d-3c08-f9ba-7c1f-2491af96a1f4	0.9660	M
1	>9cc3b52c-8afc-5dc7-18c7-3938fc54f0aa	0.9689	M
1	>817f5f71-9267-1a0e-86bc-5ffe0aeb46da	0.9639	M
1	>a190cc44-c7da-7486-019d-f24e9376478e	0.9630	M
1	>daa9295a-a2e0-58bb-5381-7eb59f285134	0.9830	M
1	>c5a407b0-5f7e-7c65-ef41-f7ae9bb001d0	0.9759	M
1	>15635957-43b5-3590-bed7-8798033696b1	0.9510	M
1	>1b08a75b-9149-aa2e-b082-5eb662eb12d8	0.9827	M
1	>3268de19-1897-ab47-ad85-9808f6e17087	0.9556	M
1	>ad3743d1-3266-9fbe-b321-670ff320065b	0.9675	M
1	>4865f53c-856f-3ce7-bba3-a8ac4f2d26d8	0.9668	M
1	>bc31da54-578d-ec7a-94a5-d209907e875d	0.9537	M
1	>cf1fef7a-3025-7a3a-d81e-03d8c00a18a9	0.9351	E
1	>bac3dbe4-f514-8c39-2599-bcee101e978c	0.9566	M
1	>0ccc69e6-fe88-50f6-4c29-b415ab06cf4b	0.9583	M
1	>0d657086-004a-3f62-4c12-90c1a908e290	0.9602	M
1	>eb598be9-6fb6-64f8-e37f-484f3a17fd27	0.9833	M
1	>5bb48a0e-da4c-afe1-b992-f986a5ccd7af	0.9626	M
1	>21258990-9d58-53e6-b42e-d0ab86376ac5	0.9834	M
1	>c4400855-bde3-1e23-3f25-0efa3de92213	0.9715	M
1	>4eb2a3e6-41dd-3b5a-5846-832162e622b8	0.9634	M
1	>9b8caad0-ad16-352b-110a-4d7d8891b7e7	0.9498	E
1	>5db58e27-5dc3-48c5-3f9a-7e17dca5bbb3	0.9542	M
1	>147c8992-703d-c1d2-a109-0dced73a483a	0.9473	E
1	>902bda76-4259-14c3-d521-7ee52ecc2d7e	0.9463	E
1	>bdc09c8e-bb62-23c6-6c91-09b698e877ac	0.9524	M
1	>7ff7c45b-225e-cd92-78de-52019019c452	0.9469	E
1	>98ffd087-c7ec-a6a2-1cde-bb972a9da6b1	0.9707	M
1	>3a0d8015-0576-fff3-93b8-4bd6ba6e3ad7	0.9702	M
1	>33280b1e-3fd1-d924-cfd3-ac9ad30c9dd2	0.9602	M
1	>6bc87154-71c4-59c4-42b0-433dd755f5f9	0.9531	M
1	>397a7a38-19a6-4a8c-09e1-6f37946d7966	0.9391	E
1	>75dd0296-2348-ce19-ddc9-62c7559e80bd	0.9630	M
1	>e2f2fba6-80d2-8836-059f-7d5214026ef8	0.9833	M
1	>0c735eb5-eb5a-44df-8db1-c9c77bf32f7b	0.9678	M
1	>d4d63a3e-c306-002e-1ef2-e89bb0836454	0.9398	E
1	>52b28499-bfa6-f0e5-624e-60f7de630fb5	0.9560	M
1	>ed3aafed-fdf4-6dfb-c19c-d54ee918a49e	0.9702	M
1	>d394511a-99c6-d682-6f56-2bf52ac78f87	0.9627	M
1	>2042068d-5eb7-580a-1677-fceba2a5025c	0.9419	E
1	>a3a87cdc-57fb-dfb1-78a8-3f5a5f656444	0.9582	M
1	>f4d97e5e-8c8e-356b-1aa2-7b7db9c6995e	0.9635	M
1	>df591271-b5bc-b9b5-580e-15f8479f97ba	0.9675	M
1	>53f56e09-e263-8763-c3b9-a2aff78e77f2	0.9821	M
1	>6cc830f0-cbc1-e71e-1331-c05eba4496e9	0.9797	M
1	>f4974ae8-9829-0ab8-82a9-49fb444e73d3	0.9436	E
1	>74ae9990-2f0a-c8a5-28bb-ab7c19e44b55	0.9660	M
1	>f292fa46-c25c-ca69-c471-a1e7878af2e7	0.9740	M
1	>10df31e1-6f33-1cd2-8530-81c624c0540f	0.9625	M
1	>f55e24dd-85a3-a039-e951-93f240849bfd	0.9428	E
1	>67996ef7-3b89-feb5-815e-1f3e3e3f51bc	0.9466	E
1	>e1e3e00c-808e-38f7-b712-8c4d1da9b37f	0.9504	M
1	>6feca075-1428-d57e-e20a-de66c6198390	0.9767	M
1	>1dc7f10f-5bea-4e8a-eb9c-3fc5150e89aa	0.9483	E
1	>d0b5ff8b-795e-fb86-7c2f-bf3726d70e55	0.9707	M
1	>dff27fa0-45e4-dd1f-5333-de246f8ee205	0.9858	M
1	>cecbf095-f52f-3a17-3ee9-6b02843d6c2c	0.9494	E
1	>7462d02a-ca6c-7216-8023-c10c22a2f06d	0.9356	E
1	>6b58529d-d42c-b2fb-14a2-0ccaad260e3c	0.9719	M
1	>a4b7afda-09c3-e081-d939-b859d0c2e438	0.9592	M
1	>d7bcd43f-14b8-0de0-748f-ebae207631e2	0.9555	M
1	>7bc966fc-5cf9-3332-a08b-6a3da76f2154	0.9597	M
1	>609dc2f4-33ec-1151-1bf3-c17626468373	0.9910	M
1	>a3d55824-24cc-8f3e-9f5f-9c81d525fd31	0.9926	M
1	>35b8ccbe-e32a-b0d8-6464-9112274e3c30	0.9772	M
1	>991e0ca2-e969-d3fe-f2c2-a373379a04d5	0.9811	M
1	>eb9776ef-55ee-628a-c71d-3d0ecb33e631	0.9872	M
1	>fc7fc426-47b9-3ec3-5522-886ed6b4e6b9	0.9463	E
1	>77ff7000-5c94-28c8-b0cb-493aff8b3c8b	0.9620	M
1	>bfa7eec9-5086-ebe7-38dd-23f371ad74f9	0.9683	M
1	>21bcb12e-1c6b-32c2-e33a-8af6b4079ebe	0.9512	M
1	>64bb3109-a2d9-182f-2708-2189139ae430	0.9573	M
1	>0eb3dd06-2135-f80c-d503-a8b3bd2fae6a	0.9815	M
1	>a85b6e5a-ffe6-0fca-edcb-94443bba7107	0.9726	M
1	>0c2f195f-08a5-6a0a-1921-c3ef9f27dde0	0.9753	M
1	>864c9add-7512-255e-1dfc-c9d3ec86436d	0.9848	M
1	>8953b416-637e-b55f-c446-5604a5bb85c3	0.9679	M
1	>9d38cb3c-b2fb-0a90-38b3-1fca3ee19dde	0.9545	M
1	>e4fee4c4-863d-a2d1-d18d-deef23673d01	0.9837	M
1	>9c612ea9-eebd-7fe2-2021-ae3b5140dfff	0.9656	M
1	>99f52f55-6e39-774e-f7f2-0d6143019f3b	0.9834	M
1	>9c651ec7-1084-6fe0-3e37-3847b98e1a4c	0.9487	E
1	>0539f260-aa3d-50d6-e62d-e92c0d10eced	0.9542	M
1	>44238693-8135-a6f5-65cb-a7cfa5e7e969	0.9746	M
1	>13960328-cd31-3cfc-ff8a-3f0839033e5d	0.9636	M
1	>9953bf4c-99bd-5cc5-2b23-71c0ec2913d8	0.9733	M
1	>1c21fdf6-bf6a-6223-dd31-c6bbdfb030d6	0.9534	M
1	>dfcc77d8-09ff-7bb6-e2f0-1e4d72755f37	0.9395	E
1	>2152075d-eeaf-0f80-593f-74e8d5baa879	0.9437	E
1	>c2672ef9-92d1-dc2c-3856-c49ea6cbdf76	0.9494	E
1	>dd8f5177-c1b9-410d-e215-f503f5fa7525	0.9585	M
1	>7af2ee1e-085b-64ca-3a4f-a475206f2cb5	0.9372	E
1	>174662d2-7b92-6c7d-f5a0-0a9d0bde869d	0.9616	M
1	>3f135c18-1c54-ed25-78c6-b76d1bce411e	0.9492	E
1	>9f80dfc5-574f-d565-8b3a-7bfad5ecbba0	0.9523	M
1	>4e29f3ad-1d20-b4e9-ac4c-2b55f233a02d	0.9566	M
1	>bcaecab3-b768-563b-cf76-8bac92a764ac	0.9539	M
1	>841eec65-21be-f4bd-b569-15b5b1742e01	0.9515	M
1	>a61e09f2-c1bd-e002-a3e8-996193d0223c	0.9410	E
1	>bc07cba6-d7e2-fe25-ac98-e5a696a48034	0.9489	E
1	>9ccdd843-b28c-7f4e-c5a7-f1ddfa20a7fa	0.9680	M
1	>1d9f2837-388e-47e1-a678-2898a2bc4ad5	0.9541	M
1	>4731fbcd-4784-0812-bc7d-9f3e4c87ce2e	0.9471	E
1	>8572f7e0-0f9c-7cb4-6198-677952ec7cb6	0.9717	M
1	>067fc7f2-f387-77c8-ede1-75b58119591c	0.9584	M
1	>575a582f-64f3-869b-282b-fcc708dae90a	0.9886	M
1	>51fe07f1-6bec-3b57-ab3f-9a36bde1a866	0.9564	M
1	>056681ef-514a-915c-a103-45baa9b0cec7	0.9424	E
1	>c1c9e3d7-8c0e-c81e-8b2b-25597363e4b9	0.9440	E
1	>abb3692b-1675-7568-27d9-bc6d7e350ef1	0.9866	M
1	>cb1b357d-1bf9-6e61-241f-ed84ca412a44	0.9839	M
1	>3bba5565-d9a2-973f-35d3-288c579ca7d4	0.9380	E
1	>886a7fce-50d7-4cc7-4bae-b00e263fcda2	0.9656	M
1	>786da2a6-995a-9221-0fb9-5e939ca727c9	0.9374	E
1	>5c8cdbc1-4e5a-17bc-eb99-e714dd22dc8b	0.9751	M
1	>67c363ab-f7f9-74e1-fc82-040923c63b77	0.9646	M
1	>5ac606dc-8aa1-9367-e129-c200dc0359e6	0.9623	M
1	>48dcba47-6713-4764-b961-e0264fbadaad	0.9623	M
1	>abcfd3f4-019e-312e-01ce-64e7d9ddc87e	0.9555	M
1	>44ba1ee9-8f28-fbf5-67b3-c45af373f157	0.9635	M
1	>934795b2-eaf7-812a-9a21-52042c09f914	0.9694	M
1	>e6ec75a2-6991-c2c5-d37a-40bf05b9961d	0.9801	M
1	>5673106d-ce59-ec29-f86e-52b7b15fd220	0.9570	M
1	>2a16b811-5d9a-2145-a14b-c5292b3f95d6	0.9558	M
1	>70920f17-b9f1-439b-d858-8fc89472558f	0.9468	E
1	>c9067331-f16b-0567-0216-2631ca7fe564	0.9536	M
1	>57f9fa3c-f6b7-bd4e-9904-553d05de6467	0.9679	M
1	>ba504cc8-c4a0-0f92-3579-d913d6b7468c	0.9705	M
1	>af435ef1-c0f3-a67f-a16e-377698d7e0a6	0.9623	M
1	>230493a3-6771-b731-245f-0cb98885cf5a	0.9421	E
1	>871054fa-8d41-e411-a522-df5b8f09625b	0.9769	M
1	>24633be5-9313-ef1d-c0ac-ca58d41d9c47	0.9885	M
1	>f2ec8107-cf81-e5e5-3f4a-bf5c38c1039a	0.9432	E
1	>ef810c26-72a1-861c-2fdf-e8d18b9f48b7	0.9636	M
1	>2024af80-1aac-8c6e-8d20-1c2173830d46	0.9661	M
1	>6d04bde9-73f4-b56f-e6f1-e6c0b5ed9896	0.9567	M
1	>70790544-c787-37df-99d7-1aa8841301ad	0.9475	E
1	>2d502d24-b8e2-9757-f39e-68313ffa16b6	0.9646	M
1	>a79b86df-889b-cae6-ec4a-abcdd4bc8268	0.9834	M
1	>f6b4b4fb-0944-c994-e989-24c3c78a34a9	0.9598	M
1	>9ae8861b-1975-fcdc-ae1a-d418d3cb0a44	0.9463	E
1	>74dbe946-2adf-db92-fdee-e8be2b14c5f5	0.9584	M
1	>8bee4d6b-359a-2c2d-55dd-48f9f4204a1a	0.9562	M
1	>e09dc09f-59e7-766a-337c-17864585df9e	0.9667	M
1	>90d683bf-5319-ca30-9c1f-e748cd7208d1	0.9819	M
1	>41785762-e495-41a9-f04e-058ca4d49ef4	0.9489	E
1	>37efc0c6-43bf-81d0-ff45-a851aac945fe	0.9664	M
1	>d986f793-4cd5-5e8b-4562-9b759c690d12	0.9470	E
1	>c01b1818-0d6e-cfa2-b1b3-a0388f7d8973	0.9504	M
1	>f9c2d842-9880-b433-a86b-e533aa42d96d	0.9680	M
1	>76180810-721f-13dd-d4a1-3c498806cf5c	0.9569	M
1	>1aed36a7-f7ea-eb01-4a10-8fdc7ad34178	0.9447	E
1	>d067f349-1d37-309b-d6af-97629d290136	0.9715	M
1	>65823ac8-e631-3e3a-8688-3ad2df138062	0.9889	M
1	>11a92530-8c2c-b448-ab6f-cae30f0229a7	0.9526	M
1	>5e78adfe-5b98-aa43-5025-07bf241ff0c4	0.9554	M
1	>925c1909-a04d-41b5-bd71-43e363760ade	0.9586	M
1	>ba07bacc-bdf9-b4ac-0d62-c41bccacb944	0.9434	E
1	>83469462-e63d-f26b-d721-fcfb703d349b	0.9780	M
1	>3d5821bd-4f0c-ffd8-8217-a6e058649518	0.9450	E
1	>cb811680-8066-bb65-4cfe-363cdcef79a3	0.9491	E
1	>8f34c679-71fc-0af1-0066-c5c92c1e1ad8	0.9760	M
1	>2265c5e4-af58-00f4-07bf-75aef292dbc0	0.9579	M
1	>bc58598f-0f79-9189-60c2-6a0b6f525de9	0.9636	M
1	>5f8d915e-da21-a74a-1522-5a5702bd2e98	0.9736	M
1	>5659368d-d2c2-4e0f-f7c4-5bc2173a760b	0.9656	M
1	>b45bd7a1-fcd1-420c-5ac8-b012f4403093	0.9640	M
1	>7ab09aa0-d289-fb10-56cf-6e4488e4c259	0.9633	M
1	>e0b580fc-469e-ea49-9782-da2b08a0b715	0.9583	M
1	>1a97ae6a-3b8d-7b44-0a66-fd76a2bbb1c9	0.9587	M
1	>503546ba-ea8d-850d-4cdb-542e89848afd	0.9639	M
1	>57c90d0d-ee02-200f-0a62-a9a396ab8189	0.9632	M
1	>38c1898e-56dd-1790-1724-1b00aae266c3	0.9576	M
1	>a9faf831-0a52-94a3-ee95-08cb16726858	0.9642	M
1	>286daec9-0e30-8e43-8fd1-63f58b5fcc18	0.9543	M
1	>b44807ff-ae7f-ae29-13c6-80f783b5e9c7	0.9695	M
1	>e7692938-dd27-4759-a53f-b87a63e2095c	0.9489	E
1	>c993af76-a2fe-48c1-a62a-c9722a165e58	0.9752	M
1	>4b636ae4-1c1a-1fbc-4ded-916af68ec008	0.9477	E
1	>d646111b-dd4f-ffa0-fa69-6210b8887232	0.9468	E
1	>7dc7a22b-c19c-5527-6fd1-67f294e690e6	0.9393	E
1	>61f6a5e9-948b-6d3f-f863-cb2856be0262	0.9605	M
1	>a7fac466-20e1-2da0-623d-10a1c72e024a	0.9416	E
1	>0711491b-1e79-6cc8-0009-25faf26dd021	0.9779	M
1	>ff9453bd-ebaa-80b0-b0fe-3982f5331d95	0.9710	M
1	>c62f5419-ce4f-3270-8f68-9c8dc8ca1369	0.9846	M
1	>81a5ae5d-bced-3646-9087-5bc480f56745	0.9543	M
1	>364abe28-47d9-c740-2ab1-7d66efce3779	0.9521	M
1	>d884722e-582d-1e6a-8279-b7b3e6e32c50	0.9499	E
1	>35c8b13b-60ce-232d-c073-dbac1cd558f1	0.9396	E
1	>851a50f0-5d0e-8827-c3f9-92bf29697ddb	0.9567	M
1	>96c50aff-c2fd-013c-bfd7-e0d92faaf302	0.9431	E
1	>31a7f6fb-889d-1dba-2963-f57206296acc	0.9654	M
1	>52d54030-71d3-4e71-c050-11e47bf65963	0.9396	E
1	>e4c397b2-e7b8-8b4c-843b-f91216cd00bc	0.9686	M
1	>3f306735-ed31-9bd5-552b-ed4b19f43638	0.9418	E
1	>9db66267-8e5a-33a6-23f9-e7239e0dc3bb	0.9832	M
1	>230ece2b-6af8-32d8-f05b-98f0cddd0b5e	0.9613	M
1	>f03e41ee-44bc-056f-23e7-28adaf2c49cf	0.9855	M
1	>315a729a-b6dd-9680-0b84-6abd41bc5caa	0.9696	M
1	>de753785-d849-ab7b-d8b9-caa3dcdc98ad	0.9493	E
1	>f5c39271-0ca0-92de-ea50-6c7115d37ef3	0.9813	M
1	>645ce957-82b5-04b2-47ee-f3ad46d63279	0.9584	M
1	>6e639818-d8d7-e7d0-9153-1e915f61f6c5	0.9389	E
1	>ced9b3a2-baf7-e55a-f260-8bcfc6ccf9ac	0.9867	M
1	>1347aa6c-fa5f-a767-081f-2b4f33885b7e	0.9724	M
1	>9723dff8-ad19-9596-ea79-59828e284a9e	0.9859	M
1	>392afd16-82f0-744b-9346-09cfb42d79b7	0.9767	M
1	>6bd6ecec-f9a7-d85d-2d10-204e73f40b78	0.9915	M
1	>ef02852f-ae08-e23d-db97-ae71cd555db0	0.9606	M
1	>1cd75512-9f94-62c2-9244-ea13e29ab1d8	0.9919	M
1	>49f73de1-5952-7984-3229-2263518dd197	0.9503	M
1	>1b0e6c2e-886b-c049-f915-06e4eeab6996	0.9469	E
1	>903c2320-7934-2043-acb7-3bab62a6d147	0.9864	M
1	>7fc1aa61-a0e1-00ad-7ba5-fae1f2f5086b	0.9527	M
1	>56a59b71-c91f-65fe-0190-e5ce223b766f	0.9685	M
1	>2a528884-c6c6-e9c6-840b-54dfc262ad2d	0.9587	M
1	>80857300-bd38-a090-6f42-bebdf35ffc41	0.9697	M
1	>28d236db-1230-ec50-61f6-e0387e77d1e2	0.9437	E
1	>4d6545be-7664-e0b6-8653-e298f6bb768e	0.9571	M
1	>1e9dac50-b73e-4b67-0e93-5f6e35a0ceb1	0.9481	E
1	>b368fc0e-323d-cdd9-c38d-1befa300dcf1	0.9456	E
1	>49875fce-baaf-efcf-84fa-c38b491030e6	0.9340	E
1	>c47f8138-a51f-b369-867b-2fd01b18cf39	0.9926	M
1	>a9e32279-db2d-baf3-a26d-5b3547843903	0.9769	M
1	>b9200687-510e-7b50-505e-c1a515db8976	0.9808	M
1	>f763a6d4-cd71-344d-3afc-7a75a8debca5	0.9379	E
1	>5f8a55b8-c80a-d497-3f54-f2faf97531d5	0.9509	M
1	>4f5f73e5-ef96-e968-0c6f-e145606d178c	0.9626	M
1	>e21192a2-b311-8803-361c-d03c5805da59	0.9665	M
1	>cf8a5284-f1b9-a34b-9c00-b2cb1beb1a27	0.9562	M
1	>d807f4f5-270c-efcb-e76b-15cf993e2bc6	0.9663	M
1	>5194c394-c071-44f2-2d58-ec1f59d52de4	0.9780	M
1	>c8b9ebd0-4d0b-c21d-1444-af4c49a3fb21	0.9615	M
1	>83f2053f-9c63-8d68-c9d7-fa0113424c82	0.9849	M
1	>243d6452-28c7-0087-c1f9-1952ace3d33c	0.9793	M
1	>d91e8a91-bf3f-ab13-3fbb-cf0f2ce18f29	0.9816	M
1	>2143d5df-b3fc-c1d7-3bfd-bd89490ce76a	0.9643	M
1	>09d13a62-f6b6-0206-a977-d47349eadcfa	0.9631	M
1	>817964e9-f855-0ccf-a42d-40acb8c60a92	0.9785	M
1	>f3ceaa40-9b9a-5e61-0c44-8e69ba1a14c0	0.9399	E
1	>01453f0f-e0d2-7556-3460-b3865391dc2a	0.9838	M
1	>64a40112-950c-69b9-70ee-7fe8a44646e2	0.9569	M
1	>338de90f-b6d5-5438-cbfc-70ed586e1b44	0.9816	M
1	>51163202-63b4-7f3b-ccd3-e7e7df6d93dd	0.9640	M
1	>9cef7273-ddb4-5238-a69b-2687b4e4f6cb	0.9367	E
1	>e1070451-9e33-430b-f12c-992400cd6c04	0.9759	M
1	>7e0a2102-a0cb-83ab-a177-5e2b69d5cfd5	0.9682	M
1	>d1d2244b-87e2-d099-c6a4-d41759458e1e	0.9661	M
1	>3920e150-8317-d657-b17d-711e08c70c8f	0.9544	M
1	>61df7b30-02e4-20c5-359b-dc2ead80eb11	0.9572	M
1	>4201fbbf-34a0-06d4-8058-49989942e9b7	0.9371	E
1	>d521b3bd-328d-e4f9-21a0-3049e9e2eeeb	0.9570	M
1	>69adf90a-47c2-29be-e94b-85868a6a982b	0.9749	M
1	>b769fae5-e21c-ba4b-9868-86d851f6ad4d	0.9803	M
1	>e820611f-7d25-6fc7-5c6a-8241bdcd0abe	0.9631	M
1	>b1f5bacb-ddaa-4643-1d3e-c50ba7bec57e	0.9452	E
1	>c2c6d80f-8667-b4c6-3a54-122cc4136039	0.9915	M
1	>a78b2b13-98da-5098-f029-5b9c0a835ba1	0.9521	M
1	>a9ba58ff-9fd7-2429-7d93-3f4f81fda6b8	0.9685	M
1	>d3f07375-9a0c-106e-ce36-33dd46e5bc0e	0.9677	M
1	>2699a832-9920-4f72-f796-03bf6bbe35c3	0.9837	M
1	>2c77d5b9-26dc-fd47-cde9-d4db4dc902f2	0.9624	M
1	>9aa43804-549a-df8a-ac03-a08c1a7483cd	0.9449	E
1	>92aa9f8c-f270-5f35-1ff4-63b003f7cc94	0.9587	M
1	>5febe325-3ca5-47e0-d722-5fa2ebf26c3b	0.9377	E
1	>658c1e62-e961-5dbf-d8fb-25220c8b2c8d	0.9625	M
1	>5046ef99-92e1-68c2-90c5-039e38f53172	0.9612	M
1	>181ed425-034c-160f-e85d-aed6e51be077	0.9664	M
1	>be701621-e53b-c552-14b6-d339dff1c386	0.9469	E
1	>c527bc4f-ffe5-df61-f494-0fffbb61bc9d	0.9758	M
1	>6e549a7a-d9a0-a4e1-97a2-3f70ba55206d	0.9623	M
1	>9b54c72c-34a2-33dd-da18-08bb085a7991	0.9448	E
1	>1fed0c66-127b-bc47-d732-cc6a3ac7abd0	0.9609	M
1	>d581401a-a398-b5f4-5aba-4e37a409929d	0.9790	M
1	>b43ec8c4-f9ec-1f10-d656-ce4580071928	0.9373	E
1	>5d5296a1-a4b9-2488-0b7a-2c6143da5e8b	0.9883	M
1	>391f5dbb-7bf9-4b52-e929-58e832d7bca1	0.9586	M
1	>7c5855b6-757c-8ef4-f03f-7d993ddf9b91	0.9849	M
1	>fd3299e2-0f6d-e5ad-55c6-ed36890c7756	0.9458	E
1	>491ce058-2a0d-7a08-42e6-e653bfad9910	0.9845	M
1	>5726b5c1-6fa3-3cc7-32c1-4ec80ac0a747	0.9599	M
1	>f0b1d8e4-d357-c59e-d3ea-5842fb0dd5b9	0.9598	M
1	>5e9876b2-a155-da2e-3845-53b94c75c625	0.9440	E
1	>d9950cb8-1700-382f-88d1-afee3f721e4b	0.9740	M
1	>a8d3e54b-a4eb-bbc7-3101-a3450e5d4bff	0.9349	E
1	>fbf5058c-5434-1809-7b2e-8dd97e4d2426	0.9569	M
1	>8ed1bf9c-558b-5705-eafb-0f75e751b0fc	0.9436	E
1	>01b75076-17c8-fc72-13a3-7f0787be13d7	0.9594	M
1	>bbce094c-60a5-2823-db87-61f8d3b1e897	0.9633	M
1	>6d4cacde-9723-351e-a136-759de6b8defd	0.9446	E
1	>8f9bab6a-56bf-2f5e-b3da-b01950c8485a	0.9926	M
1	>551301ad-ea91-6366-5991-6f4282a16a16	0.9631	M
1	>d6fe85d9-2e6b-ad85-5d76-f047c57308ec	0.9633	M
1	>fb240950-3d1b-8869-1b28-4901bff48793	0.9840	M
1	>eb5076d7-9072-46da-c11a-10148f860f05	0.9833	M
1	>0e8bc152-c68d-50f3-24db-0cf9d49a0a31	0.9879	M
1	>6a99e678-dfc1-b9d0-7879-7030e7d9348d	0.9362	E
1	>ff92eeff-133a-f047-494d-1456012b15e9	0.9368	E
1	>fe6cfdc0-1446-6d84-645b-f070426b9fea	0.9838	M
1	>6383bb60-4dfc-1798-25db-5b84a1a9d1c6	0.9754	M
1	>6074603f-1aa4-8701-c30d-79e89524d9e0	0.9764	M
1	>61ddc59b-76c7-daa1-9860-2f78bf718cbe	0.9603	M
1	>eb2efc34-5c6c-a0a6-ea2f-58c7f5e31815	0.9515	M
1	>f79a17ab-c98e-51ee-f081-1b793f756d7e	0.9645	M
1	>7db361ca-b518-aa18-4296-a9ebe9757349	0.9647	M
1	>c149b261-0853-e99b-830e-e6ae391064ec	0.9443	E
1	>31586b0f-6154-a6a0-eaea-b2345a657180	0.9490	E
1	>8ad7ecb0-55ec-70f8-c9b8-65b270c19ae3	0.9550	M
1	>068204f3-2ac9-4780-5bfc-4f61b9d54d26	0.9465	E
1	>a2b905b9-48b0-96b3-e283-bfd56cf304d8	0.9687	M
1	>6fd07e12-89e8-88e8-a5c1-1d0e7a6c8e3a	0.9665	M
1	>9cf65b68-ca9a-e329-5816-dbeca145c84d	0.9749	M
1	>a45c5ca1-31f2-d83f-f8c4-4a236df1e447	0.9652	M
1	>b514442b-f886-b9d8-faf6-a44bab3bd6af	0.9518	M
1	>7a9f26dc-5f1c-e1ff-5fc6-bb9ec5a1eec8	0.9921	M
1	>8b40c971-2cea-dd65-9503-8a6e38f85f71	0.9892	M
1	>3196f178-3abc-3369-dc8f-f1853022d13b	0.9488	E
1	>6bff214d-eb44-531e-5f90-82ff4c7751bf	0.9778	M
1	>ed5a2730-00da-a43f-7a81-601e8dba4b00	0.9548	M
1	>3465100b-9a8b-4b7a-cbf5-2027501ac953	0.9597	M
1	>3fb3bbad-3b83-846b-c6ec-a6dc2095c195	0.9848	M
1	>4b3646fa-2cb0-2e04-5d7a-35f98d1beb47	0.9631	M
1	>bb22af60-49b6-e6a5-13c5-11d59eebc78b	0.9785	M
1	>453acaba-c020-523b-884d-95cbe2823989	0.9358	E
1	>b72ea387-d032-5317-bd35-8ba8aa95fdf5	0.9608	M
1	>b8a7d372-78c7-c2f8-daea-6d20648875fc	0.9514	M
1	>ec561274-9ccf-cc96-2aa9-e45616f10d54	0.9747	M
1	>a3c6546f-1dc8-154d-a1de-74f610804429	0.9453	E
1	>20543256-7cd8-dda4-1dc4-30f0aa2b9b0a	0.9434	E
1	>3cc257a0-90c9-4aff-872e-0e816e3f48dc	0.9478	E
1	>8d174aad-a8a7-a886-c1e2-fa916654db06	0.9440	E
1	>2ab996ff-5005-51a2-a148-bbaad5dc27c4	0.9840	M
1	>ea4a641b-b80d-a273-0bbb-db366cc2356b	0.9597	M
1	>df2d8e8a-b3d7-89fd-a15e-0214854b308d	0.9564	M
1	>ce955ff9-1350-7d9e-6855-cf518c9f1675	0.9545	M
1	>dcd40805-002e-d332-80c7-420bacd3c35f	0.9469	E
1	>fa302d76-091d-df44-b8e1-8abf74d4655b	0.9463	E
1	>2cf72c53-11e8-f253-0c8e-b4fec6cf775f	0.9646	M
1	>26642846-2e76-3146-3c34-aeadd22756e3	0.9535	M
1	>ecb3c9d5-1b24-7058-0f44-a560241d3ad6	0.9656	M
1	>e0b16e3b-89c7-38f1-ba20-49739fe9e045	0.9604	M
1	>e127fb2c-de8b-5383-48a3-ef974afaeaa4	0.9522	M
1	>42d87f2b-b719-f8e6-0da9-11a9bdb29974	0.9845	M
1	>9b4f1ec8-349e-9a59-3667-619d58b2bc29	0.9696	M
1	>61478325-a66d-e4ae-ac43-67b5958c9ba1	0.9619	M
1	>6518d2f9-90c0-98c0-057d-d465fa749ba6	0.9557	M
1	>1cf7b544-164b-538c-1d44-3589171e67b3	0.9641	M
1	>d3397297-6955-6460-749b-428f233341ba	0.9601	M
1	>c274ae6b-2203-b791-ffa0-37dce9eae257	0.9574	M
1	>21a22d46-6de1-2415-7546-48686928fec0	0.9341	E
1	>d20021c3-88d8-5231-63c2-e688001b9f28	0.9735	M
1	>050cd480-f014-638e-d199-af7d855833f4	0.9801	M
1	>c2194744-6ae1-f231-3031-e1075e5a824f	0.9692	M
1	>b72f82d9-def0-8c6c-ef6b-e53d3cdc9e3c	0.9704	M
1	>4cf0138d-2489-b65e-9465-633c569f9b20	0.9533	M
1	>b19faddc-5669-f41e-d708-b354f3f09f00	0.9563	M
1	>57c692bc-2a07-c3e4-51ed-dcaf35b83c94	0.9880	M
1	>c231cd7f-50d0-ae90-825b-366f7cbe2920	0.9793	M
1	>d3994176-2fde-98b1-0625-5273e6918337	0.9573	M
1	>3af954d5-c8c5-f936-65c5-ef4a5e557be9	0.9663	M
1	>cdfa2723-67dc-664e-52a8-c206775011b4	0.9574	M
1	>65c395ed-2ea7-0117-9799-bae0f232b115	0.9670	M
1	>79935ce3-f27f-19b2-1c8c-0db8a24c895c	0.9743	M
1	>6d3c4dc9-4a68-b871-5144-e1daefc321d1	0.9654	M
1	>2106098c-c5b3-8a30-c52e-d43942829e92	0.9370	E
1	>1a3ff88a-8c75-f550-1748-a9137cc535ec	0.9387	E
1	>bae9b921-889a-93de-8e4f-17a162a64ac6	0.9874	M
1	>d173437b-ea5e-829d-800c-c0cc07f3e64b	0.9497	E
1	>b4be3725-f2b3-cbc6-97ff-7984ace00c35	0.9457	E
1	>cf59920e-5b24-4022-2142-46ca9b936518	0.9553	M
1	>0d6417c9-c3d8-6865-839f-a798aadb433f	0.9528	M
1	>a30f7db7-2c4d-e10d-1562-c84db8b51df3	0.9587	M
1	>302a3956-289e-7735-bbef-49a797d32a87	0.9744	M
1	>6f465632-f87c-c61b-268a-50de9e0ad174	0.9678	M
1	>1dedfe91-6b91-c49d-1e2a-ad45bb61a188	0.9646	M
1	>3de22a9a-e9a0-ac6b-dae5-b98fa137984a	0.9610	M
1	>e09e197f-3a56-22cb-d2a3-3cf1af558aff	0.9698	M
1	>fd467dca-e23a-9027-eff3-4d380b34ca37	0.9688	M
1	>6af9b36f-0a1a-7180-4368-347330202fb8	0.9623	M
1	>e888b07e-90e7-002f-2425-12693dd1c0af	0.9630	M
1	>b43bb9fb-4566-4881-154b-593b3db9057d	0.9456	E
1	>79ec3ca1-0ae8-ca53-27a5-dd4936c0d070	0.9607	M
1	>f146feae-eec5-6424-0505-222b6deb8b5f	0.9656	M
1	>6a221073-cca4-1d3b-e23a-aa9c830d264d	0.9577	M
1	>ad846e94-73b7-a4a1-0320-c171f07d0c4d	0.9403	E
1	>07785004-6162-dd08-b215-b85a8eacafe8	0.9670	M
1	>d9979317-0b67-7360-b07e-8f52983f83db	0.9612	M
1	>2c998155-465e-725e-e77c-bff339e7531c	0.9732	M

2	>5b7eb562-23f7-7db0-c098-cf9e76725aae	0.9839	M
2	>df6fed95-6767-2760-92cc-039a0caff711	0.9550	M
2	>44376f80-25a7-4bee-75ba-d55a353db87c	0.9354	E
2	>8e039ffe-09aa-0e89-5ba3-d0ecc712c427	0.9361	E
2	>63391fd1-abd0-06ae-da95-52ca0c722705	0.9642	M
2	>12ac9fec-37ff-1d09-3736-42f593b6b88e	0.9943	C
2	>30634d9a-f5c0-c0b3-88f1-379d6e4f3756	0.9616	M
2	>fef5c131-36fe-2098-7580-115448a3f9ea	0.9590	M
2	>a98d439e-57d0-f086-b203-24d34446a723	0.9876	M
2	>5d3ff273-24f7-dbb3-b512-01f025e45787	0.9571	M
2	>7fbe7f34-6444-d19b-dc44-4820e897aca6	0.9480	E
2	>c43bb553-99f7-413e-fd2f-6708d8e76307	0.9382	E
2	>10b0ced4-ce0e-3656-3e64-c483ebb9a89b	0.9415	E
2	>2227134d-60a8-b672-4118-096ea49d6ad2	0.9640	M
2	>3d95ebed-953b-51e5-c1d9-d5d21290d0dc	0.9698	M
2	>06820f3c-5d3d-81bd-4410-b04d321e6e18	0.9483	E
2	>9c58ae60-af0f-3966-06f4-fe874601488c	0.9725	M
2	>9b7c496d-549e-92ef-7d24-aa66d9691cfe	0.9926	M
2	>4aa795ea-8454-01be-0014-7654147c95f2	0.9707	M
2	>db45fa71-529f-a632-aaf9-7ea39c2a3ad9	0.9481	E
2	>0e321598-f66b-6fef-6e8b-76b16458749a	0.9752	M
2	>16e16c25-b1bf-d1b6-aa42-0a2cffe97270	0.9657	M
2	>8bad6fb9-b35a-38d5-c525-63a1fada816b	0.9558	M
2	>b46a383f-6f87-e54b-8ec0-086d2d839399	0.9648	M
2	>2c674fe1-aa39-84f2-f68b-de18753aa354	0.9348	E
2	>8ecb8194-e38e-c154-99ed-633afece3d47	0.9381	E
2	>4b27d73e-2bd1-f631-8035-f0d38dc226b4	0.9728	M
2	>22097b15-45c6-379a-ed0e-36df58c8c3d7	0.9627	M
2	>2f2cfb3d-b2b0-d701-ff31-bb0afda0ee4c	0.9472	E
2	>5763c46f-8d3c-2c22-b483-7bad5e9f6920	0.9774	M
2	>0519eb57-f8f8-bc83-f4fa-44dbf22eb2c8	0.9518	M
2	>ef18f806-7e15-2626-105e-37454a15ac62	0.9442	E
2	>6a12c68b-7d95-8745-d517-da164d8d5ca8	0.9808	M
2	>348994b1-7a46-46fe-42eb-8adb1e73bc4e	0.9542	M
2	>bfd212c7-5aab-c379-8557-8317eb6b33b1	0.9669	M
2	>88992e7e-9e9c-6d00-00f5-ef22d6a0049d	0.9842	M
2	>653207c6-b898-b748-50a7-0e3b51d225d3	0.9482	E
2	>b6a40211-4617-8563-5328-8b4c89c6bfdb	0.9549	M
2	>ac21cb15-6ef5-0e58-09c0-f811493445ee	0.9573	M
2	>8536dea6-4940-1204-7eeb-29e87f80ef98	0.9634	M
2	>5f3ae8a0-0d0c-f221-9b95-e41540f1c318	0.9423	E
2	>cf5eec93-e684-780e-f2b4-d40a47337f67	0.9640	M
2	>89cb40c0-7d6a-8cd5-0dbd-cb29428aa18f	0.9725	M
2	>9e30c0f5-aae3-e934-616e-911e0372502b	0.9647	M
2	>99a42a41-f858-aeb3-75dd-a3682f2f8346	0.9841	M
2	>b0d7d43f-fbe2-8fed-2506-39f1f4f957fe	0.9599	M
2	>9ae5aad5-8976-006f-1730-10209095b22c	0.9636	M
2	>1d8049d4-b301-9f97-cd20-c4889fcc2f46	0.9616	M
2	>4bf151d3-3765-bb41-4b51-de11494f0e57	0.9846	M
2	>fca96b34-b36d-4e7c-717f-8c08da1a0b3f	0.9623	M
2	>c8ef7c62-7620-1c29-aa1a-fef3b84fa9ab	0.9674	M
2	>602bdf5c-e1bf-875e-6ebf-118c82feb31b	0.9539	M
2	>c27a42df-6972-05a5-6eab-8c80b6143b19	0.9877	M
2	>0084ab9a-43f0-93de-b10c-0bfa68dee0a8	0.9522	M
2	>ec7b4206-2b61-a05e-6517-c8b17091fe0e	0.9605	M
2	>d9d14156-ae18-ebbb-3f90-fd7e9c682046	0.9470	E
2	>334e72da-d941-3f50-6d56-ff65051599a5	0.9633	M
2	>d4511771-2653-03a2-6e1f-262c9157c56d	0.9549	M
2	>11445cae-b546-564c-c941-b3cb1eea3692	0.9892	M
2	>45b8d104-2e83-17e6-2319-362ce977ea67	0.9624	M
2	>70b22bc2-be1f-76c1-9196-aeace9b3002a	0.9615	M
2	>a34e9c61-b374-1d16-5a40-807d5865796a	0.9427	E
2	>04f318c2-eecd-b84a-a8be-38cdc6d2f7c4	0.9587	M
2	>716ce364-1f80-87b0-3b63-1167e017cab2	0.9587	M
2	>081b267b-80a0-a39b-58a8-d81aee2f5195	0.9710	M
2	>575f9288-7e86-5677-3125-614eee1a2d84	0.9631	M
2	>800bd287-6d8b-9561-008c-14ec00ef52e5	0.9774	M
2	>6312cb9e-f703-3ca8-e2e3-de07922f5d59	0.9597	M
2	>bc7ea887-d925-82df-85d7-3724bc784c75	0.9723	M
2	>6439b480-518c-9b38-8b49-3976397d9c45	0.9733	M
2	>cb31b00a-a6cb-3104-8494-ab7e4e730aef	0.9776	M
2	>7ac11c80-4c8a-2bdf-5c55-79d48a655f95	0.9706	M
2	>e93faa01-0d2f-0407-0a69-de512e06447a	0.9693	M
2	>357025a4-9a10-e0e2-96dd-50aa75994c56	0.9702	M
2	>31b668f7-325f-07b9-6dbc-a9c60226b054	0.9629	M
2	>65762114-cd6e-828b-dd59-f360308a9dec	0.9808	M
2	>4accb2ef-1ff0-7741-61b9-33ae577a4a4e	0.9498	E
2	>efc2133f-be34-5747-2f4f-8273c7296b05	0.9712	M
2	>ccbc67b9-211d-3fd8-46f2-564351b9d44e	0.9404	E
2	>1549c446-07d8-49d8-dd5b-aa5d776a11d5	0.9526	M
2	>f8875ada-bd7e-0bd9-03ef-093a32a8d3fc	0.9643	M
2	>3035b343-d935-7cef-e27e-2db11af32d79	0.9821	M
2	>10558d0f-3561-86c8-0988-51eb77f61a35	0.9696	M
2	>1ab07f11-a4b9-d1ec-3f02-e7335efc4435	0.9596	M
2	>0d3795d0-5bfc-ecb0-545c-0732f82b0419	0.9585	M
2	>af093dc9-e6df-8b1c-6bcc-f9a6872687e7	0.9763	M
2	>713d8296-4fd6-43f9-842e-95ec59c9b903	0.9587	M
2	>8e12c12f-4542-2846-cd41-0e1d43987e2d	0.9370	E
2	>75f9e42a-d643-71e3-20c1-007864597732	0.9687	M
2	>a60eeb15-96e1-6c17-311f-d40f67f4002b	0.9865	M
2	>b47af94f-922c-d731-9b8d-f8d9610a67aa	0.9629	M
2	>fc820d3f-64ac-15d3-d164-2995feb433d3	0.9433	E
2	>3f88d81d-6d10-0b93-c93b-3f827a52e3df	0.9450	E
2	>61b8c2f3-de5e-d805-370f-bccba3436058	0.9514	M
2	>30188325-a8f9-5799-7fe8-b01aa86c2772	0.9817	M
2	>f23bf6d4-93e0-3e87-496e-b2220a2f4405	0.9593	M
2	>ba576943-86fc-0780-e778-e4aaaac6f7af	0.9613	M
2	>2eca420c-2540-e7e0-bd6c-9f606be8bf0b	0.9698	M
2	>1c5856cc-422e-8afc-25df-703291f80219	0.9620	M
2	>e91ca54c-61b1-183d-5336-ff0a0705a3db	0.9368	E
2	>db836002-7912-2191-7c68-71d0f342ea00	0.9348	E
2	>95c17f36-22f9-eeee-739d-57966137bda0	0.9353	E
2	>b06de4b6-f625-cccf-bacf-ddb0c9ff95c7	0.9384	E
2	>0f60db2c-9397-c84d-ebf5-526313e9fee9	0.9803	M
2	>d7ecad8e-6a4e-c0d4-2257-6c38c2e7fb93	0.9826	M
2	>b78f6d89-8221-f1f3-9ef6-4ca2e7387a8b	0.9896	M
2	>8fcd897a-a905-7510-57f3-cf11a24581c0	0.9777	M
2	>aa7ad865-4784-0d72-26b0-cf74797ce0f0	0.9606	M
2	>fcb23ad2-c6d0-c9dd-4b92-1decbe29500a	0.9878	M
2	>7ee8d619-d34b-033c-69dc-5e2c002baffa	0.9621	M
2	>bdc9f98f-9076-cc49-a869-c1fc214dd031	0.9482	E
2	>d354dffd-5b8b-661a-d3b5-7f21e67af5b0	0.9536	M
2	>1bf81cea-8d0c-a4c9-5715-f7a31945564d	0.9496	E
2	>7cece575-ea77-960f-31cf-f1f3e773ffa4	0.9540	M
2	>20567d13-b05c-31b9-13d1-c8b82a52076a	0.9415	E
2	>39fbe2d5-0740-0ea7-25e7-5a83db6182f4	0.9353	E
2	>553d68b1-dd41-ce9a-2d1c-1dd6c584539e	0.9346	E
2	>76fc5e41-aa1f-b056-0731-3394e8c3540c	0.9708	M
2	>c6457820-d040-d537-a155-d0dc7e420b08	0.9390	E
2	>b006c082-efed-ec26-7dd9-692f0d83e1bd	0.9518	M
2	>cf0397fd-ac64-ef26-a8cf-c3c7b7688394	0.9721	M
2	>ed8695d8-7ad7-ca93-82c4-c90cd19cb398	0.9590	M
2	>afa2c5dc-9c3c-e5fc-585b-957a00d9991c	0.9612	M
2	>d76eeaa0-642d-0a80-70b8-f2dfc5253a45	0.9422	E
2	>00ff2c8e-3e17-aa8f-6ff2-9bd7bb8dca5d	0.9838	M
2	>3a70ace6-b92d-24c7-5b7d-7baaaea7e7a4	0.9452	E
2	>9734bb0d-27b0-3e2d-77b4-4d9245f346da	0.9606	M
2	>7758e05c-6f06-13ad-d4ab-57303b848760	0.9700	M
2	>bc169ccc-0d7f-2049-303b-fa67f0328fa9	0.9404	E
2	>8e2a8911-583b-22d5-137f-fc28bae79909	0.9470	E
2	>489fc7b8-93c5-12cb-53e2-0910d507bfb2	0.9377	E
2	>b84305c1-1c90-d127-1ee9-9d88976a7995	0.9537	M
2	>99af9344-fac5-c9c3-cba6-4eba953c8152	0.9641	M
2	>74b6eda2-05e2-50f2-0ba5-094eb305f92e	0.9671	M
2	>705a7a7f-0c23-886c-b3a8-1ecb514e3dd8	0.9650	M
2	>91978f34-aea0-5278-6c44-f21f7b04e92a	0.9639	M
2	>97daf597-23dd-1f67-094b-e87b8f044cf7	0.9637	M
2	>58a05a51-b1f7-8eb9-f17c-8a5a0696ed48	0.9783	M
2	>f4845877-9d5e-b79f-7b16-37d966a34d18	0.9387	E
2	>4d5c2143-6c03-e766-0121-0627a8005a59	0.9570	M
2	>e0733d25-96f7-1348-e0cd-40f34623aa9a	0.9352	E
2	>61031999-93a9-96ea-e0cd-8944f14a0102	0.9603	M
2	>4b807cdb-4def-36ca-34f6-718821b76bc4	0.9591	M
2	>a664f845-e703-0a8b-30f4-293f9faefa02	0.9615	M
2	>e55363b9-0ccc-cecd-c83a-22def5b87d6f	0.9468	E
2	>470b1366-46d8-219b-5874-3083ef19f401	0.9560	M
2	>598e5540-9dce-0812-5374-fcf0429c7e20	0.9406	E
2	>daee3883-3236-14fa-351f-0ffe74b9cb91	0.9582	M
2	>7a80a3d9-249f-410c-5fb4-5b36325a22c4	0.9365	E
2	>67d3181c-9dc6-c800-3b6c-f7223ab28213	0.9627	M
2	>5cec60aa-f249-3eab-8c7a-464ff9ec490a	0.9857	M
2	>cecdcabd-110f-c706-9053-b36000138c8a	0.9586	M
2	>2f2d3489-5a85-e5fa-c6ed-c8452ada6df7	0.9383	E
2	>14f45afa-1e98-e8bd-6aae-3cecaf36d494	0.9595	M
2	>10f7ae51-9d99-f515-33e2-eb31f2511234	0.9680	M
2	>4c73db21-a778-5e14-d4ae-bc125ca31bb4	0.9397	E
2	>46705ae0-c5f7-714f-f2b9-46d4419963a9	0.9697	M
2	>e956d93e-1c32-e4cb-01c2-33839bc7482a	0.9751	M
2	>dfababbd-a5d3-f29b-995d-8ac7c1b9e0e3	0.9565	M
2	>259d15df-c589-d560-d19c-6b8775077bc8	0.9641	M
2	>fe692102-acc0-c829-e62b-d575617e8687	0.9717	M
2	>c518df3d-281c-82a5-9b6e-ab76b4ec186e	0.9603	M
2	>216243f9-f9f6-23b7-3a0f-64c35ca09fa4	0.9653	M
2	>a0eb3435-57ae-896f-9854-72c69e13e36e	0.9580	M
2	>99a56caf-22a4-c5e4-2d0f-55e9230708df	0.9899	M
2	>5ca86129-47f1-1423-bcb9-66500076338d	0.9498	E
2	>4b6a11d6-81ae-0653-dd29-dffcad336d45	0.9422	E
2	>a138b50c-7cac-62ab-5943-995424a7f96e	0.9806	M
2	>076ee915-52db-b541-62e3-84069e5c7867	0.9754	M
2	>6f3d2fab-9760-5e29-7655-cf5e0963bffe	0.9896	M
2	>690a44a2-955c-91c2-a0e2-30d11ea331ad	0.9793	M
2	>4e28ffe7-6b1c-3d29-20b5-0388fb86d5ba	0.9443	E
2	>9b55ec24-16a7-3d8a-6a13-c6edd524950f	0.9721	M
2	>3be784d3-7920-ee78-d87d-53266a3f09f9	0.9926	M
2	>8b856a4f-2d2c-4ee7-3eb9-2a34a86f99d3	0.9527	M
2	>91b4a314-e8f5-d0d3-e012-da080fc1a107	0.9579	M
2	>76dc2c67-6361-a775-4e3d-96d12fbe1c74	0.9669	M
2	>4b2000f3-d212-f000-3945-1281e28a55eb	0.9568	M
2	>2962dc40-0a16-3f28-db76-ea93cddb2b3a	0.9672	M
2	>6e4b23bc-c351-9bbc-797a-975a99ea68e7	0.9549	M
2	>de88b0a6-53a4-d505-e47f-26109d9fec03	0.9794	M
2	>4c72c1e9-7f6d-848e-7c46-710af0da82d4	0.9754	M
2	>02e6f720-266a-98ff-f30f-0f328ab61d54	0.9362	E
2	>4b2a4e9c-7a9c-c57c-cbd7-7bfe57e3dfa2	0.9345	E
2	>6b3f554e-45bc-e0f9-e289-9cef3382b7f4	0.9510	M
2	>ff47e95a-0db4-a6d3-3db3-7d89515dce10	0.9680	M
2	>bcb7abd2-f4b0-47ba-67f0-896bfa1eeb05	0.9842	M
2	>57fd510c-2e01-710c-a399-2033d34dc16e	0.9514	M
2	>99e625a1-6e1b-271f-cba5-16c909fd9166	0.9341	E
2	>ecc04a0a-4aa2-be94-f706-55021104f0b7	0.9561	M
2	>e91b2052-9803-491e-db1d-572ae55bb98c	0.9570	M
2	>14ac8542-f892-7a74-77d6-7904e74025cc	0.9493	E
2	>3d13ce8c-ca9b-2713-8390-5a843d3170ef	0.9587	M
2	>696de06c-2bbc-fd96-25bc-ab0f3dfd6595	0.9512	M
2	>2f5c4c26-6f92-acf3-9c3b-fb170a14036f	0.9685	M
2	>6a166206-0d35-ed1d-e362-6a40e8d76825	0.9676	M
2	>47d17ea7-922b-5bfa-d39b-d40fcebaaeaf	0.9695	M
2	>4615e18a-dbf5-8514-867f-8bf111fe150c	0.9824	M
2	>cff06481-a1f7-095f-be80-2cba4c4ea540	0.9601	M
2	>d6bc6ab2-fcd3-fc15-5a8b-a8c37be87c9f	0.9550	M
2	>e3e2e3ba-946e-ba0f-4cf1-6e864c079924	0.9655	M
2	>5cad9a0e-6bb4-6583-29c8-89212bdec059	0.9400	E
2	>dd1835b9-9a10-b9f1-7de6-71750a52c68d	0.9463	E
2	>350e42b9-ca65-6345-9a57-86e3e84aad74	0.9625	M
2	>d4b134f7-5d74-203a-8c42-a121ea47bf6f	0.9693	M
2	>26dd0266-6048-fd53-5c97-f3abc0c9fe11	0.9771	M
2	>18e7d73a-0d15-3508-6365-9dcbe520dd33	0.9638	M
2	>bbc5ce6d-c3c0-34c8-0d56-d3955b205396	0.9469	E
2	>1e10cb24-1aff-3b1b-244a-e14598b3fb22	0.9647	M
2	>e674f8bd-f5b3-f0b5-5078-e10cf86ce3a2	0.9661	M
2	>463ced72-4619-71f7-2dd5-61253f548972	0.9769	M
2	>4bba934a-3f1f-f888-104c-4b24e82f9608	0.9727	M
2	>0e5bfa50-2530-f9d7-4b0a-89304dbcadea	0.9696	M
2	>17fed2be-3747-3320-aa49-f1794025f15d	0.9530	M
2	>93fc8007-a45a-c070-6b5e-4ab73a779fc6	0.9515	M
2	>96770f1c-3938-e97d-fb5b-b0e5702a85a4	0.9358	E
2	>bc989521-aed8-6477-b3e2-48e57a733926	0.9465	E
2	>b31fa87e-665d-77b0-217a-ac1243e61aa2	0.9885	M
2	>6fd3ce0e-ad73-3aec-7db0-8a97f7bc427f	0.9628	M
2	>dad36783-5351-2eb2-9830-11be4e4df1fc	0.9685	M
2	>0f25b9d1-c334-6fdb-35e9-c369e68516d0	0.9577	M
2	>059e06ef-6da0-41ee-c50e-745d8f20c773	0.9779	M
2	>40a0c3de-5f2e-96f7-dd0a-500bbdbf44ce	0.9621	M
2	>184d7f4c-814e-b877-75e2-3c6b13809574	0.9681	M
2	>8f73b574-9c8d-e502-79ea-aedd368fe16b	0.9918	M
2	>7d5dba74-2a8d-bb93-f9f5-a3b5aa5e3ae7	0.9613	M
2	>ea9f85c8-8d83-a7b5-c3fc-eeb2d58d25d5	0.9432	E
2	>0dfb9bba-3d76-d2c1-5135-5d4f78d1dcb6	0.9796	M
2	>d85f62b0-34e6-2b53-7994-dc3a6c218590	0.9739	M
2	>03d61ca0-94ae-da4f-258f-f5755c962783	0.9826	M
2	>13bce8b4-3560-5651-6c2d-eef70467ff9e	0.9451	E
2	>1cbd000d-ff22-b9de-4e72-8b07a05e55f4	0.9595	M
2	>dc92ac3b-c0ca-37a4-d96d-a4146afa4b42	0.9604	M
2	>d707fe2d-a49d-061d-4d36-f9af3ddcd09f	0.9374	E
2	>52cfa17c-43ca-17f1-caa8-3a75b6e1303b	0.9391	E
2	>7bfc4b2d-f18d-2b18-6833-bd2a8de9d123	0.9564	M
2	>4bbf26cf-7b91-9c14-e155-1965486e5650	0.9793	M
2	>c9611531-776c-6d8e-7eec-a5c6b8035546	0.9429	E
2	>569b89e9-5552-48f5-88dd-c03ab1a5467c	0.9366	E
2	>c6cfbc8a-ba6a-97e7-bf4c-7bf976aa309d	0.9635	M
2	>eb253537-8c9a-d3a3-e51d-fc6d47ac21ac	0.9493	E
2	>313ffac9-72d3-3074-4e84-52b22fb037f7	0.9805	M
2	>d3105819-bfba-b558-6ffe-fed7b6908f05	0.9400	E
2	>d1fd0fb9-8081-ddf9-9878-8b7a84c24a37	0.9511	M
2	>356998e0-14bc-356f-9d98-dab09a4f0cdb	0.9745	M
2	>33a1090a-e4bd-3079-22ad-b3fea89736b3	0.9598	M
2	>43b255b0-95fc-e185-cd5a-8b158b518fd3	0.9908	M
2	>03dcdf0c-8ee2-fbf9-df5f-d16f693ea120	0.9581	M
2	>eb457757-a9f1-d120-be54-103a6f84cdaa	0.9768	M
2	>5e4b9725-4ef2-5cfc-3bad-c448ba22bc7c	0.9522	M
2	>0f5db95f-fdde-f0ac-0c83-a861e5e6e410	0.9412	E
2	>9b498df1-63ad-e4c0-fdf4-fab55ae36794	0.9746	M
2	>d4e485cb-7bb1-35fe-1e35-4071ab4ef0de	0.9700	M
2	>7477401f-3e32-d690-b02f-9631cb88c2c9	0.9547	M
2	>c0a63bc2-336d-717a-813c-b08c2345b04e	0.9645	M
2	>08d32a63-7217-fe60-e00b-1bab5b62bb94	0.9654	M
2	>141186ba-e575-78d9-7819-29a592da4130	0.9587	M
2	>cc1bfa28-4d2a-5ff1-a577-d717370fc450	0.9684	M
2	>a64b8d1a-9a70-1d5e-1768-328c27beb219	0.9721	M
2	>65240d3e-a09d-c0e5-6e6f-cec5d2c3e494	0.9925	M
2	>6cfe53d0-6d94-e4fe-2d66-7599bb1fa531	0.9501	M
2	>6c6b28ef-cb45-3324-54ad-98e572a18f3a	0.9730	M
2	>e2d12166-2ba9-134c-d035-79b840ae7d6c	0.9566	M
2	>c654471a-9aff-7479-cdb9-72b7cccf1c7b	0.9767	M
2	>42ca919d-5f94-904c-60e4-eca30ecbd8a3	0.9776	M
2	>6ee86f85-e59f-c561-d0ee-a11c068532da	0.9707	M
2	>fefdea05-1f1d-e360-ddd6-62cffd69fbc7	0.9548	M
2	>1a8af035-374a-54a0-36b8-2e119566e458	0.9527	M
2	>416724ea-14c5-a75d-df5f-1d6438956b99	0.9842	M
2	>4c16d4ea-1485-faba-7143-10af84544585	0.9639	M
2	>c6c77788-22dd-6c79-9869-8edc9c7b22d8	0.9655	M
2	>96ad9b7a-5418-3f9c-b328-09c2faa232ff	0.9713	M
2	>23a37c14-d679-79e0-9fd9-dbd3e078fd4f	0.9627	M
2	>79ccf86b-2c10-8c7c-5859-db82126091a6	0.9630	M
2	>75200fac-2fa2-2b1d-9c35-a32298ffcb5c	0.9498	E
2	>d47992b1-3722-974c-f642-8e18c52b1b63	0.9564	M
2	>48d5a370-50a7-d7fa-5dd5-d97bdb5752a5	0.9833	M
2	>24ecad5d-9884-1a5b-8dfe-8e49160c62a9	0.9438	E
2	>ed350300-bc89-a283-c362-2023d3ab2b4d	0.9793	M
2	>374b1e3b-c325-fc5d-f094-51fdb00a62ea	0.9937	M
2	>48c0b6b0-161b-ab82-4d35-e88a49e085ec	0.9526	M
2	>8ef7d724-1a7e-f604-9a61-8bcdbad556ef	0.9708	M
2	>11cb3c3d-ce91-db35-4ee3-23fe1196b1d7	0.9773	M
2	>79512aba-231b-daf1-07a4-d68b467730c8	0.9717	M
2	>c69fd059-3c50-5c9a-ef69-d5f6de4d555a	0.9406	E
2	>e890e57e-d536-db7b-5a49-fe92e1460c75	0.9719	M
2	>a1fd48c3-2c83-8068-f179-2eaa1a6b0034	0.9469	E
2	>920b70c6-ac16-0eb4-3357-f22d266d2733	0.9554	M
2	>e8547645-dfe5-0d7f-0800-514c5a76737c	0.9650	M
2	>0a60b3e7-06a0-a5cf-2946-f8b673e613f8	0.9856	M
2	>9f037f83-9ca0-7351-6d34-33ee7bf754ce	0.9902	M
2	>98d0d60e-7bc3-a632-f505-1da8c9a0f66e	0.9364	E
2	>34ea0efc-edde-d1fc-5e2b-ba5f43388f7e	0.9551	M
2	>cd998ef5-f571-c4c7-1a4d-f9f56a958676	0.9435	E
2	>f3a0d437-a46b-104d-9e39-536bd91b24f1	0.9593	M
2	>cb3d0668-7363-a145-8709-27fb9e900f8a	0.9706	M
2	>84cd45c6-cad4-25c5-5a2b-aa81d8a6afa0	0.9714	M
2	>446f53aa-1d12-0d0a-5e5b-22e6d1bcd1c9	0.9715	M
2	>9f330f63-936d-b52a-f8f2-6f0c43f85fc7	0.9508	M
2	>eb3a162c-bca9-3567-c849-aaa13071dea5	0.9494	E
2	>33179a93-f0dc-3f43-56d7-8ccc4ab25513	0.9865	M
2	>253820db-7bfb-bb3d-3f83-bff246cb4d14	0.9484	E
2	>a18b135f-e7fe-4f52-1ccd-41411f1fc450	0.9460	E
2	>7141c770-0f44-3ae2-4d08-ddcab304a0ff	0.9536	M
2	>b25c0a6a-9dfa-8fdf-7191-ccacb9393fa5	0.9618	M
2	>e929d93e-0252-b684-2009-7dd7d5e27942	0.9524	M
2	>88544d1a-307c-34c6-8147-31cde43fa339	0.9529	M
2	>919db157-5b3c-baf4-88aa-d446e7c9141f	0.9468	E
2	>1cdf7306-54f3-ffaf-508c-1727c1a36c55	0.9907	M
2	>cc595f70-e228-018e-3fad-f3d1472ac7ad	0.9582	M
2	>49389564-e8b3-06aa-f07d-7efebdb465cf	0.9659	M
2	>6d4e9ab6-8ec9-4cb7-8c47-a71c356e3f8a	0.9357	E
2	>e579c220-e126-f2f8-3ccf-22b5072678a6	0.9469	E
2	>89ad6fc9-4bb0-5dc1-572f-94971c56363c	0.9854	M
2	>e6b36cac-8984-49bc-c08f-9f5b9b7021ec	0.9887	M
2	>4568247c-615a-5974-95e9-5d3becd75154	0.9878	M
2	>e5d5e50d-e7e1-876a-ce0e-8f81cf1e48b8	0.9621	M
2	>29aaa253-15f2-8f4c-18b2-291e296b3ffc	0.9535	M
2	>ecfa3582-90d1-fe3a-f3c2-b950d3b16440	0.9488	E
2	>abe5f071-40df-b858-3f32-04dbc1d37f0e	0.9563	M
2	>2e0d3672-18a1-5f3a-539c-30e0e72e2e55	0.9642	M
2	>5d4ac8d6-329e-68b0-3a8e-254b3259fa72	0.9486	E
2	>0f9d66cb-e79d-56e5-9feb-1ec53df16cd2	0.9777	M
2	>d35ad6fd-aa84-54b7-8ac1-88d6f6c9d3cd	0.9384	E
2	>4f87b49c-198c-b415-2c90-440a4673168b	0.9499	E
2	>df3accbb-c032-1996-241b-67ac25f57786	0.9725	M
2	>e1c36b75-c491-1423-33a5-b0348335378b	0.9354	E
2	>18d16052-fea6-a76b-e345-61c46f365be9	0.9733	M
2	>eff511bd-1c6d-1871-3c7b-34166ab01992	0.9643	M
2	>940c3ce6-1ebc-17dd-283b-0cfd4ec6837e	0.9558	M
2	>627dea57-8ecc-99a0-9d60-a487ee4ed5ae	0.9534	M
2	>10843de1-1465-c439-5d76-c1108380575c	0.9563	M
2	>5cbad81e-f10b-a32b-3805-8c6fae1ed2d1	0.9719	M
2	>4814445c-f609-087a-cab1-0d8a178c515d	0.9466	E
2	>600605c1-5887-3e4a-d42a-05835fa4973b	0.9685	M
2	>97aa56da-3dde-2427-cbc8-0ccf1de84daf	0.9360	E
2	>488b6c89-883b-a667-466a-932c84bd31f2	0.9776	M
2	>9e9dd30c-41c1-79e5-bdd0-8c209507b3c5	0.9485	E
2	>f9881509-9fa4-9d01-76c0-6b307cdd8401	0.9508	M
2	>c9374178-4a51-58df-93b1-b5a3d3b0217c	0.9512	M
2	>104713c4-64b7-5678-b861-048f9a6672e0	0.9723	M
2	>63dacf2c-9d1d-ef09-bea6-44957a44c53b	0.9742	M
2	>fee28aca-92de-ac99-d92d-8249b3eed49f	0.9622	M
2	>cf560448-7f53-1bc6-5650-6c2f0a1f8dd8	0.9503	M
2	>43d6e94b-0494-4a5f-3c5a-a4f074e45236	0.9575	M
2	>1cf34852-d313-d745-afcf-0603bd840b9d	0.9689	M
2	>e5605a75-0348-15b0-8ac0-af1762638ad9	0.9554	M
2	>cccd3725-00e6-c5c3-f3a2-dedfe69c73a7	0.9688	M
2	>7d71cca1-37d9-f146-2d79-377476f4cff0	0.9695	M
2	>5b201765-bd55-5a0c-8edd-7a7ab3937058	0.9369	E
2	>1c9a18f9-dc54-be89-8506-360202873a04	0.9607	M
2	>13495cc2-1e16-1edb-6c7e-e5b7da3be22b	0.9537	M
2	>7dd9d216-679c-f193-692a-2b9ef518bb0f	0.9370	E
2	>cf5a3c4d-0507-56e4-7618-fc11c00f7991	0.9344	E
2	>6a1dd870-0b6c-93bc-b8fa-eb48c27190fa	0.9766	M
2	>9d54a32d-435b-d2a8-d8f7-bcf5c00a758c	0.9890	M
2	>d58f8c9f-a69b-06a7-3d3f-1e19f176aa3c	0.9834	M
2	>84271516-c935-c8ab-2289-71be0856ba67	0.9544	M
2	>7b835b2c-6abe-57a6-0d01-80260cb23eda	0.9670	M
2	>55057007-e034-dda1-c9d5-1c4dcce96f7e	0.9531	M
2	>002a589e-5116-7fa3-7a47-7814841c294b	0.9524	M
2	>26eb2709-6936-74ef-7c4a-5cdb6dda908f	0.9780	M
2	>721c6600-22ee-63ff-3398-96c36b2b5829	0.9873	M
2	>aa9dd115-0244-7e54-8a80-c22192f0ed48	0.9564	M
2	>7d19a8fc-3d16-79f7-c978-b1fb8680f3d3	0.9633	M
2	>81ee9a97-c88f-1872-dd8a-da45257f8527	0.9514	M
2	>a848dad7-c13c-70d9-f63c-44b53c715cc7	0.9663	M
2	>d68c8967-ab95-9fee-4d27-418fb6b3ad3a	0.9747	M
2	>7cdbea6a-d677-70e8-033c-cb36bcb4c126	0.9626	M
2	>dd63fca2-aafd-efd0-b51a-c7677e974ac9	0.9433	E
2	>72be1ead-2517-f342-a661-8d318b9afbe1	0.9843	M
2	>01105d03-910f-8de7-1045-2b924ddb0c7d	0.9588	M
2	>33c8204d-f896-a4df-5811-a35124b28af5	0.9619	M
2	>97882cc2-177a-0420-cba8-f581780541ea	0.9835	M
2	>a6209240-f98f-ec5e-1704-0be1345c0896	0.9921	M
2	>fdee9cef-2fae-5bd0-d94c-6c8decb23c92	0.9629	M
2	>3bee0c65-2a17-bc26-1018-c2b1fd3a373c	0.9721	M
2	>80709166-d122-64e6-f7bf-25937b42be17	0.9532	M
2	>18aa5ef4-54f0-7552-1fc6-f4c4293b8287	0.9668	M
2	>01e4731f-3f42-d172-c773-5a7f11a242a8	0.9614	M
2	>00402f3d-3698-8219-266c-cb9ff4d214a1	0.9757	M
2	>d4d8e53c-61f5-1e7b-5347-1a80b1153160	0.9680	M
2	>8cf8f029-da2b-c5ba-1b78-c542bbcb4d52	0.9657	M
2	>7e4538b1-68e0-4d95-7f5c-bf4249f2d667	0.9449	E
2	>09fb3b69-ba12-4040-d134-d4a796e6ff1d	0.9568	M
2	>5804a100-42b2-d963-d026-e3f76f4d3a26	0.9691	M
2	>ec791dda-cb57-3733-a32a-24ab9bc8ce5a	0.9659	M
2	>971eec97-f6a7-632d-ecd7-7442b4185beb	0.9484	E
2	>e7a9479c-0c75-87cc-838a-a2c604eff10f	0.9739	M
2	>b2a58f6b-bc3d-d95a-f4f5-2c60d197615c	0.9857	M
2	>98cbbad5-421e-80a9-84bc-50f88e1e8d1c	0.9685	M
2	>5875ede9-bcda-746e-7606-d357b5b82420	0.9362	E
2	>856277cf-fd3f-bfca-30d3-8abe0730dfbf	0.9670	M
2	>c428c92d-2430-0aff-d486-5572e1c4b181	0.9895	M
2	>957d3f6a-6a47-025e-8a37-e406dd440357	0.9682	M
2	>4c138859-4ced-8cf6-fe26-d5a108d8571e	0.9505	M
2	>ca2ac6a1-ccea-740f-f8a0-c30a90859bb9	0.9467	E
2	>d2aa2d5a-5664-57d9-e5e3-b1e1f871798d	0.9555	M
2	>e9312bc0-ad95-71e9-7c36-8419a3695cdb	0.9395	E
2	>586e9258-8f2f-cf8b-00b4-064a839823ea	0.9404	E
2	>7b397bc6-75b6-1e71-d4ab-d838d5950fe2	0.9364	E
2	>a5d49dbf-b4b5-7f78-3c2f-6c5e85eb22a8	0.9789	M
2	>60b6d927-5159-a891-a663-4b00829cdce8	0.9548	M
2	>d5fdf189-cf8d-1480-55bb-014c1fc8dc37	0.9788	M
2	>dbbec09c-9e94-a2e3-d14b-674dfde32ca9	0.9630	M
2	>221c3b8b-fb28-83ee-2f67-c4353ef3e92b	0.9542	M
2	>842568f8-79e5-6aa8-2b9d-1321158179b8	0.9844	M
2	>77d3685c-53b0-2f2a-3c3b-a858c3fae629	0.9478	E
2	>df900b63-8e64-d18b-2092-bd9e578da574	0.9776	M
2	>b1b8bc3b-eb3a-c6ce-b4e1-a552b57e295c	0.9637	M
2	>1954b68d-6e7f-8d10-8965-f2917df00065	0.9646	M
2	>5da96b0c-df3a-ae59-9c98-293000ec4c77	0.9844	M
2	>5910c026-7e58-b630-181e-9640193a5ac0	0.9493	E
2	>b11b036e-6920-22d0-2f62-f1c604d5dd53	0.9650	M
2	>97f3abb5-6454-3c96-0f69-0dcdfe37bf7c	0.9758	M
2	>64e022ff-9807-3615-bd82-c8228fb5c3d0	0.9775	M
2	>7489bde6-9b78-0a3b-2b82-e3d98fe261b8	0.9599	M
2	>a9bae344-e0e3-a590-546a-747a9ef9825f	0.9680	M
2	>c8cc0b6a-a826-10e9-b260-23b5dcf53ca6	0.9555	M
2	>9a30d56f-cd21-fc1c-2d3a-c68cbdb0f49d	0.9886	M
2	>f9f50071-3f48-e4fd-25ca-2fb2a7519695	0.9426	E
2	>1ad8934a-d2c2-c6c7-3075-59b84b5eef32	0.9578	M
2	>6e113c54-f162-2e38-f875-3e789d8d1bf3	0.9882	M
2	>fd9090c1-5561-f6c0-8320-cf0676a07808	0.9851	M
2	>cae6ba7c-536b-8e58-2608-c05105ffda36	0.9809	M
2	>0f0c145c-26a5-7fb8-3262-e2eac759aecc	0.9620	M
2	>319c9a92-1ebb-949a-cf80-fc3951651411	0.9602	M
2	>6cf09859-98f4-2cff-1cd1-c05ad6f4b363	0.9539	M
2	>9584a641-ce4e-0743-299b-a17f57c3c56f	0.9719	M
2	>a7ab406a-778b-bfcf-8164-68964d537435	0.9568	M
2	>7a277171-2573-7d34-90ea-4eb0cbbd1959	0.9775	M
2	>786cb54d-a047-1745-8988-f06f0057d76e	0.9595	M
2	>ae70a725-1841-512b-4ac2-5a14fc04af87	0.9342	E
2	>d71c6e51-9e06-a8e6-25a4-f9faff5713c7	0.9865	M
2	>52bf3c61-9ea4-fa6b-6981-4f098e91c88a	0.9358	E
2	>f900908a-2da2-691c-ed99-b76d68b0df95	0.9636	M
2	>02e210d6-1623-8d90-5fa5-6be9b4a50410	0.9537	M
2	>662dcbf8-bb48-b93c-0aae-1b9fda487f35	0.9645	M
2	>f934f6f4-80fe-6e57-d2ff-d45897c7b52d	0.9641	M
2	>52a3d9ce-2cb9-6978-9d54-4b8b9e7a4d81	0.9552	M
2	>abb4aa63-de81-2a96-4e64-e4bfc3ae2a73	0.9444	E
2	>0802a0d0-607d-bd63-8db9-c7f8c1d2a6e5	0.9582	M
2	>81fa7da6-f40d-1139-25e4-081299c08438	0.9702	M
2	>18264cd2-818c-eb7e-75b5-2d834105f58d	0.9574	M
2	>4a70213a-9652-f65c-f275-5c41096ee3e9	0.9346	E
2	>e37b260f-eeca-ba54-7371-95161bbe4c3d	0.9536	M
2	>c5997c1f-f146-969e-8c9b-8d2ddb346a63	0.9825	M
2	>7fb8636a-ca04-895f-dbf8-73bdffa9e90c	0.9761	M
2	>a149f3ce-c4b2-e8c5-d202-db5ffcd9b7e4	0.9715	M
2	>8c225cbe-c518-0b30-0ae1-e9fd83b992c4	0.9675	M
2	>f45f95e3-6790-0d36-f3ad-06849cfeb9a7	0.9419	E
2	>c1bc69f2-fd2f-a233-fefd-1dea37a0ffd3	0.9578	M
2	>e3d57b70-9990-598a-4260-e4b0543e5bd3	0.9823	M
2	>88c02d9a-a606-75fa-ab0c-e0634e36572e	0.9387	E
2	>6b5aa2ec-6c68-4dfb-f616-0b07f55eae43	0.9597	M
2	>e69a41a2-0a04-5088-bf41-d721e46fdf8d	0.9539	M
2	>1fde2b47-1f71-7f0e-880d-a1e6ae9219ee	0.9356	E
2	>e060067e-26a1-eda8-edf7-48ca33b53964	0.9684	M
2	>48dfe388-ad80-f271-4e5c-344919a7f4d6	0.9874	M
2	>d53c46f7-6d02-4248-c1ce-c112a3a255c4	0.9921	M
2	>61ed17bc-5541-ea0b-8916-bfa3879319e5	0.9660	M
2	>436fc307-5fbc-78ab-7359-0789f2942dc2	0.9769	M
2	>3cf603e2-c018-2b9d-fbf0-be70ffc2e059	0.9637	M
2	>aa6fef83-3ac2-2e7d-cd87-3f48244db34f	0.9668	M
2	>4bcb833c-dc4b-3f2d-e318-dc524a258fef	0.9507	M
2	>62cbd5b5-770c-a8c8-8201-68a9b1cbdbb4	0.9634	M
2	>3cc394d8-9c05-8e44-066b-713e22e939a2	0.9547	M
2	>86cea396-dfda-986f-e135-c64cbe9ec4f4	0.9455	E
2	>ced7639e-6f3c-25eb-2b71-71f25c5ae24e	0.9580	M
2	>a68f2ae3-6ee5-4cef-51d3-1fe1db71fb6d	0.9890	M
2	>9d5bb430-c1b9-394f-fab4-6bc34e54c2c4	0.9453	E
2	>091d5e5c-a744-fc33-8b73-3c9ccc2abccb	0.9446	E
2	>99e482b5-79e0-7679-e0fc-842a7ed76d61	0.9789	M
2	>49ba33ab-9e34-dd04-eefb-5354a08db3cc	0.9719	M
2	>bf92d7cd-0612-7cb2-d098-206039218721	0.9532	M
2	>51f1693e-cfb6-7989-712d-0b2d49b69a33	0.9700	M
2	>eb2633d1-9138-69bf-b870-2d90bc070fc3	0.9603	M
2	>ac9d62e0-d7ff-56e7-86c1-5c464f449cfe	0.9899	M
2	>2c0e677a-cd1c-8b2a-34b3-576c79382c10	0.9425	E
2	>423ceb3c-fe68-7ead-ca50-7c46b9b47755	0.9732	M
2	>1958d633-c89d-c8c0-ce04-bcc3179f3fe8	0.9703	M
2	>fca66e0e-1023-2e7f-d2b4-188cd3b4f54b	0.9795	M
2	>9d8deeda-de58-aed5-57f0-cfd67a98c269	0.9586	M
2	>7d44e0eb-dc03-1b24-7aca-47c350740244	0.9339	E
2	>a26326e9-a909-4d61-7532-a0ad35fecae9	0.9691	M
2	>a2581265-452d-3e2a-8e00-8f477dfa4369	0.9466	E
2	>db730d69-be95-d89d-6961-93597e840a5a	0.9769	M
2	>51fe11b6-40b1-3c75-1d58-43b8c6abaeb1	0.9682	M
2	>4b7b510f-f215-1ba0-b63b-c9da31d0dfa7	0.9356	E
2	>50adc979-fbf4-865e-049f-3624d22ed283	0.9416	E
2	>0bf4248e-3726-29a8-765e-8258ec32bafa	0.9558	M
2	>48909085-0b80-f7e2-6d62-bd438b373a39	0.9637	M
2	>69dc9afd-551f-ba58-5636-b238ec55fdd2	0.9690	M
2	>ddbc0f8a-79dd-6032-8cdd-cdfde90a712b	0.9859	M
2	>f1dc6be2-f7eb-516a-9534-015a90a9572a	0.9493	E
2	>a8045762-ddbb-f231-f2d5-93d888b50956	0.9655	M
2	>7abe4ca1-ac13-8f3d-9a08-865d0ad10289	0.9637	M
2	>8da0eb1b-8e50-124c-6e40-c160423036a6	0.9533	M
2	>b3fa41db-5ba4-5400-6942-99fe77288ba5	0.9663	M
2	>ce17967e-4368-3138-21b8-bb37a01074c2	0.9411	E
2	>44dd3608-8fce-b118-48e3-6877f5b06b37	0.9656	M
2	>2e3c7882-cf08-d5db-e1b6-dd97d92a1fe0	0.9694	M
2	>275ff125-faf9-e8b9-fe0f-47ba208499a9	0.9610	M
2	>82b5b887-89c4-ef33-32be-58cef06d7751	0.9585	M
2	>22a6b312-6837-d8fe-32ff-25153e2c75f8	0.9700	M
2	>035011cd-48ef-241d-6cf1-5a966df7fb8e	0.9456	E
2	>5954804f-a1a3-804e-5cc3-14db79cfe493	0.9483	E
2	>ef102d7f-2b60-1d4c-e127-3179ede25597	0.9809	M
2	>c4fa5d63-0e34-34f2-9306-81388cf4a535	0.9696	M
2	>c88c1239-fc3a-9d8e-fbdf-4fb3941c42bf	0.9590	M
2	>2106698e-9322-8956-86a7-7eebb35f1e8c	0.9515	M
2	>157dc645-08bb-adc8-7ad1-1aa76e8cf2b2	0.9571	M
2	>ece8c4b6-cf0f-f443-6a11-f5f2c73ddd0b	0.9774	M
2	>25bcfd20-73be-1ea4-6abd-b7880b7da31b	0.9415	E
2	>9d412d1e-aa36-9c8b-9cfe-eb0a22387194	0.9353	E
2	>c40f6301-935b-ac17-df0d-8610913078d6	0.9481	E
2	>90f74c10-eb0a-a84a-4802-1a12a1d9522d	0.9547	M
2	>1c483825-cc90-1cb6-6a7d-fe79b4f5a888	0.9830	M
2	>3e284473-4f8e-5d5c-6750-0a3469fe84fc	0.9774	M
2	>89065684-d442-48bd-d55c-c2f6fccd28a2	0.9787	M
2	>8937f95b-6ef8-bf27-e2ba-860fc72a13e3	0.9540	M
2	>e3b39309-d826-9389-d2cc-f4304c0a29e4	0.9399	E
2	>5e7e3b39-585f-4e06-ce20-a22bceff5255	0.9697	M
2	>b9f1a062-6bed-c1a3-1652-b8a4a0fd3e1f	0.9416	E
2	>9f7cea2a-f3c1-95c0-5a37-02adf0502c36	0.9818	M
2	>c5665f90-ff5e-05aa-60d0-d6ab5924ecae	0.9503	M
2	>a36efa8e-dd64-9aa4-2e03-b39fd4b116e7	0.9671	M
2	>00af43ba-0a33-0f43-701b-8b8147d90cc9	0.9841	M
2	>8e0755ce-fa2c-fc3f-0973-081fefe1af83	0.9759	M
2	>4c1e44ce-863b-00fc-ec1f-57e3d9bf8600	0.9489	E
2	>65ea6ef5-c61a-b9c6-13ac-8e81280fb13d	0.9584	M
2	>2ebb8a2d-4983-2e0f-ac1d-2a8f92d55625	0.9642	M
2	>d4c052fe-970f-005c-de45-34ad2e8c2756	0.9505	M
2	>274b6670-5e04-5b1e-99df-6f981d8d3251	0.9771	M
2	>dceb4cd8-e773-e5a4-a9df-8e6f4c3250bf	0.9831	M
2	>57720cd5-489e-09c8-8168-18e41284ff6e	0.9457	E
2	>a0dac142-301d-c6d5-981e-9c417dc4a137	0.9563	M
2	>e1828c2f-f4c9-d8ba-abb1-bb4168145751	0.9418	E
2	>b00a2a4d-2d53-5c69-ee1a-9b1ca74430fc	0.9804	M
2	>40cc5dc8-ebef-1cac-6dd0-fde8a922a495	0.9739	M
2	>54ea42e3-d43e-e4ec-4073-91fe166b553c	0.9690	M
2	>10ac9185-045a-2cbb-d83b-f0f23a1fa793	0.9686	M
2	>52f9d242-c4b9-d64c-7c53-ad02af477626	0.9840	M
2	>5968fe96-9d52-aedd-8067-9f52b89c967a	0.9546	M
2	>cebcb338-cda0-7eef-c75c-0b414c0a5f6f	0.9810	M
2	>37a428c9-5dc6-1b78-7bec-d7a9e46b18ca	0.9519	M
2	>be7f4e99-806d-4045-4be2-09710d8cc432	0.9835	M
2	>44f75046-198b-d5b3-3672-b00224e8f351	0.9890	M
2	>532e1baa-5e8b-287c-779b-cd4b85939fe4	0.9398	E
2	>45400610-265c-1532-d872-dfbced455ecc	0.9418	E
2	>65e4cfba-f139-17b3-77a5-5a25ee2317a0	0.9626	M
2	>cda7f4d4-a036-b9f8-7c54-69c3842e487c	0.9869	M
2	>5eed890b-14de-3866-2e23-f9df8acf362c	0.9677	M
2	>f19ae9ba-1e56-0898-f367-160c767a97bc	0.9559	M
2	>16c73f32-6d26-347a-df12-bb7f70c0ea20	0.9744	M
2	>384944d0-94ed-5707-bfb5-cdfe7c3c2447	0.9740	M
2	>2816f647-82ae-a0cc-873e-3d71b76cf542	0.9495	E
2	>d3491cab-67d3-45ec-0ecd-e8c6272c2e32	0.9689	M
2	>f2dceefc-0542-aa20-c417-4ebc713d93b5	0.9803	M
2	>f0573902-a3bd-eae7-c080-119c36aad0f4	0.9523	M
2	>edca6fb0-40a9-428c-aa4c-0112b9db3288	0.9536	M
2	>33bd12ac-58ee-b27f-a652-071308dc70a3	0.9573	M
2	>1bea24b8-fcaf-0c28-2148-178046ecfd3b	0.9518	M
2	>69e240ad-76ff-1bc1-6705-e3f5409f804b	0.9634	M
2	>bef009d7-62b6-af51-8567-9f6ab7d6282e	0.9682	M
2	>403dc855-0e5e-4b2c-1d93-2ad133520f55	0.9627	M
2	>3afb39ff-2624-0284-0380-c374b35b9d8d	0.9635	M
2	>7780e990-cd94-b755-0b75-87fdde9556bb	0.9760	M
2	>301ea06f-1e4c-121a-bfd7-66f5452f5d84	0.9927	M
2	>c94daac6-1058-eb55-ebee-854b0dfa2126	0.9674	M
2	>e62cdb50-bbe5-ac72-1d3a-c4bb2bae56e7	0.9685	M
2	>efeb2d68-a27d-c245-7469-4da339b39770	0.9522	M
2	>5ea754cf-f570-915d-4da5-9bd8712636e4	0.9398	E
2	>218b6556-e755-c2f2-8080-00051e6a502f	0.9767	M
2	>3004ec67-301b-66e3-62d1-905468986a55	0.9708	M
2	>b70d2af2-8405-c39e-d5d8-a4d0284e6fbd	0.9782	M
2	>5972014e-e6d2-8962-3f78-0a72354c4317	0.9493	E
2	>d721bfd9-0347-cd85-312a-d2f42479b55e	0.9702	M
2	>da7f054e-cfd5-785a-d7c1-37433e754a29	0.9628	M
2	>af6fa75c-e327-591f-220a-f322d7e3205e	0.9708	M
2	>2dc960df-f2da-0d00-1901-8f0fe28cc2fa	0.9930	M
2	>5e9c92e7-b465-b257-517e-45b2a350c2b6	0.9413	E
2	>8d8bbade-decf-4b75-6df3-d801090b0da7	0.9701	M
2	>792901f3-6009-640b-135d-41087545fa37	0.9798	M
2	>06d17905-7c90-033d-3ca1-6bda1f217cf2	0.9396	E
2	>d087677b-3741-8452-fdf1-272ca5519fc3	0.9801	M
2	>aeb5bf7c-cbc3-c129-8f64-e4da56abbf31	0.9698	M
2	>b5dd5a0a-eab0-7c49-e0c0-1d350bc75770	0.9458	E
2	>48124da5-d364-1683-3fa4-f6f58d79b724	0.9830	M
2	>a0c4bc39-28b2-d35d-5254-865d9961dc63	0.9826	M
2	>a6171786-72fc-c09b-cae5-4536ca2381e6	0.9601	M
2	>6381c235-6fe0-44e9-128f-ed61dbedc1ee	0.9842	M
2	>ef4ff535-a69e-835e-56b0-2c95e644ec76	0.9609	M
2	>f079bf93-c141-08be-b409-9ebcb0c69802	0.9811	M
2	>7b8b6ebf-5157-7d3f-3cee-e7bd235d7cf9	0.9374	E
2	>f348bc1f-bb3a-e509-97a5-1a2d292bed92	0.9492	E
2	>a22e350e-3d71-84f1-9ec5-f6c21ca1c518	0.9456	E
2	>d13c1516-de67-3d7c-f85c-e14e817125e6	0.9875	M
2	>ea32d23c-f3ee-2ced-802c-b921aeeed156	0.9605	M
2	>b144d65f-1b34-27b9-309a-4aaf4f07223d	0.9815	M
2	>d6e2a0ea-9efe-29bf-f889-d8e7d68d8e97	0.9540	M
2	>a32d0915-5365-9f72-d321-957c238eba1a	0.9611	M
2	>aa8e6dc5-4fff-bbc7-0ba9-be945c1d0b65	0.9469	E
2	>6fdea3ae-e735-d3f9-ce2d-c0dd2caa6181	0.9508	M
2	>363ad3b8-f1ce-fbd4-4bcc-3bdb378ba15d	0.9774	M
2	>48518faf-81cb-20dd-8dd7-f561cede0798	0.9466	E
2	>b11d848d-7996-8835-fd4b-389385075b3d	0.9906	M
2	>3e4c5eb3-59c1-a41e-84d6-46888655066c	0.9838	M
2	>23c268d8-adbb-e81d-67af-e4975768da0f	0.9863	M
2	>5a2e582d-ece1-4574-6052-fc22e56008e4	0.9670	M
2	>172c962c-3380-6ec9-f010-68383e367a22	0.9457	E
2	>32776848-07e2-160d-e0f8-8d63db46e7f0	0.9592	M
2	>b4addbac-5261-a25c-32dd-48c8cbfea089	0.9903	M
2	>877ca4c1-27cb-41b6-113d-63a9969f7df5	0.9346	E
2	>f7e4038e-eccc-c34f-0558-3eb08ef7cec4	0.9597	M
2	>e08f0187-a080-4d4e-1e23-6a0f6823ce2b	0.9877	M
2	>5f7fe9a7-8d7d-2066-9a2e-66dffbde140a	0.9501	M
2	>12b65a84-194c-6191-4a8d-902eb294cde3	0.9612	M
2	>2cc8ec3e-3d77-97f4-6af6-ba51240f017e	0.9420	E
2	>c5440a0c-4d74-d743-d8e4-b52acedb8b6f	0.9595	M
2	>0ab88e65-cd99-408b-7404-3ee224eabac7	0.9430	E
2	>4e6a65e0-557e-cb42-9c11-34663de56b18	0.9905	M
2	>4fcd47a4-cb5c-6f41-f377-c3c914f772e4	0.9471	E
2	>8b2e8117-fd1d-304f-b116-b9b4edc231d0	0.9598	M
2	>d5befd29-b741-93ee-7749-8bb7cec0ce4e	0.9756	M
2	>71593ac4-0ee4-da56-df68-b253b61ace72	0.9661	M
2	>b7059f11-0b22-ef54-b3b1-beb394dd76fc	0.9578	M
2	>71eb479a-4c65-4e45-c6ea-ef0769854c42	0.9425	E
2	>f3132b4d-f20d-3c4e-2c65-b27094d36347	0.9877	M
2	>2f483793-81f2-3c32-7823-aca81d602b30	0.9616	M
2	>36c328b2-7e5d-8559-d78d-a787966e118f	0.9688	M
2	>13042b75-f968-3ff1-0d7f-01c1564590a5	0.9813	M
2	>f517fefa-797f-8f35-3816-c451918c7618	0.9343	E
2	>d2b40c0b-61cc-8082-865d-dcc518a896bb	0.9440	E
2	>dbc6033d-7e6a-9b5e-f5fb-e3e62131d5eb	0.9689	M
2	>10af15a8-63a0-5069-9fbf-ed8c4fa925ac	0.9489	E
2	>d9c6b9f5-fe53-f29c-d517-70e2c01e2f9a	0.9682	M
2	>028de992-f1a9-e0a3-ad7e-f687e6da2c16	0.9794	M
2	>9b3cf04f-6c96-4580-c1b8-197e149924ac	0.9395	E
2	>35a1ba02-55ee-e763-a053-6fa5c6588cf4	0.9544	M
2	>9ae30a00-149a-ae88-47fa-997d0b5a65f9	0.9426	E
2	>8c3e9815-39f4-1fc0-95ec-853bb3b8fe92	0.9668	M
2	>28deeaca-cfae-63ec-a839-95c1575130b2	0.9937	M
2	>4565a636-097b-0533-cb4d-3c1c118d7eb6	0.9674	M
2	>6b466905-7161-a243-fd22-80c6480d85fe	0.9474	E
2	>52ab21b4-8cc3-4340-b39f-90b132a2c540	0.9620	M
2	>dc4a931c-d61b-6bb9-8ca5-85d50400d323	0.9405	E
2	>e8c302a6-f26b-3f3e-93a9-8d86c37e39ef	0.9847	M
2	>71cec8cb-b1d0-2686-e58d-6a9ad4caaeb5	0.9873	M
2	>84ea710b-99cf-b268-7f51-8a5ae582972c	0.9907	M
2	>3f56e031-6f4d-d8f2-6554-459296198d46	0.9536	M
2	>fe0028d4-634b-0a2e-f25a-ced6cd9e2cf0	0.9586	M
2	>1c181ea4-00b0-6c3c-28cb-509a83b68517	0.9615	M
2	>0980908f-3a50-a43e-cebd-22374414cf6a	0.9895	M
2	>d8d2a99f-6814-6fb2-1665-738118e7ae63	0.9499	E
2	>2539756c-da8f-2c6e-87c2-fe07c1ca5ab7	0.9598	M
2	>bd6c0e0b-6969-c6e1-47f8-c15913412978	0.9485	E
2	>b53e6a08-d1f3-0de1-50fb-7d3e57d6ca7f	0.9484	E
2	>3905303f-ee9c-5be7-3853-6b3e54ad453a	0.9438	E
2	>036af51c-8f21-65c9-ea96-878743a2f608	0.9870	M
2	>a2dfe2d7-d1e2-4630-13a9-cda8fd1868b1	0.9450	E
2	>9e03ee48-d4f8-151d-22d6-542d45890761	0.9489	E
2	>97c3448a-68fc-5c9e-c136-557e086e20b7	0.9856	M
2	>737d8931-54fa-5ec7-37d7-fb63291c4e3f	0.9740	M
2	>b6366585-8407-f1da-25bd-975a4effbf26	0.9399	E
2	>e5d90d25-05e0-1512-c5d1-8c225b2ccb61	0.9563	M
2	>b0035035-2266-2499-7122-1825788c49ff	0.9403	E
2	>550d7b15-3b5e-e1f3-e93b-98421152cd71	0.9747	M
2	>503774ef-18b6-58e3-87fc-8e4c8829617f	0.9590	M
2	>64b61a78-d923-ecea-8d39-2f7dbfb05a06	0.9879	M
2	>316a1440-0ad5-93fc-962e-c2fb79f58b6a	0.9494	E
2	>95f7d314-3fe0-8ce0-1748-b4f181757d5a	0.9603	M
2	>8abacad2-bee0-cbc7-6551-f5ba5658f4db	0.9783	M
2	>6d0be777-b241-930c-c767-c80138d8652b	0.9480	E
2	>309a47cb-d9f2-0fb2-98e8-49af323d9150	0.9538	M
2	>9b87b5fa-4250-ccc5-9644-c31b67021fbc	0.9458	E
2	>a13259a2-60ac-471c-01fc-208bdaeb34f2	0.9676	M
2	>0642306c-4032-d80f-7c1a-29518a78479d	0.9681	M
2	>c73ee920-af0e-f320-e0b1-be0b96860620	0.9408	E
2	>7b26ccd7-7a04-64cd-dd1b-bc08f845ad6a	0.9616	M
2	>af07f193-30e0-3b61-39a1-077de6333e4f	0.9475	E
2	>d700c14c-e9a6-9143-1934-19798e39be86	0.9474	E
2	>ffd32602-5a72-bc37-3a30-3dd5135f628c	0.9586	M
2	>9f2ec928-eb62-c153-bfb7-ced20910f422	0.9473	E
2	>4138d401-263e-08e4-2045-36df1fc67482	0.9564	M
2	>ddb5dbc2-829a-0f70-7a29-3517820674ab	0.9339	E
2	>30f1dd0c-e99c-7419-acbf-2f0d321e8236	0.9624	M
2	>ffeed52d-f5f0-f29a-6a69-9accc086aa6a	0.9911	M
2	>b5e1c85f-4cb3-b18c-3315-25e58998a333	0.9726	M
2	>3f98d24c-478d-ea27-34e1-c90ffa5bd98c	0.9338	E
2	>6cbdbd62-fed3-a6ed-f24b-6bd251c2e717	0.9433	E
2	>9e99748a-2870-f02d-02a8-e07150b193d3	0.9657	M
2	>bf0f74ff-6f8d-3c88-07bd-a732e565a6fc	0.9404	E
2	>772174fe-89f6-0e87-01f9-eba5e2a5e1bc	0.9395	E
2	>90f4b2e3-a16d-27c7-fd60-4cdc0b16ce19	0.9830	M
2	>d953cbc7-776a-8a40-603d-76cb197a500d	0.9774	M
2	>be9cc57e-233c-abf2-fcf2-e76e97009b8c	0.9650	M
2	>61059c5e-e492-58d1-8ca8-24cd7f586174	0.9514	M
2	>8605d783-ef35-f545-9b75-0ed4229739c4	0.9380	E
2	>bbc2b010-ee44-820f-5383-546c6dc3b374	0.9343	E
2	>e873e2e1-e36a-fb14-755a-1792f123b78c	0.9651	M
2	>631e04a6-61ac-d856-a388-58d3af911477	0.9524	M
2	>8dcce5e4-86e8-3086-76b2-b76d948440a4	0.9733	M
2	>fd32a115-d2e7-741d-8b74-c9818c3885de	0.9572	M
2	>92eae5bb-0969-06bb-6717-a9a550a1727c	0.9678	M
2	>5feea5cd-4b4b-9e76-543a-c7b773e13d2d	0.9455	E
2	>86171433-e123-39ea-2b65-a11d56cfb855	0.9671	M
2	>61371551-8719-dea3-8047-445645393172	0.9418	E
2	>026f7227-108f-5728-9025-dfbf81c5b81d	0.9728	M
2	>2b751263-fd74-c617-12e5-06fc5badad76	0.9465	E
2	>d74cf6ad-fb76-3227-ba1f-047ad0872bf3	0.9585	M
2	>f3d716cd-3f17-54e0-7dcd-74caf0ea92dc	0.9454	E
2	>947335c3-7aa0-8d32-fbc0-57098b9acf01	0.9486	E
2	>1e04a5de-908d-c41d-8658-eaa659d6221c	0.9433	E
2	>b38c9b15-c670-c53e-b46e-22d23c77ecba	0.9613	M
2	>8bf840bc-8d93-b07a-c833-60158ef6971b	0.9614	M
2	>a274427f-69d9-adb1-e6ec-1b87a6e6738c	0.9804	M
2	>9a69a035-a692-aa91-2d2e-5070171dc0b1	0.9607	M
2	>433ef037-8b35-a82f-e24b-897b1f5fc19b	0.9644	M
2	>4bb21b66-1a1c-1ed7-d807-7c2a388196e6	0.9380	E
2	>7a843898-8f83-face-cf40-b6e599d3e942	0.9485	E
2	>ecc58c9d-ac65-a39c-8cd6-063f52b4bb33	0.9639	M
2	>baecbc8b-12c3-0a8c-fa0e-b9f5ae13c516	0.9907	M
2	>48f7f080-0fe9-a925-748e-6b36205a9fcb	0.9785	M
2	>01754fb5-3260-ae49-4c76-b40180054ebd	0.9624	M
2	>871d79f4-fdd4-93b7-e2ab-2831d4dd2604	0.9757	M
2	>003fbd9e-d84c-6785-4b72-4027429c1ea9	0.9736	M
2	>8915e4df-6510-1fdb-638c-ed769e6fca00	0.9416	E
2	>0feb4f71-33c3-c826-559c-8d612fbd968c	0.9418	E
2	>e1593703-4dde-de28-2708-462787489217	0.9684	M
2	>4df52842-bd46-531b-efac-075eb4e94ee7	0.9447	E
2	>bc1b0fb3-61ee-a155-e869-74503cad96bf	0.9719	M
2	>700d1ecb-dcb2-5495-adf3-90d9691797a8	0.9431	E
2	>32242c96-4e00-51a7-58c5-234bf3291998	0.9402	E
2	>27b98a01-db8a-b458-3d6a-fb1682d51423	0.9750	M
2	>001345fe-00c7-6a34-f248-3e72726c55e6	0.9736	M
2	>cc27a488-2baf-f4f1-761a-065f57c86fd4	0.9683	M
2	>48ecd991-163b-c5c6-e5a9-95b933c15633	0.9709	M
2	>e644a39d-8afa-6abc-565a-8a6c7020edc8	0.9508	M
2	>e1a8dc32-5a7a-6e67-664b-09bdffe1819b	0.9825	M
2	>11d16d27-2403-17d8-5132-8354698cce96	0.9489	E
2	>f39421f2-ceb4-7a74-a83d-7c421a7ce161	0.9571	M
2	>517006c2-0121-ec86-dd2b-b3d15613da8c	0.9668	M
2	>58cdbf08-e07c-8d45-1e9e-e4972e2c5d3c	0.9523	M
2	>dae9b3f7-39b2-d57e-f3b9-df49211e20ba	0.9689	M
2	>6fdf0cf8-7a32-fdef-e2bc-8ac0f411e5b3	0.9664	M

3	>120ff6b9-6096-a40e-5562-165a1c21b4a9	1.0000	C

4	>3cb6fd8f-b5b1-ae5b-9e93-04e6ce85d6d8	1.0000	C

5	>a0e59869-b92f-e943-e6f9-4292ce1e3d33	1.0000	C

6	>6bd6a2f1-f8ce-02ef-a7f8-e6f81a0f38e5	1.0000	C

7	>bc338f27-78a2-bd20-2d4b-bb55875b7a17	1.0000	C

8	>eebaa9cd-9379-d142-77d6-2fb3c7fdefdd	1.0000	C

9	>4753c6e6-7ff3-ae24-4415-3c069a22e5a1	1.0000	C

10	>1ca41e20-8f2f-e5c8-e99c-b1bea6cf7da3	1.0000	C

11	>1faeb7ca-a89b-993d-a50f-8818ba17e2ef	1.0000	C

12	>5b7d53f6-7353-5a64-b327-c5bb206a2658	1.0000	C

13	>9af24626-d66b-06c7-6a2f-88f5b5efd956	1.0000	C

14	>e6e23534-5909-767f-cc27-aeee75eeec12	1.0000	C

15	>b8cd9af3-8c1c-c2f4-80d4-b7de8bf49d2f	1.0000	C

16	>63e71eb6-f4c5-b42c-e7fb-d0a69d6f7924	1.0000	C

17	>ebbda6dd-66dc-4d28-2da9-c83ba4ff7763	1.0000	C

18	>0668a807-5f7c-91f2-6716-a15adb83f2a1	1.0000	C

19	>07947ed0-7202-54be-3f0d-bfdeda48c8d5	1.0000	C

20	>fabc58b4-9d69-3a1e-b7cf-d8bc7337cc64	1.0000	C

21	>91705eff-984e-c381-b23c-646e611f4938	1.0000	C

22	>9c015b13-ec8e-1c73-dec7-d6b2d9eab741	1.0000	C

23	>356c795b-062e-7984-e2cb-dae2589aba9e	1.0000	C

24	>bc22a443-50e1-e7ed-df14-e4fe265dd30c	1.0000	C

25	>2baae705-98c7-bf69-f451-4c57d2d8c6ef	1.0000	C

26	>98b99ede-c627-d0c7-9031-cabcbca81ec2	1.0000	C

27	>cfc6d145-7848-8406-aadb-3e551ebc23a4	1.0000	C

28	>8d55834b-942f-38ca-ca5a-893c29c1cc31	1.0000	C

29	>699aef24-915b-ec22-bd64-82194df14fcf	1.0000	C

30	>5a65ec1c-0012-a7db-d77d-cf386366e55b	1.0000	C

31	>8992e41a-6eaa-746e-bd5b-5dc2a899d818	1.0000	C

32	>b661915d-3256-81cc-a960-2cbfda58cca6	1.0000	C

33	>446cfbd0-9275-7303-ce95-f89c60d29f04	1.0000	C

34	>6225a653-cc97-0e41-d8e1-a819081e29ee	1.0000	C

35	>a1b40f0b-bb39-d43e-f33e-28cc10d6a0ed	1.0000	C

36	>01ce48ce-c74b-1e74-6a26-75c56ca2b3ce	1.0000	C

37	>7e9a6621-e4a4-4c62-6ed8-6194e627fa08	1.0000	C

38	>05bf0c5c-9b18-c659-c97f-cd6ebf4d8595	1.0000	C

39	>22d6340c-33bf-10f4-f1e4-0530a9fc87a1	1.0000	C

40	>d7a86977-d3b7-63e8-f7c7-9e88b17c13ae	1.0000	C

41	>20257a85-8cc8-25f3-5e9c-f8714e755630	1.0000	C

42	>15242555-d852-8f7c-3947-67017599679a	1.0000	C

43	>6a05be40-398e-5e77-9215-aede5adcd9b6	1.0000	C

44	>94e8e872-2924-f736-8aed-58b133709ac9	1.0000	C

45	>402c208d-a13e-d434-4700-f720b294b315	1.0000	C

46	>af32a786-10e5-7054-47c3-58141d6e652b	1.0000	C

47	>313faa73-564b-4b09-86f2-e2ec85d07a2a	1.0000	C

48	>3d95cedf-b88c-ef6b-386b-a3ef1097f2c6	1.0000	C

49	>a1bea12a-4725-0fd3-9195-924f89561f81	1.0000	C

50	>ff7debff-8ae9-8b98-ba59-7e89ea65feca	1.0000	C

51	>d06a850a-719f-2ad8-cff7-d7537c1082fa	1.0000	C

52	>f285ac04-abfb-a3cb-a2bb-da0b98436287	1.0000	C

53	>4a09c0e5-1318-07ff-11c3-c2d2c2c911c8	1.0000	C

54	>28bc931d-bff7-c688-996e-c883d9a05d86	1.0000	C

55	>4cf91593-530b-b773-4550-b6048e58b167	1.0000	C

56	>4b862b38-b6b6-9a0b-016c-5a4000fa54cd	1.0000	C

57	>4e942fa8-0e8e-03e5-88a5-d59712b80233	1.0000	C

58	>8961541b-a4c4-57cf-3f95-5c9d82e7f163	1.0000	C

59	>e8491971-b0fd-8273-01ec-2aa53a964ed1	1.0000	C

60	>af560fe5-00be-6677-0708-25b32deb43f3	1.0000	C

61	>92cc2d32-4cfe-5487-f6bf-fc0b838795f0	1.0000	C

62	>25dacf92-9fb6-673b-e68c-358937905c23	1.0000	C

63	>7cbd1a38-8a38-5aee-11ba-6b163e5e3db0	1.0000	C

64	>2ac8f3e8-455e-d2df-bcb0-ab6d8de5a01e	1.0000	C

65	>46da7c5c-4a34-ca0f-68f2-607be3a721f2	1.0000	C

66	>59c0610a-16f9-e56c-ee4a-6331e6b43d2c	1.0000	C

67	>0f7e438e-e3b8-b0ef-a9e0-dec64fa15290	1.0000	C

68	>8e82ac14-e349-2a9f-47ee-182df9b6c001	1.0000	C

69	>f76fef01-cee9-ed3a-41cd-322d441d4503	1.0000	C

70	>b2a311e3-6a4e-416c-534c-6b36eee25473	1.0000	C

71	>6a69b088-fe0c-08e7-f904-5bced2d59b31	1.0000	C

72	>47057915-3b21-96f5-b06f-745fd8a824b6	1.0000	C

73	>0f18526f-ae1d-66c7-afe6-edc5dff538e4	1.0000	C

74	>1d28acac-f990-1399-17cc-b5297bab7d0d	1.0000	C

75	>e78e502c-90b3-ccc9-39ff-f09f337c0387	1.0000	C

76	>9b3cd2c5-391d-1d4f-c106-bb01f4b39652	1.0000	C

77	>044cd9e5-950e-76df-da03-730c8359f4d1	1.0000	C

78	>efd1f987-dae2-1d56-685f-6e19ac801028	1.0000	C

79	>604c2af7-3c08-078f-69d1-2266680cd71b	1.0000	C

80	>e3815abd-a826-cdd7-c07c-5dc78d9f0537	1.0000	C

81	>9b9ff300-ee4f-ed82-2b32-6d6e6e4248b8	1.0000	C

82	>c2327e54-20fc-819c-0b66-b88c20934e9f	1.0000	C

83	>ebb16182-8b38-cbe4-a52c-fe0a81582e39	1.0000	C

84	>4ea572f2-586c-0181-8586-b421d60478ec	1.0000	C

85	>693472dc-c5ee-f30b-e006-7280ece29223	1.0000	C

86	>06020b50-0918-cf45-898a-cddd17698d9a	1.0000	C

87	>2318e46f-c8fb-af86-0f12-e0d25f90ea3e	1.0000	C

88	>b851226b-8070-2ec8-1842-95bbdd0f8184	1.0000	C

89	>bf63ce1a-1ca0-e93d-84f7-fcadb27bec42	1.0000	C

90	>84eee4d2-6832-04bc-7c04-a1ff5f1609d0	1.0000	C

91	>bb3b179e-7b1a-08f4-5a98-597ba8fb9c3e	1.0000	C

92	>18299cfc-fc39-8b79-6acb-b405222e089a	1.0000	C

93	>a09e8a1c-a319-f3e3-ed50-b47496537726	1.0000	C

94	>fe748179-4a82-3be9-0864-de529555e2d9	1.0000	C

95	>1a136ba2-9651-2aff-9b31-5ca5abb1a3cc	1.0000	C

96	>272e71ec-9f3a-b9e9-f480-7d0d6e271554	1.0000	C

97	>7705e3e6-e105-0240-3d4c-66987b80cd4a	1.0000	C

98	>80926ba3-865e-ff09-5740-da08e8bdcbfa	1.0000	C

99	>791eb0e2-6251-07d0-a5de-4a07b8e1732d	1.0000	C

100	>4dff35ac-92e7-700e-8aa3-65a4be9c5f5f	1.0000	C

101	>82714717-3001-bca1-7b7a-0deaabb35b3d	1.0000	C

102	>5ec7358b-d787-8d2a-cf35-366acd513e68	1.0000	C

103	>8377e172-865c-adc2-1e52-ba787366acda	1.0000	C

104	>8841bbcf-b4fe-4f57-d5fc-fc1d04a407bd	1.0000	C

105	>8e5444a5-dde6-12c7-33b5-a620afeea6f4	1.0000	C

106	>4a3791c8-4733-7f21-5198-0bfd434bfefb	1.0000	C

107	>4d9f465a-f13f-9995-2406-ef38c985ddb0	1.0000	C

108	>fb187782-1265-02bb-5802-ba54a9d1253b	1.0000	C

109	>3c8a4ac2-838c-0601-9186-928b10a6e602	1.0000	C

110	>985cda69-db7e-b875-1041-eb8229b3e71a	1.0000	C

111	>ca3e1b3c-ca4a-7be5-6b23-0183b7f71dbc	1.0000	C

112	>ce5d5488-dcf8-0406-594f-a0ec6e7203d8	1.0000	C

113	>3e18b0f7-b502-dee1-97c9-1a26143c56c2	1.0000	C

114	>0a89b35a-554c-3498-d8d2-694b50480ce6	1.0000	C

115	>38968cb0-a3b3-a506-116a-65efa0cd0d2c	1.0000	C

116	>51d0ee02-a8c4-02f7-ae2a-94a8cc28a09b	1.0000	C

117	>21f31895-cb6c-e5a5-9fb5-efdfff98ba33	1.0000	C

118	>24acef56-e288-b326-5f3b-dc49e4c61e38	1.0000	C

119	>765f27a7-c8a4-aefa-00d0-281b15a945e9	1.0000	C

120	>6e2ca82d-2bdf-6abe-192d-a9414f8e0543	1.0000	C

121	>62952c3b-f478-931a-5084-ce2d5212b51b	1.0000	C

122	>5341406e-0b74-94c1-eacc-273ca7274a64	1.0000	C

123	>3a00b702-a72b-ee94-7049-7a173edac240	1.0000	C

124	>53dc7047-36d5-cf81-f10b-15eb40a4e9f9	1.0000	C

125	>4258a90e-4457-c1dc-b29e-288abaf66cb8	1.0000	C

126	>86411eba-755c-aede-ce14-0cca3f189300	1.0000	C

127	>5bca5195-9d9e-0790-ce8b-5eb9ea2f4efe	1.0000	C

128	>9045d976-c6fc-151d-94a1-b81cb9a24de8	1.0000	C

129	>e92a6fab-c497-c103-492a-fad6e2586591	1.0000	C

130	>816bf429-20b6-1909-934b-7b231a34dc75	1.0000	C

131	>d2ce017a-724c-6851-6fdc-576c3d5e90f9	1.0000	C

132	>a1e8476b-a55e-4a2c-4f70-99db5c1f4266	1.0000	C

133	>e85106a6-5f45-12ae-4e48-ed58623b5f29	1.0000	C

134	>2c51f7e3-e70d-aeb9-fd4f-6b641c04d9ef	1.0000	C

135	>2b17b9d6-e5da-2580-92a6-97a063e432e6	1.0000	C

136	>4f79501a-c7bc-96eb-a379-5ff927d0819f	1.0000	C

137	>b95ee793-a92c-0c9d-0d40-5fa8f1035a3a	1.0000	C

138	>1c32a7bb-da69-9f32-cee2-94611ed275d0	1.0000	C

139	>d20816bd-02d9-e01e-0c54-2db201982279	1.0000	C

140	>91fe7a6b-9b3d-5705-13e4-99726bfb092e	1.0000	C

141	>d9ff3eb7-c164-3cd8-7b4f-4fb9a047ef1a	1.0000	C

142	>b0db542e-c4ea-285e-80f9-5158813e8551	1.0000	C

143	>89f81471-0cac-abbd-1717-3678c6454466	1.0000	C

144	>582a6083-53cc-bcd9-5728-4388556fbed4	1.0000	C

145	>29524138-ec20-e047-9240-6ff8466a9697	1.0000	C

146	>5a8ec8e3-9c63-e629-444d-d3721b281b41	1.0000	C

147	>63199fdc-ce70-4d5b-3315-0b0e51d5b47b	1.0000	C

148	>4a63b8bc-afbb-23c5-f7bd-61069c121a43	1.0000	C

149	>b7f48e18-5ea2-a335-9b32-76de69d26794	1.0000	C

150	>f09543a7-c832-7f2f-6586-e832a40543bd	1.0000	C

151	>7b3488ec-b3c5-0b66-ddc4-af8ee12ae2c2	1.0000	C

152	>a1eba9d9-413e-ee75-cae3-d26b475ab689	1.0000	C

153	>381de7f7-c1ce-37e8-5891-59d18bcc6c4b	1.0000	C

154	>38ac314e-c58d-26a6-803c-409a9e36afc9	1.0000	C

155	>8998f78c-26b1-62e1-3660-8573a7ac14b7	1.0000	C

156	>0129d793-7f7b-35f6-951b-0b648da6154b	1.0000	C

157	>75d0e418-d630-502c-9c91-040370864c2c	1.0000	C

158	>190ec986-d239-9831-5fe0-f38029a4ee06	1.0000	C

159	>d2996f36-977f-7d20-9684-7ef7654ae2e5	1.0000	C

160	>428f0e09-b78e-ea28-dc20-9861e88a2a1c	1.0000	C

161	>d8dfb81d-7a6e-e870-fcd5-2cf6ecd83ccf	1.0000	C

162	>b7236ebe-af0a-f598-25ad-49a8f234e93c	1.0000	C

163	>6f069f70-5b62-5402-0e58-fd7873c87792	1.0000	C

164	>cb82879c-f116-16ed-1d5f-7fb08e042aaa	1.0000	C

165	>518e831f-e379-1bfc-25ad-29aede8688fb	1.0000	C

166	>c48c41ed-e08f-7e44-4f73-ef7a320eee96	1.0000	C

167	>0ae966f9-d1a6-046d-d346-7849a553186d	1.0000	C

168	>b0796a45-dbc3-3427-a071-7ef9fcf7f992	1.0000	C

169	>28a3f2c7-cef4-4103-3a00-b3edc2e86fc4	1.0000	C

170	>83b2fe25-5b34-0f79-a6a0-7a3a0707c809	1.0000	C

171	>b28522e4-5755-c873-ab78-214ff011904d	1.0000	C

172	>a468e1cc-c17a-e23a-5301-8aec9961a389	1.0000	C

173	>fe12b26b-d55a-9c8b-a35d-290e68328b6a	1.0000	C

174	>638b815e-7eee-7c0a-8394-eb268504cb89	1.0000	C

175	>762dc9ca-1a1a-057a-3d7c-689b5a701e6a	1.0000	C

176	>15aece9d-6cad-3fc7-c0d6-9015461a27e9	1.0000	C

177	>9343ad5e-4045-be81-81aa-a29be79f5d64	1.0000	C

178	>11ffade0-9516-c741-e873-bf1fb330d72f	1.0000	C

179	>c13decec-da89-4c45-9b2f-6164333e79e1	1.0000	C

180	>ed31f09e-6458-645e-edf7-f651154eb5e8	1.0000	C

181	>d30a163c-7706-206e-96d8-df8268a46f57	1.0000	C

182	>504fe993-d647-85ff-6123-ae6658c27278	1.0000	C

183	>553f0d3a-3c33-8cff-aa0c-f8ddf448eaa9	1.0000	C

184	>f87cd741-03b3-a805-0249-68d1bdee0fb2	1.0000	C

185	>0297f5cc-9e14-17f5-0f43-e3b05fae7b49	1.0000	C

186	>76d8c3f2-ff54-3a42-e996-72d9e72a474a	1.0000	C

187	>1018c548-2c5e-0769-7592-2cdc259ee924	1.0000	C

188	>97b9beaf-55db-ffc7-94df-0beceeb4d266	1.0000	C

189	>86352d72-dfd1-0bea-5b1c-91084a867f4d	1.0000	C

190	>04ace425-b51d-ecc7-d574-3e7b465ec7f0	1.0000	C

191	>ba8f5030-356e-8c67-3186-46c49da675d5	1.0000	C

192	>63d99a07-07e1-ed07-71a5-aeacc2703d26	1.0000	C

193	>c5280797-3593-581f-9323-91dd1469bb98	1.0000	C

194	>8bf85042-519b-e35d-ca47-25e346ad1072	1.0000	C

195	>74f0760b-32a9-21ac-3673-d0d9d12a268e	1.0000	C

196	>c8ab2fc5-8a83-05c0-f693-bf499e2089ec	1.0000	C

197	>54ee58d5-8cbc-8b08-a1b2-0ad933b753c0	1.0000	C

198	>3a7c696a-1551-ce96-822e-beedc8129671	1.0000	C

199	>b997d7d8-1880-f28c-39e7-084f66086409	1.0000	C

200	>17aa1f32-65dc-bf5a-3019-03edf87878cf	1.0000	C

201	>3f4edb43-dafd-667f-66ab-4fbe9ece49df	1.0000	C

202	>b6cf4b2d-cd2e-7b4f-d28b-f71dfb9499b6	1.0000	C

203	>7fbe8ce4-4b04-c42d-4693-fe37f48229d0	1.0000	C

204	>283fd1fd-ea8c-921e-4857-4aee1d42d844	1.0000	C

205	>57fbb4f7-eb30-8a70-df87-9b2ea8b51a01	1.0000	C

206	>e4df12f4-0af6-c9a2-bdeb-f61b16165c27	1.0000	C

207	>fcf47e69-98a8-fb28-3562-1189e2c98213	1.0000	C

208	>07bf20a7-fc77-514e-21cc-d522330754b3	1.0000	C

209	>ded5c436-07c7-737b-44e0-96f5b8abb236	1.0000	C

210	>bb1ecb41-f50e-bb6e-be37-7ef718b2e6b6	1.0000	C

211	>83401c50-75f9-ad0f-482d-0b3835bbae1f	1.0000	C

212	>2aab12db-bdf7-ed88-2c02-41a114c6fc4e	1.0000	C

213	>ee8721eb-7ee0-7606-2620-80ce021e0041	1.0000	C

214	>2848d2df-4c5e-3180-cb88-3cc357eeece5	1.0000	C

215	>6c4e84d0-4666-8075-c4bf-725b4769b6b4	1.0000	C

216	>b0f4b218-7aac-0485-f73a-76839dc38cee	1.0000	C

217	>0af6f59e-c84a-99f5-4c60-69eb479fd6fc	1.0000	C

218	>dcd53b9d-f76a-1c43-dead-c85eaedd5e5b	1.0000	C

219	>b54a1a31-20f2-5985-5eed-8f9a56429a3f	1.0000	C

220	>1a4d3521-d081-892b-3990-de00a7daf42c	1.0000	C

221	>e4221113-4158-52f7-2a43-ecdb681759c1	1.0000	C

222	>2921f69c-4e1c-f845-db45-905a9594986a	1.0000	C

223	>1593a9a5-f9c7-9448-d318-9b03fc2b5957	1.0000	C

224	>751fcb5f-dae4-8dd6-c3fb-c308c3a5ad56	1.0000	C

225	>0b1d29df-cea0-c646-7f22-d0b3b523a429	1.0000	C

226	>bc157ad9-5875-75da-9ec6-ef8ee120024d	1.0000	C

227	>adfb83d7-5cc3-55d3-00b5-fe193f82f44a	1.0000	C

228	>b2067b2d-8cba-e80e-2f89-c85c819fa9b9	1.0000	C

229	>10bfbfa3-60aa-6d4b-0b59-31f7a0f3eb81	1.0000	C

230	>3fefcae4-4473-a8d8-34cf-16cc4b6a2286	1.0000	C

231	>f3b943d0-58f4-0fa7-3f81-73ad2214fe95	1.0000	C

232	>ff0994cf-c65b-b8c6-eeb9-ecb71ab3c147	1.0000	C

233	>10d5d481-97a4-cce2-c122-abc08895502f	1.0000	C

234	>3180b445-2656-9958-2113-09afdad4eb33	1.0000	C

235	>97c7d60b-c404-406a-1a90-0e1bd4b81a52	1.0000	C

236	>8d47cd6a-6a9b-d1fa-f7d6-62dbd44f3ead	1.0000	C

237	>ae43da59-6515-1799-b733-38e860ab6f37	1.0000	C

238	>203aceaf-61da-cd11-5b01-3eed66443c07	1.0000	C

239	>144949c8-1851-5ebf-8aa1-7d48c0d09663	1.0000	C

240	>ce0dbc0d-172a-15e4-e83e-8c19f2bfec33	1.0000	C

241	>cf074993-fbc7-744d-9d50-4c30ad3ce359	1.0000	C

242	>67df6fa0-1266-42df-62ea-632c49f86132	1.0000	C

243	>e1b1a41b-a7b1-cee1-5792-0abd062bc497	1.0000	C

244	>7d42f399-4e35-109d-78c3-189bdf3ea1ed	1.0000	C

245	>4cb59812-50b7-fd47-4afb-707d8761b96d	1.0000	C

246	>be8d1694-685a-f7e8-591d-da9441812ead	1.0000	C

247	>76cbf5dc-e8d1-330a-41bd-5065710bad3e	1.0000	C

248	>695ff637-1e6e-eb20-a1db-ca6fc8945f2e	1.0000	C

249	>f9c5a9b2-3c44-3cb3-9535-d3f3d0ffd8c0	1.0000	C

250	>9b95c7fb-c4d3-e13b-dc55-f9d35e6a852b	1.0000	C

251	>27777e03-fac5-9efb-ab8f-421ae0b81bfa	1.0000	C

252	>56bc6c17-98ab-2301-1eef-4860bdc32c9f	1.0000	C

253	>d28fc567-d6f9-4720-bd68-003e942f9eb5	1.0000	C

254	>538e50a3-17c5-0a6c-7792-d2c64c2f50dc	1.0000	C

255	>ce694ec1-054d-e789-ab12-55375164ae2e	1.0000	C

256	>13dd4367-aa7f-c3e4-cb62-515b5820c3c0	1.0000	C

257	>af6a16ac-0d53-02ad-0ed4-3092de19b7fe	1.0000	C

258	>f01bfb55-8894-5d68-9660-40697561f6ca	1.0000	C

259	>42643172-8305-8d1d-2001-032fe55d3b00	1.0000	C

260	>99a926e0-6085-44ba-7d37-6e408d7c219d	1.0000	C

261	>6e5e2771-7fa6-1336-eb73-184b51481a95	1.0000	C

262	>8a99a60b-6413-367d-d5cd-9c043a6b9bfa	1.0000	C

263	>c14e512c-abf8-f40c-984d-7ee6dbbbfb87	1.0000	C

264	>5530416e-0af0-ce98-63ce-9d6fd5f9dce0	1.0000	C

265	>bbc26636-ded1-1fac-2284-805d27b4d3ef	1.0000	C

266	>3bbceffa-a1c4-817f-d00d-89dad932b625	1.0000	C

267	>9f5280b7-feb9-bd25-fbb6-c67f054a4dde	1.0000	C

268	>a6454d6b-f431-dbee-2d78-d71e914a6197	1.0000	C

269	>125db98a-4c30-d3c1-be61-71e8d16f25d9	1.0000	C

270	>e9e5f68b-6d66-d69a-9e52-67a989c7992a	1.0000	C

271	>67381064-3e6a-8c6f-8355-c7fdd027d5a4	1.0000	C

272	>2ec0250d-b873-83d6-057b-11375e25a3cc	1.0000	C

273	>fe52df12-6fa5-899d-fb22-9d2486a53332	1.0000	C

274	>b695084a-2145-8210-18f0-0463d4674840	1.0000	C

275	>8be15f7f-6060-f0c3-eac1-59dff87d2e5b	1.0000	C

276	>f02aa020-f9a1-26e7-8a23-c0f6ab92447a	1.0000	C

277	>dc20a096-86c8-e8af-5ef2-a22b80ae0ce2	1.0000	C

278	>ac4400c9-a978-4fce-8329-c8911c3f312d	1.0000	C

279	>239b587d-66b1-3486-7e5c-78e1ec8976ce	1.0000	C

280	>f41d2393-c47a-d53b-27d2-a90e76b92fef	1.0000	C

281	>dff898c6-5e29-d7aa-1301-65d5b6512f1d	1.0000	C

282	>901d0364-d6e4-1b94-9d0a-809affa657c1	1.0000	C

283	>bff36ba4-11c2-a753-dc5c-9094cdfb4ec8	1.0000	C

284	>f0920b67-fc41-9a30-2022-dc490dd8fa11	1.0000	C

285	>7199c4e1-8520-e044-9179-9e678eba3749	1.0000	C

286	>3d38c946-0100-0449-9cb4-39823889183b	1.0000	C

287	>ec48c85d-8bc3-7856-b2b0-7aaa57d9c276	1.0000	C

288	>f4c53f05-4172-8bfa-aac0-29e98c50cc4f	1.0000	C

289	>8987cc6d-e9b1-2e4c-2207-0c5bc66f15dd	1.0000	C

290	>0a165db5-c62d-9a5a-4379-a5e37a893280	1.0000	C

291	>4c49e061-6bd1-46e0-6413-b3d23a8bd33f	1.0000	C

292	>05838844-cc53-b1e7-0bec-0cb0358f7817	1.0000	C

293	>7257e42b-dd98-f35c-d816-c3f4652c7e99	1.0000	C

294	>2d82ab06-090d-d313-4452-3dd3ffd87423	1.0000	C

295	>a85069b0-944a-8d4e-9b90-d6b88cdd0223	1.0000	C

296	>e7f85945-96c0-0077-5dbb-6e913b3ffd81	1.0000	C

297	>0596f029-6c97-ebc7-af65-82d9d6f3fdbe	1.0000	C

298	>fc66aed5-e63f-3c77-8b73-06f3348fd0e8	1.0000	C

299	>ca10b872-562e-224e-0273-c37659b1cc52	1.0000	C

300	>348e7dde-70ee-8977-66bb-b5fcf28a8b39	1.0000	C

301	>9960491f-9596-b89a-100e-fa6a904008e0	1.0000	C

302	>77df1a00-0d2f-641c-4548-f23e30cef9f8	1.0000	C

303	>6d3c1efd-3e3a-bfe1-4544-438d54fce1f7	1.0000	C

304	>130d6e11-812c-1ab1-f0f0-73ae3441cbf4	1.0000	C

305	>0fd32076-1366-4285-a349-a7d28f7a5a2f	1.0000	C

306	>d660e9ab-46ea-5311-8ed0-09352cb7c0da	1.0000	C

307	>80329e39-bedf-1844-6229-8497cf63a897	1.0000	C

308	>b347150a-d9a7-f7a9-8662-d15731ce5dee	1.0000	C

309	>424f2fb9-8a89-4902-b4a1-3a0dff210800	1.0000	C

310	>e750673c-d034-4c74-11ee-eb413f65ffc0	1.0000	C

311	>59417707-e4e1-1b63-d867-be0b39140cd8	1.0000	C

312	>aed6c0a1-ed28-e626-35f0-545b8172e245	1.0000	C

313	>7af5e4d7-2228-2127-2869-dba4203e1026	1.0000	C

314	>f940d8fc-c042-2628-1074-f5184ba8d595	1.0000	C

315	>1d79b26b-926e-287a-71af-cf02d2d08697	1.0000	C

316	>657bd7a3-2494-de02-6569-6f9398800f7c	1.0000	C

317	>2447b21b-eb5d-6d18-faab-27c5ff7aa967	1.0000	C

318	>ba8ad97e-44e9-c79f-1a96-014e23cfc002	1.0000	C

319	>f87415a4-cc22-5118-a4a4-93d13a7dd145	1.0000	C

320	>c78891ce-10f4-d1cb-4577-aa1a66216313	1.0000	C

321	>4083b6d2-5d13-a982-38a7-125542405110	1.0000	C

322	>83c62f22-eaa6-2011-5c16-5989b8e6b255	1.0000	C

323	>b7b51f14-4838-15f0-beb8-2f5f41da5c2d	1.0000	C

324	>b6b6fadb-c04a-d8ff-3093-da73dbf4e0f2	1.0000	C

325	>c0e17d3c-6fa6-4467-1736-1dfb4456203a	1.0000	C

326	>9cf8aa49-a8af-0c75-0592-5c0abbd1ca69	1.0000	C

327	>6bf83f59-298e-1747-82ea-e79074630099	1.0000	C

328	>3c0e6076-fb12-df44-93b5-42a1fd6a7b4e	1.0000	C

