1	>120ff6b9-6096-a40e-5562-165a1c21b4a9	0.9381	M
1	>cc1b0443-3aa0-7493-3098-4891cd1a49e6	0.8950	E
1	>f71bc556-a021-6c08-ff42-b868292e23f2	0.9588	M
1	>4653b2e3-6339-1fd1-abd0-06aeda9552ca	0.9892	M
1	>3e08d28e-a92c-9ed8-df9a-c48563ffc37b	0.9731	M
1	>96205b85-be17-ae11-82ba-f567baf99c40	0.9767	M
1	>8b5a8ea3-06a7-c7b3-4cf8-9cb20a0af10e	0.9787	M
1	>8f5a97f5-197c-501b-9d4c-68b2d0fb5e6d	0.9829	M
1	>7f14fc8e-aef8-cd6d-f2af-e940753066cc	0.9590	M
1	>4a8f2dc9-ac1c-693d-c682-dbdd0736c194	0.9725	M
1	>e09e0fa7-eff6-7f1c-c131-c382a3c7784e	0.9430	M
1	>b492cd98-94ac-5a35-d679-f3e364ee4b66	0.9695	M
1	>2f853cb8-f57d-26e7-c1f7-6fec57cee73e	0.8883	E
1	>e90149fc-72cc-a569-3754-21012f4e4478	0.9531	M
1	>20bda255-9674-c64f-86d3-dc07880716a8	0.9832	M
1	>f7bd3297-278f-4173-9f97-f7a3ba48f4a0	0.9684	M
1	>6b9211de-f844-dc1f-a90b-2da89eb5ebdd	0.9740	M
1	>5624f0f6-b52c-01e1-1594-1e4b7dfd4a41	0.9630	M
1	>a7c26b5a-1697-0ca1-bf2a-fb279720c6fb	0.9807	M
1	>c96dab04-2864-125e-8423-b60d2cfb6d13	0.9708	M
1	>651d0aeb-de9d-65a6-ae4c-edd30e61cdf7	0.9773	M
1	>89a23ca3-e50e-09db-52c0-f79e0b09a23a	0.9361	M
1	>d45e9441-e214-fa24-bde6-e2d6e4612d8b	0.9825	M
1	>12e8c126-85e9-7f01-90d9-3fe19dc9472d	0.9664	M
1	>c0c3cf9b-90d4-6144-a8c1-48b732864593	0.9854	M
1	>93e0339d-3bba-3a30-1056-a79c757ce173	0.9877	M
1	>34a6b902-46a9-3d76-a3a6-4197046c78fb	0.9499	M
1	>27677969-eece-833f-f3d2-d247478111c7	0.9785	M
1	>3a66744c-d2a6-2b7c-0a3c-60301f6c8617	0.9840	M
1	>3b29b986-bfcc-cd39-1daf-c16aa73044c6	0.9502	M
1	>8eabeddb-7a27-affe-42d7-b3b0d5e7d04a	0.9395	M
1	>9c26858b-0227-e7b7-1e08-008a86d3e933	0.9704	M
1	>1daa0016-6bc5-121f-aea1-6bfb45987544	0.9313	M
1	>fd69bbdb-89f2-d126-c6ce-941417281210	0.9778	M
1	>cf43eaf9-dc80-e7e3-2ef5-bff5da39b65c	0.9409	M
1	>65a5c568-154d-248f-adca-b6151db44a8f	0.9002	M
1	>34f53a0d-877c-e022-8361-57da07b7fc14	0.9499	M
1	>2f074290-f90f-f9d8-f6e6-3b7169b72d1a	0.9409	M
1	>f70c1f4c-55cf-e67c-5117-c35ae9041970	0.9660	M
1	>1c63a0dd-a714-d277-868d-1abf21440ef2	0.9332	M
1	>29fe7745-95a1-9754-dda8-e5eedc0d19b5	0.9190	M
1	>69117fb2-7012-fa60-8cb5-27ff1d92e6b2	0.9552	M
1	>e48d784b-cba3-10aa-06b7-5d7160c2243c	0.9762	M
1	>f72fba30-afe4-c45e-8d3e-c301a289a5b3	0.9974	C
1	>56349f62-cbe7-8635-6271-216f9d73b225	0.9772	M
1	>9c1df09f-67c7-6ef1-54b3-7ee8b981daf7	0.9062	M
1	>51cc43ac-30dc-bef6-9ce2-2994e6aff3c1	0.9765	M
1	>2b6c826e-d0c8-e1a8-7dad-ed5b9c64417d	0.9721	M
1	>826b902b-2d30-f438-29d9-1e7844ab614d	0.9238	M
1	>a1719caf-24e9-3008-9940-04e10006d844	0.9865	M
1	>6274b749-cbe4-6558-1e83-77fc24b54507	0.9635	M
1	>99b66ad8-3c33-f2b5-8258-593a489f8a97	0.9797	M
1	>0a878639-fc5d-6278-3eff-3a44504b20d0	0.9800	M
1	>4c3664c1-5a4f-9572-38bc-ff71af8d855f	0.9625	M
1	>4116340a-3275-5d28-21c5-c32cf07a826b	0.9867	M
1	>81f23d9c-1abd-5b74-7404-4b42eb3d0ff0	0.9729	M
1	>e68f05af-d95f-55a8-2c07-bc677f174336	0.9434	M
1	>2372c0c3-cdf5-8bf3-27dc-1200f06b033b	0.9815	M
1	>c64d2a6f-8ad6-f313-fb77-0c5efaccd003	0.9879	M
1	>d662526d-7d56-f684-a8a3-5a11a5f33b3a	0.9423	M
1	>b8f51f08-daa7-3acc-c846-6b46c57418d6	0.9696	M
1	>0f3996d6-42e3-4825-faee-3db616d212d6	0.9780	M
1	>22b51da8-89e9-b66f-ca39-57b9cced99bf	0.9729	M
1	>89653d76-6f0c-0b5f-8ec5-f897ecd64b09	0.9815	M
1	>f93e6f32-7e3d-40fe-4b79-2a4eccdc500e	0.9880	M
1	>eecbf847-49ab-501c-8843-77cbdd29fde5	0.9761	M
1	>e8a49296-4474-4b05-e565-c1268dc96340	0.9152	M
1	>72fdf291-edea-7586-494f-181b9e3167c4	0.8889	E
1	>7eb9aafd-74ec-9e4f-c6db-fbb2d5436b61	0.9827	M
1	>494fbebe-9860-3d4c-d4d8-43c7f07d0fb5	0.9606	M
1	>ea34a06a-41fc-fdb2-6cda-3a849aecc1ae	0.9685	M
1	>a773d466-f2c2-34b0-bf41-b131a8118fa4	0.9681	M
1	>919bb893-c391-6321-86af-d122fba7bea8	0.9643	M
1	>0988b008-053a-30b5-7be4-efe33acd2529	0.9674	M
1	>109c21bd-8637-d99d-8744-26611375e046	0.9444	M
1	>46fa8d85-f5cd-03de-3581-5235b2a0264d	0.9325	M
1	>41b5cb6b-1a7b-1a36-ca79-fb35b7f17a21	0.9627	M
1	>6c299d59-4185-56fd-e104-ea63ca924b85	0.9480	M
1	>97a32574-8783-f911-0915-982f2e67f909	0.9769	M
1	>6723c0b1-d6d0-b415-277f-d592c29dc5af	0.9740	M
1	>4842a12d-6272-4918-aedb-4b2e07d877c6	0.9630	M
1	>17fde1f2-01c1-7345-22ee-195b6f2e9745	0.9537	M
1	>258c1892-32ad-1b21-bf02-e4245d6d8315	0.9615	M
1	>abee7b03-1a8b-6765-18fd-ef2364ff0b3e	0.9648	M
1	>c7e766e3-ebf0-77eb-3732-884d77d26066	0.9804	M
1	>ef1f3d60-15a3-1b28-60a5-3bcb92186310	0.9519	M
1	>cf7fcb82-aa86-2f1d-dd41-886e6c02124d	0.9701	M
1	>be8cc4d1-b3d7-bfa5-a737-5580fb2dcb0f	0.9720	M
1	>fbe9ee66-fe0b-722d-c27e-202f8e936fe8	0.9702	M
1	>99884bd8-c41a-18eb-520d-49710efb5d6e	0.9543	M
1	>8a7f0d07-b012-e6fb-4f9f-a1c66dfbe295	0.9602	M
1	>3eb47b44-f73c-a23e-a557-18e96e156897	0.9812	M
1	>d3edd385-88ff-abf9-e2a4-fc23f87fe378	0.9554	M
1	>7165ceea-1472-6eb7-04bf-b7ee21c842cf	0.9381	M
1	>e59d8b81-2003-e2c3-f219-9b902b489703	0.9742	M
1	>b5729970-fe66-de15-2f79-e06c6238c29f	0.9691	M
1	>49395727-9619-4986-893c-a088d0c9852d	0.9270	M
1	>7ac6e210-8f85-d535-4309-4f9707049b48	0.9521	M
1	>ad9dfe27-867a-8468-f87e-e46d333991f1	0.9740	M
1	>211d951e-6995-c313-21a5-1a645bdf16df	0.9212	M
1	>d95a3ff7-ec69-bdb0-000c-72631bcc7432	0.9593	M
1	>21f11a2f-0625-2ecd-1270-cc3312ee0d9e	0.9575	M
1	>a41edf3a-128b-db5c-9e21-071fa52a14a6	0.9224	M
1	>8d0f9343-3f74-8e97-bcc1-a26b91436072	0.9757	M
1	>9b8782d4-9276-02f3-352c-570cfecf7697	0.9793	M
1	>9f524753-2111-e2ca-d8b3-99344f0e8017	0.9593	M
1	>3d5c4a50-caa3-f764-af4a-f1ea0e835ef5	0.9653	M
1	>b32f2780-bd78-8fe7-66e9-59b54bf4f857	0.9757	M
1	>9ec0cb7f-922b-2321-fee0-d2c13a523fe6	0.9342	M
1	>14d91cd4-ad8c-0f9d-b8e3-ece0dfdeb2a3	0.9606	M
1	>8a3e634b-5684-8931-eddf-f099df3cc8e2	0.9753	M
1	>e65f06ea-b2d6-7de2-1ef6-bee9e1412f0c	0.9147	M
1	>ec36ad8b-13ee-3346-a5dc-ce0961e1768e	0.9762	M
1	>7cc1b181-9dae-fed9-86a6-c83fb931f271	0.9806	M
1	>57a7902b-f321-2192-3a91-b6e256058758	0.9643	M
1	>9c0e56b7-81af-8db2-9e44-702bc042b9c0	0.9886	M
1	>a412b656-838e-4d66-afe5-f0b6e3da1fac	0.9675	M
1	>614e0574-b3e0-319c-fd30-f36a3505912e	0.9804	M
1	>83769f04-4f98-66c7-624a-79574ccd00cc	0.9622	M
1	>44c9638b-5f93-641a-13cd-312f0940269b	0.9270	M
1	>71581b14-0a56-72dd-3816-1fa4ccdaccb6	0.9863	M
1	>d0133857-5282-e1ff-279a-3200d78ff6c6	0.9112	M
1	>b844728f-15a1-022d-dae2-77f7ad8d8470	0.9455	M
1	>ec448340-ba0e-5902-e00a-6c3705274edf	0.9228	M
1	>c14b3d17-a0d3-eacc-7ffb-698dd1ab5f5d	0.9361	M
1	>f2f6ac04-827d-0275-d601-01699aeffe92	0.9198	M
1	>c2d20ccb-813f-6cd0-1f60-e7e06e12c8bf	0.9113	M
1	>208b21bb-0a73-8fd9-bae9-a3ffb2d05ec0	0.9873	M
1	>e7595f92-7a85-ed91-c9f6-8001b05353f5	0.9680	M
1	>0389f7a8-c72d-b5e8-1bcc-01f661bbb29e	0.9851	M
1	>0ea9f253-f345-3256-ca0d-9b3efe28668c	0.9840	M
1	>1685587a-d37e-5e1c-0ed7-dc65fb159290	0.9547	M
1	>58de2ef0-e662-5b40-8af7-0d596463abdb	0.8963	E
1	>5439d777-a1a5-a76e-43bf-921abd32f145	0.9658	M
1	>dba0f640-b25a-8c93-0188-910bf2ddc9cb	0.9831	M
1	>d1e238b7-284e-0864-0dc6-c45e4ae2d7cd	0.9430	M
1	>b63abcb6-9486-9f1b-30f4-2e9557502202	0.9758	M
1	>e4d552fd-adef-edd2-3a06-7bea8c15035b	0.9856	M
1	>086a15cf-fcd4-1b2a-d9a4-2d5f2632e302	0.9503	M
1	>b3e86854-49e5-837b-4b0d-9fa40484e0d7	0.9782	M
1	>a980ea81-6ae7-e1d0-a02c-70fc4762f428	0.9774	M
1	>33a9aae0-9d2f-dc99-e73d-d969bc640ddf	0.9680	M
1	>ec055b51-c15a-ac76-1802-4e26680ecaa9	0.9820	M
1	>f49abe60-fa7f-0959-b1e8-848fb3dda8d9	0.9790	M
1	>9ceed206-3780-67af-511c-0efae00eeda5	0.9379	M
1	>dcdc5c99-6006-79d8-d37a-be4c580747d8	0.9811	M
1	>43a593c4-4590-5ccb-1410-6324a244ff7b	0.9667	M
1	>68995af0-a416-aef2-54dd-38f1c37d058e	0.9495	M
1	>9d5cc85c-aa0d-01ba-157a-6073c71cee55	0.9708	M
1	>8ee6f206-acf7-4f8a-edc1-e7ad12300798	0.9523	M
1	>0a6f02aa-cc0e-21a3-d8dc-f37b163a4192	0.9669	M
1	>9f8be953-4eab-a48c-f199-fbaaa5e55356	0.9267	M
1	>7e24ecb8-ff6d-b852-0268-956055358723	0.9551	M
1	>65a9c751-b42c-63b2-9bb3-aaf8dfdd9ae4	0.9686	M
1	>37a1fd35-3ed6-0245-fe9a-573ad26e7740	0.9644	M
1	>b889f891-cda3-3487-da87-1916b5a346de	0.9554	M
1	>a664ee0d-c733-f2c0-5111-f8e8d41358ce	0.9751	M
1	>6ae7055a-4237-1458-5906-35cb3c4e9f14	0.9681	M
1	>0076c157-1e2c-94bf-2e15-2c0e9a590981	0.9846	M
1	>6ef60fdd-97c4-f096-d67f-c36ccf0e90a8	0.9142	M
1	>668f8e9c-34e7-4e18-67a3-81f0a001748c	0.9570	M
1	>e09cd7bf-561c-6633-60e8-3723a4ea1c78	0.9586	M
1	>c2fe922d-9623-b722-c063-b4d991b6219a	0.8894	E
1	>2f96e42f-a60b-a4d8-e20c-6b83fdaa38d6	0.9720	M
1	>3dcc0cf4-58e6-a0be-0431-d4c1bf81d1a1	0.9451	M
1	>847e44e5-2f33-40d4-a980-b9ba6502f7a2	0.9635	M
1	>66fb3f8b-4c98-d843-cbc3-7f0b9ea90a7b	0.9386	M
1	>8de2001c-242b-5a0e-e880-ac2a34085bf7	0.9543	M
1	>4fbf6dbd-87b8-d7c6-3a96-5ef323198727	0.9882	M
1	>6a520c57-d652-f577-8bfe-0cc5f07e3ba2	0.9429	M
1	>f678d2d3-532e-630d-5a0a-9f48f09bc462	0.9804	M
1	>55048dde-5884-4535-ff56-1c61153b780f	0.9575	M
1	>d37e3d87-0417-32ed-a1ec-80779a5e7f47	0.9880	M
1	>0b57a7a8-2b79-bbf7-c13d-037411b2d99c	0.9735	M
1	>616de6bd-3d4c-4ec8-d457-9b87406e488e	0.9761	M
1	>b0e840d8-c885-ad4e-5382-34befa94188b	0.9688	M
1	>8a604a99-3932-ce72-2f30-23f17d3fbb03	0.9473	M
1	>7896bd1c-1f7c-f49f-8f37-f1b30f7fe9d7	0.9846	M
1	>39687958-873f-c54b-9686-a6bd5a6d9352	0.9681	M
1	>5c764fe8-6a52-7f54-c191-5f886fefbb5e	0.9283	M
1	>d964d259-dab5-82da-6bf6-b042cb51e333	0.9731	M
1	>3904a2f9-fbaa-a3f1-25db-2156c873ab51	0.9427	M
1	>2e9121a4-b721-3a1e-7857-69b0f99ead54	0.9655	M
1	>f928021d-8fb8-caff-55df-3857c01ad2e9	0.9252	M
1	>5fc1d621-7ee7-8bf5-50dc-a1519cacf45e	0.9701	M
1	>0caeb3da-4f5e-3d67-2523-b437ff98812f	0.9551	M
1	>10aa8a4d-de4c-15d5-ae31-6d42904712f1	0.9628	M
1	>ba8ead82-8c7b-9d7a-1778-aa3c261c838a	0.9784	M
1	>54c54d62-7821-5a71-c011-573acca8bde2	0.9664	M
1	>be1c0afc-34d9-4fc9-5c9c-6d3defc70da2	0.9686	M
1	>42e2aa2f-8e26-2ca0-808c-5c6a8de1096e	0.8920	E
1	>e5df2823-9259-b458-50ba-ff2b73456895	0.9663	M
1	>c5c8fd04-18a0-0512-34b3-7f35616d6851	0.9863	M
1	>b127e9f6-5865-e979-717e-fe8b9b04dac8	0.9487	M
1	>0a525baf-87aa-fb03-db08-960ae37d5b0b	0.9623	M
1	>71ff44b9-4b44-bffe-d339-876e8a2dc95b	0.9662	M
1	>0e4f30bf-c316-97de-bc14-1e87d5c8eae2	0.9587	M
1	>e14941e0-b2c3-8f0e-9319-227b8401b842	0.9609	M
1	>6ea1ff91-56bc-aea5-3ddf-60654fd98029	0.9704	M
1	>49d6810a-7693-1632-3a21-fb6fa97e8401	0.9630	M
1	>66da1960-fe2a-02b5-a772-b7c4b9fe887b	0.9321	M
1	>d514253d-6a44-46ef-4882-ff240d5af25e	0.9494	M
1	>21c3009f-b286-3d5a-caa7-9b25ed3e8138	0.9911	M
1	>2ba2faea-d896-0746-c7d6-65887ab97262	0.9721	M
1	>c7878d94-65db-8dc6-7de1-731fbfd25cd2	0.9299	M
1	>df638420-4f0a-194a-2df9-ba04f67b56a7	0.9690	M
1	>3dcf52fe-0015-8295-e7f9-785edc80368c	0.9816	M
1	>06c5c5f9-f729-eb5f-5180-f2ccc46343d4	0.9102	M
1	>3f5b3d5b-7a61-c2b7-6ebc-a6784702dad8	0.9749	M
1	>d5d3ce8b-c90a-be36-aff5-f9c486058ce7	0.9642	M
1	>048d1ca8-f498-6479-9791-0df37e02cfa6	0.9756	M
1	>e380542b-c01a-0eb3-d345-b43041dd9f61	0.9687	M
1	>96867a6d-ca12-a64f-d1b0-0065d9422318	0.9631	M
1	>999b4d53-348e-05dc-df52-cb39b8f0fcc4	0.9674	M
1	>7d10e6c6-ee60-3a26-9b47-f2a200c5d4f3	0.9553	M
1	>22ae8496-b771-bd5e-3428-c7a9f37092e9	0.9673	M
1	>9adaad88-f60e-2e31-6f79-6177e7ba9258	0.9608	M
1	>4c213174-00f0-2381-d8db-df3a3f2e2b20	0.9545	M
1	>48cdc7fd-7866-5924-d01c-c3b5d3523c51	0.9720	M
1	>382cdf6e-03b4-6f82-e6e0-abb0a70d1d27	0.9809	M
1	>83ae2c5e-ca8b-2edc-1413-cfdd6e69340e	0.9654	M
1	>81a1adad-86eb-9fea-68e3-5529761d7726	0.9692	M
1	>b2f61eea-c304-f638-11a4-2879a13ce6f9	0.9729	M
1	>544a146f-8504-2b27-5ce6-50db9ef55a03	0.9794	M
1	>a76ad681-c217-1703-d85b-4c4cbd14ec30	0.9780	M
1	>5879eb10-8074-e69f-3007-6718f5ab87b2	0.9774	M
1	>80203ca6-d39a-04a7-96a4-afa8345ced7c	0.9857	M
1	>70253985-1ce2-fb5d-7d89-b1d4913cd74d	0.9840	M
1	>3f46ff14-834b-ada9-77d7-0136141cc054	0.9601	M
1	>6eb58e09-e44d-582d-4b14-721439f4afbd	0.9650	M
1	>5067eff7-b000-b6ed-9eec-304762845c2b	0.9409	M
1	>04705cf0-73d2-4fce-e38a-ac2e97f8c139	0.9673	M
1	>9c7fe435-5b1f-282e-7941-47cf153755a8	0.9861	M
1	>794b6022-8bd4-3fa9-0e16-9dae32127fd1	0.9841	M
1	>b5b6a7a3-4275-9d4b-eeed-4704f6ee4109	0.9837	M
1	>3f02d662-7e85-78d8-f0f6-a27899cf2d6f	0.9134	M
1	>9ebff2c0-607e-3696-cea5-b5d8866fd2dd	0.9615	M
1	>99c08c6e-6c0b-f2fa-1b2a-c71322e37b25	0.9214	M
1	>12c25cb9-35f5-1071-7d33-ad29e59215ae	0.9783	M
1	>06af3fc3-baa0-4bfa-baab-5ece290f6422	0.9765	M
1	>8242ee4f-081c-9d5f-0bb1-4b80c38728d8	0.9697	M
1	>e7233ec3-4d60-ef16-905c-a31343993702	0.9715	M
1	>5c639d6c-85ff-8ac7-9a12-0c8b4f2b8845	0.9605	M
1	>41f84fdf-007c-5f17-3bb1-493d9157ad37	0.9841	M
1	>72b16ed4-f6d3-f478-1154-e59b201839e6	0.9512	M
1	>b568788a-469d-4dc2-5564-20c2ccb69822	0.9670	M
1	>72e0ca9d-3a93-633d-0684-dddf929e5ae2	0.9738	M
1	>3427cb6b-a5b5-2d5a-8b63-d4e27ea620a9	0.9760	M
1	>1e9b3419-f573-40b2-8f19-95dc8eddde24	0.9594	M
1	>b2e6843f-141f-2dec-dec5-2076c1fe8d82	0.9740	M
1	>4f562391-b6fb-7db2-7884-2aea9f8b2c06	0.9719	M
1	>7de9da93-0675-b6e0-948a-29ade55a254a	0.9702	M
1	>f7719280-8fba-49b7-8541-b8dc3c39c96b	0.9250	M
1	>05647ca5-4941-8cd7-f6ab-2406de8eb612	0.9685	M
1	>d30716e6-8dd5-8dd9-8c6e-6d2c9c16898d	0.9864	M
1	>7cdf285d-2dbc-6a7d-8852-0b5f63fecf70	0.9179	M
1	>636bde23-28d8-6537-e84b-94e624fea034	0.9433	M
1	>c1beaf1d-a8c4-f19c-cc8f-6369546aac5a	0.9810	M
1	>3c14c1c1-ef94-8371-a8ca-8045c7a1905f	0.9851	M
1	>ce272b79-a317-2f27-efbe-d87252695fb4	0.9823	M
1	>0efa1738-ffc3-2ebc-bceb-477329dfa825	0.9703	M
1	>36628def-488a-8f70-8b8e-72f05ecfe461	0.9782	M
1	>bcd27770-87dc-2f31-1490-781296b57d62	0.9693	M
1	>45cc4732-59b8-fea5-98f6-ee5119f28d34	0.9851	M
1	>91eef77b-6830-0c78-8438-4d004fbbff4f	0.9800	M
1	>029b154a-d09c-88f9-0a40-081115811178	0.9608	M
1	>d450e34b-290d-280c-ed5c-1cc762dac14b	0.9352	M
1	>03a15234-b9e5-0001-5dd0-fe6574ba01e9	0.9874	M
1	>8fca3220-7a30-4164-c5eb-241dbcdf67e4	0.9728	M
1	>37b7eac8-afcf-a908-070b-b48a7d4c2143	0.9820	M
1	>931e32fb-8587-dbac-2c66-fbb0baddad55	0.8870	E
1	>76313fa5-4c50-a928-d6b2-3d70d330dfca	0.9799	M
1	>e90fc6ea-b851-8f9b-0312-5879fb445f3a	0.9861	M
1	>edb632e1-a032-fcf2-c992-cd2f7aa1d888	0.9628	M
1	>9c6d2718-459c-fc84-de56-664176c4f144	0.9848	M
1	>5cf1f0ca-5137-85aa-6749-15f4c4fbe331	0.9296	M
1	>a4be8c7d-1cd9-91a2-28b9-b962c41bbeec	0.9597	M
1	>ddf65b7f-4fc9-4c79-25d5-faf3c0a27f19	0.9669	M
1	>28669f33-7b2f-a8b0-440e-4dc101387dea	0.9882	M
1	>21b28c87-1a7b-dd67-6b74-4fce5f3b602d	0.9374	M
1	>ffbde76b-8a13-2d5d-d1dd-a5ddadeec099	0.9802	M
1	>f1701482-69ac-cef8-5a9d-8e4aec4dd412	0.9652	M
1	>79756b7d-fcad-b061-46a4-a0eae4522dd6	0.9678	M
1	>3b3f56ef-2518-a3a0-8280-ab9a810293c4	0.9776	M
1	>7680c244-e9ab-bbee-f516-a4eac0b79e0f	0.9305	M
1	>916b548e-dacf-58a9-d49b-420b6899289e	0.9752	M
1	>8946889c-0e62-ee87-8eac-7ca717b7b0ea	0.9580	M
1	>ddf6f239-2f84-710f-9010-2c945cf70f5f	0.9685	M
1	>6500a253-bab8-feaa-0b3e-8af0ce4aede0	0.9316	M
1	>44d33fd8-dad4-c1da-8d87-314154d732eb	0.9417	M
1	>e96bc593-cfae-9ca8-eda0-d0ffc29874ee	0.9559	M
1	>82e67ceb-fcac-b904-6df3-3b21ede9fce0	0.9639	M
1	>050b130f-8741-2727-bbad-823fa7849e51	0.9237	M
1	>791bdd1a-ae45-6d00-cb24-e4a2fd9e8eef	0.9855	M
1	>9f495115-d32c-b833-b838-a369f72db9d5	0.9848	M
1	>f5cb36be-8d80-b08e-1ca1-321ce9e3d5cd	0.9575	M
1	>2936287e-225b-2eb1-a1c2-babbea9d276d	0.9537	M
1	>29548113-caf3-19c2-7340-d4485751f599	0.9600	M
1	>4703fda5-c672-7243-cca1-6101f7fc64b5	0.9836	M
1	>26d49720-d192-88bc-19e0-b3c3f1249b51	0.9375	M
1	>da77d0d1-0389-40c4-f062-6ae1f215f875	0.9578	M
1	>32e19c37-81ec-809f-fe83-ba1dbb95050e	0.9609	M
1	>623e6684-6937-ab7d-1149-0d4464e4467d	0.9767	M
1	>53f5bb97-90a5-1184-68ad-83a0d595dd6d	0.9712	M
1	>328c2ba0-06db-135e-1a33-4f97e3a33038	0.9735	M
1	>57795e97-c026-ab60-161a-ae5d92ca9152	0.9694	M
1	>694865d7-8398-63b8-c9d8-0dcaa5dd9ba2	0.9262	M
1	>b8d93de7-57cf-802c-477a-2d39f12ec967	0.9684	M
1	>0695d36d-1860-3756-7a26-455b342dbbc4	0.9827	M
1	>16eabbec-cf2c-5f90-b613-24af33088100	0.9614	M
1	>b34360c4-235a-4b8f-82f8-a8e1121fa112	0.9855	M
1	>a4a501ed-8c97-4566-7665-52ad5716698f	0.9857	M
1	>44b6b44f-0ddc-d9aa-de39-201894e2fb6c	0.9680	M
1	>26f978fd-2a7e-e2ac-f102-0c5c5811b1f5	0.9085	M
1	>461ab0c4-f302-678d-b16d-ced966ddc154	0.9885	M
1	>116ede55-2551-070a-6d31-965661b4bc39	0.9623	M
1	>84f5f26c-f8fd-a46e-74f6-c46e299be41d	0.9772	M
1	>f2e511d0-92b1-d658-41b7-8d0aea5723aa	0.9916	M
1	>cb845336-36ba-c961-8bd7-b1b480a26ae5	0.9773	M
1	>ee4752e2-7c4e-e24d-cf6a-1f5445898571	0.9636	M
1	>c5f93d3b-3250-01f9-f709-028f221af509	0.9483	M
1	>768361ee-7f77-3711-cb9b-b8da044cb3dc	0.9724	M
1	>b5f4492f-71e8-5e93-38f4-b70ab9279c46	0.9692	M
1	>eabcb608-9e46-2a74-3a99-629850d42730	0.9050	M
1	>6a157aa0-034f-770e-e4f5-629b320d9d29	0.9648	M
1	>d6f0af3e-a457-387d-7096-f9b7c4cabbc7	0.9146	M
1	>585d2a12-6fa1-31e9-9226-8b9843a50719	0.9703	M
1	>f8c49f5c-618b-f2bb-bed1-443835bbdc16	0.9829	M
1	>84b263a9-dd12-f501-d134-ea43f95fe336	0.9801	M
1	>08c6edd6-09c6-f224-f7c0-d86960f4e331	0.9725	M
1	>33fa3a65-6b22-12a5-f7da-f5267e7bfe90	0.9645	M
1	>c0781779-f198-30a3-190c-2c25eaf7bbfa	0.9798	M
1	>7ec79983-d609-e4bd-bc95-794b7e024433	0.9563	M
1	>765423f3-b33f-e5bd-fda7-1c42c5495172	0.9306	M
1	>08684159-5f9e-1cdc-a833-b7d53203d3b2	0.9572	M
1	>10e0496a-c16b-f255-82f0-394e310d044c	0.9684	M
1	>181a82fa-78b5-09c0-2624-a2cd30d7031e	0.9712	M
1	>def0d1f2-90f3-27e2-4bd2-9096ad102e15	0.9770	M
1	>2d482c0c-e6d3-c103-5fcf-c060dcbb18e9	0.9614	M
1	>c742ea9f-7dc2-b721-96ef-1d4f5e5a2e35	0.9858	M
1	>041c472d-e131-0eea-12bb-b501d4808daf	0.9269	M
1	>d8a82b99-7d09-50ff-beb0-ec5727e028a8	0.9796	M
1	>2dc638f2-12d5-2949-26fe-b84e44cec8cd	0.9784	M
1	>0ae9ab16-9d27-2718-5240-d3b5c7d94369	0.9755	M
1	>3bee14e7-9d2f-99e5-b148-c3332f55da0d	0.9646	M
1	>f9abd2b1-3526-916d-6d72-f2a5dac1b1e4	0.9540	M
1	>6c52d136-30ea-3a5b-1b2e-cc4f951824c2	0.9676	M
1	>52c49b83-fc47-f9c2-132d-21f308c10bf1	0.9710	M
1	>1a2f8861-4139-7a5e-f4f2-18be51be6d79	0.9784	M
1	>c3d92a82-4d6c-b8a7-4f8a-d6798df34616	0.9904	M
1	>06d89c78-368e-7a99-ccf5-4eb96d25619c	0.9376	M
1	>41dde9ab-cfe8-ea7b-9295-6616824b9e72	0.9881	M
1	>b7929625-edb4-814a-ddb8-fee7810a2b88	0.9502	M
1	>7e8d83dd-9d11-61b6-a9d5-dabff25413b4	0.9834	M
1	>b971b18e-6183-6f25-ba84-14d91cd69e1e	0.9312	M
1	>231b775a-14b9-bbd5-62af-81c030f6e18e	0.9225	M
1	>48a19581-b192-b7f6-7b05-4c1cd7dd7b90	0.9744	M
1	>430a178f-b807-1df8-b115-4c3ab7db007b	0.9033	M
1	>bb108d0a-9703-2899-e90f-e177fa2079d2	0.9644	M
1	>1e0aeee7-3954-60f0-7e89-356908e7a11b	0.9561	M
1	>a366e799-c09e-9b35-17a1-56e77b797435	0.9716	M
1	>dc315cc2-f836-4080-ae93-7c4ea4af5d2d	0.9804	M
1	>713ba681-fb91-b2e0-24a7-ecda4e0b586d	0.9556	M
1	>b3a88385-9a5c-2509-0f16-663948cf7bb9	0.9567	M
1	>e384ce72-6f0c-9d0b-f706-52257b6bce54	0.9267	M
1	>4951bd3d-9d46-d183-dee8-79b2251990d8	0.9831	M
1	>4c7456ba-277e-d572-a308-b2b3c96a446f	0.9160	M
1	>fc2f505f-a6ff-90d1-0442-189e7cd595ab	0.9401	M
1	>5e78b57c-eedf-f947-20f4-97ff5e25b548	0.9745	M
1	>a9efa0a3-9588-cb4b-28cd-6660d12324ee	0.9316	M
1	>b8d9b9b1-5e3d-a670-60d5-f67b180de7aa	0.9711	M
1	>eb4367f9-ecf6-f827-fb1c-1ecc1ddbc886	0.9746	M
1	>31cbb291-457a-da8c-3755-98a765f4f341	0.9902	M
1	>0afaf0d9-75d6-6a8b-05ea-2cf025fe3c1f	0.9142	M
1	>91d601e2-329c-8534-2d3d-3b4502c5625b	0.9842	M
1	>f4090ea9-9701-896e-ae91-df242dd72914	0.9894	M
1	>16bc3ea9-d9b5-ca52-ee43-88d51ac608ee	0.9473	M
1	>46ae9849-07f0-ae37-5aec-b35cc2379ab3	0.9311	M
1	>2aa37f87-cc67-362e-6363-4693df66c40c	0.9572	M
1	>ebb8d144-c6b9-58ef-1590-c5a467836826	0.9738	M
1	>dac6f9fa-9c84-bf04-8dfe-ec984d3ae966	0.9105	M
1	>b96a50e7-e753-956d-17ed-2aabd6549cf1	0.9354	M
1	>49ac6222-6f4c-34db-0862-286e98a10435	0.9844	M
1	>5a8df052-ce30-137b-26c8-bfec83aba358	0.9590	M
1	>78b5581f-6517-2989-bafe-f019fabe1dca	0.9650	M
1	>c2fab35d-3674-ec10-441b-cca9277d9341	0.9845	M
1	>57185a58-fac2-4677-7102-7ee690fa5f4c	0.9589	M
1	>282c083f-b552-4eff-7bd5-22a1381a139b	0.9577	M
1	>687b72fa-bc8b-d2f8-7814-4bd8f93ccba7	0.9662	M
1	>d0084c2f-0d27-c25e-5ca9-3381fdf8d84a	0.9557	M
1	>fa2a8d4d-8f30-62e3-27f8-ab2c0971a245	0.9715	M
1	>ecbbe758-c8ba-de1d-88f0-e6f2886aa009	0.9741	M
1	>c4dd338b-09cb-55fa-d9a8-a827700f6f86	0.9853	M
1	>9a9d362e-6193-5a5d-cbb2-5a8b5b6b7635	0.9687	M
1	>02aee443-57bc-226a-8f65-5e8b96a88859	0.9689	M
1	>6dbcdc38-0a90-7d38-851b-26e64bb39fca	0.9875	M
1	>40973f7b-aa2f-ff24-d28e-c7bbf8bc3229	0.9760	M
1	>1be77d33-b90a-ae42-e4c0-4d822fe4dd83	0.9789	M
1	>e30ca307-85fd-dfe8-f9bc-990d30eef26a	0.9198	M
1	>4a2bc1a1-722d-5dbc-9077-f8a8569a28f0	0.9475	M
1	>40af7c52-aeb3-51d8-dd5d-1dde6702fee5	0.9849	M
1	>cd7d9b72-b05d-b672-22cd-ffddffb30843	0.9830	M
1	>bacca41d-fd23-4b2e-92f6-1957f7e5944d	0.9529	M
1	>29b5a18d-a86d-6a7f-e44c-23e04be6e5e2	0.8980	E
1	>17229d33-8ebb-b3c2-e3f7-c17207590f44	0.9646	M
1	>3d270a03-0935-3b00-7c6d-aa367436c26f	0.9696	M
1	>7b0106bf-9aaa-9bbc-bff1-26b6357b6c64	0.8940	E
1	>dc1ae44f-a774-6dd9-de8c-2582aef59e96	0.9699	M
1	>f61a9b47-e8d6-6b11-0ccf-3845e05a5ca8	0.9758	M
1	>e42fcda7-7c1b-07b3-eaec-de8bd949d543	0.9749	M
1	>9fcdb4c1-6a9f-acd2-78e7-ed84f18dbe09	0.9323	M
1	>3e46eca3-5036-6399-6fbe-3d8e9230aeeb	0.9795	M
1	>260c7a03-94a4-b7ff-5f1d-24072ed507ab	0.9662	M
1	>60dd458f-7ffd-d95e-eef6-61bb130aac23	0.9609	M
1	>694f6609-697d-44f7-eac6-69a76a8501ec	0.9737	M
1	>1a140ca6-84b1-5026-3f13-294411bd8e58	0.9562	M
1	>e80229a8-254a-e7c8-ba50-9c4f49bb6d39	0.9765	M
1	>20126cb8-4aec-2795-f4a9-cb8cf577467c	0.9769	M
1	>4ddea005-b6ac-51b4-05ca-ce284b677c1e	0.9836	M
1	>4582cb4c-dfcb-7bb4-4fac-46af138781d7	0.9866	M
1	>6ec27735-da79-7b51-db30-d534fb5441c0	0.9607	M
1	>88ab5dc8-cfd2-a9d2-57ec-0fad188f501e	0.9825	M
1	>95f30773-6dab-dc76-5494-ae1398af3efe	0.9637	M
1	>2feac5ce-4e1e-b933-0407-210787c446dd	0.9811	M
1	>31c1f486-ddbd-1286-eabe-d689e3beb9db	0.9531	M
1	>47091da5-6dfc-1421-fc5a-baa2cf3e11cf	0.9358	M
1	>91da5bd0-9992-11d8-18b9-0988543f4af9	0.9219	M
1	>7835fe31-e512-d13c-2c03-ac43e5272fb3	0.9807	M
1	>a6d1f536-3d82-e9d6-da49-f7cde9e7bbbe	0.9770	M
1	>2145eb1f-c879-20a3-f3c6-dfa9cd29e223	0.9759	M
1	>ac503962-0f9b-d668-306a-d1ae00e91f51	0.9720	M
1	>d4427301-1efc-265b-d88c-adb68053a14b	0.9776	M
1	>b2e1539d-9620-cd6a-9143-ed3658884bcc	0.9654	M
1	>d52a9c70-481a-27c5-b566-00350a6c4104	0.9331	M
1	>35396f35-e498-e73e-7ff0-95aeef0244eb	0.9631	M
1	>3eade0e4-2b56-2ded-3411-028904344da3	0.9088	M
1	>52f20d97-d040-2e6b-62af-7d1e0bbc648c	0.9358	M
1	>4c20801d-20a8-889e-030e-3e132cc633ce	0.9715	M
1	>ccc44ba5-970b-f392-f2ef-dd789889087f	0.9783	M
1	>28b383eb-1984-0c8b-03b9-e2bb4ca79d38	0.9852	M
1	>56e1ad12-e47e-c5b9-f47a-8710143cc790	0.9652	M
1	>4ad46e17-6460-c4d6-fbb7-ee8ac2f9573a	0.9591	M
1	>b5aea4d1-a87d-6270-e9ed-12c1f3b22b98	0.9328	M
1	>b33bd251-1cdc-f3e6-eefb-99332c00dbfe	0.9627	M
1	>33eff8f1-e724-fcb8-a65a-574f9698176e	0.9623	M
1	>c866011f-d1ae-76f2-9918-83333d3a5f18	0.9568	M
1	>ba92fddf-7a20-1bc0-7b7a-513879228dd1	0.8825	E
1	>2a353c21-1be6-fdd1-6f94-75265ac285d4	0.9531	M
1	>80f3f77e-4dbf-28ff-0396-6061930dec46	0.9446	M
1	>ef0884cf-1de1-c140-63af-9686df550b26	0.9742	M
1	>dbed7e80-8d89-a4f0-0768-f02bd3e4aaea	0.9505	M
1	>5bb67d8d-1f5f-5709-2006-36e7190f81a0	0.9562	M
1	>8e84d4a0-ca06-aaf7-2bb2-439bf8ad3889	0.9814	M
1	>625376af-cc87-b946-5383-9e1b53f451c3	0.9740	M
1	>cf3e7f4c-c167-8f1a-3ee8-1b17249cf764	0.9512	M
1	>1f86f4f1-aa2a-511d-6f99-65473e95bc76	0.9769	M
1	>527484a9-9936-057f-56df-fa5113c0a81f	0.9558	M
1	>86ee1889-057f-1f53-6964-d744a8950b4b	0.9597	M
1	>a9875da8-e0c3-7945-ab8a-9a825affbe7c	0.9607	M
1	>459045f7-10ac-7191-c5c8-da85e470786c	0.9818	M
1	>274f5554-2f9a-36d6-b622-02b4710ae157	0.9927	M
1	>c62eddb9-f172-a64a-44c7-a5cb302f4858	0.9459	M
1	>e2f72312-5a9d-0815-dc8a-c3e95731fe38	0.9830	M
1	>accdb420-c900-d8d3-ee14-b60c3f2cdb33	0.9758	M
1	>b51a0289-3c08-f165-6861-4310ce1c7638	0.9788	M
1	>4fc354d1-2fea-d4e4-9d6c-8a8e8c87506c	0.8962	E
1	>4d021764-17a4-ecbf-aa9f-832acccd4e1e	0.9375	M
1	>6d892e5f-0b78-d83b-2e7c-073fa0a7f8fa	0.9453	M
1	>1b67e027-7360-c540-793f-c28853301977	0.9543	M
1	>7d56d010-405a-2d90-0f09-5f79acfeba1a	0.9583	M
1	>01f41622-7a84-0eff-8aab-711b2ac0a1b6	0.9274	M
1	>421fa42d-20f5-f305-13fc-326409804bd4	0.9703	M
1	>bfbf52e4-2121-4969-c2ab-6df93e5bb763	0.9376	M
1	>62413f9c-90f7-2178-949b-2e710fd2b25b	0.9711	M
1	>59cf9ebe-6156-3e59-acc5-2742f4d316e2	0.9877	M
1	>4de325cc-d294-a636-87f1-4012f98aab45	0.9759	M
1	>6036b6ae-a4cf-3c02-1b54-0cbc64366655	0.9529	M
1	>82525b05-2524-b9fe-76e4-527c709c9930	0.9577	M
1	>1b38dd9a-fd70-478c-e289-f78fa7594bd3	0.9798	M
1	>9411381e-816c-f323-4d05-70a2f1812123	0.9602	M
1	>f56cb567-69e3-7e6a-86fe-04fd8bfe3f0c	0.9781	M
1	>ea95fa1b-0b22-c168-2d72-4be7a652f04c	0.9513	M
1	>d50eef59-7e88-44bf-56f3-1b53f9f57515	0.9880	M
1	>233f63d5-da82-2d25-9c4e-72f5735ac394	0.9807	M
1	>130e745a-a671-6231-0589-71f8b9bff507	0.9283	M
1	>a4d1a272-4b2a-734b-bf2a-23b1bdfc5b9c	0.9811	M
1	>c5cd5bb4-ff4e-7626-4371-c67a4072e748	0.9607	M
1	>d8f94731-3573-1771-b60b-70bbba278b28	0.9872	M
1	>b8e92cc3-1bff-5318-a355-abcbb5073186	0.9033	M
1	>8b9f4419-b5ae-3e20-56c5-f5ec9ad5b98f	0.9781	M
1	>6820965c-cb34-00a3-35c6-2b635aff68b0	0.9794	M
1	>0374799e-39f3-405c-8da6-7d2d5ba261eb	0.9707	M
1	>1504be96-cb6d-0f23-3339-45e437842033	0.9716	M
1	>59b1aeb7-8ac9-cb08-6d69-2cf53925b973	0.9885	M
1	>9c5be659-32f8-bccd-2ba2-9bf8b8dd6b62	0.9579	M
1	>57a71f73-75b8-1d1b-a50e-2216bceef409	0.9553	M
1	>70856c1e-fdb8-6315-411e-fe1681ca1a54	0.9806	M
1	>0fed97d6-cc72-79c4-d4ae-bafcca920ec2	0.9867	M
1	>b30c731a-f48a-ed3e-4759-971fcdab0bb7	0.9760	M
1	>49cd154b-92a0-5802-9aad-ad13dfe92cc9	0.9631	M
1	>d0117d59-4057-7745-1113-e7d21296da1a	0.9481	M
1	>6a4cf7da-8d6a-3a97-e4b7-ddfddfcda38c	0.9797	M
1	>be7debcf-7b03-cafb-19c0-bc774e0ca392	0.9783	M
1	>9240a663-6034-dd37-52bb-97d443e58da5	0.9637	M
1	>c9a82102-4c6f-cfc0-8369-2f4fb0fc030c	0.9453	M
1	>a8cac926-addd-8c12-1386-97b10f62c886	0.9773	M
1	>64098260-4157-3f62-d393-0eb53e5d42fc	0.9854	M
1	>b6448045-4a14-f9e2-d9a7-aca73c21e139	0.9721	M
1	>aebfaddc-a62a-aa4b-a207-370f56c1d124	0.9685	M
1	>8a6feba7-81de-acab-31c7-20ee620d08ed	0.9770	M
1	>4a846856-0625-18ce-72fa-1e3e02aa09e1	0.9521	M
1	>a036946c-91e3-c77d-60fe-d24e1fba3895	0.9809	M
1	>3ac98f8b-9793-98f1-8efb-7c0d1896e65a	0.9769	M
1	>aaf5ca77-6785-d263-0558-52fcf871a1de	0.9834	M
1	>c2c091bb-494b-0685-7e7e-05639c377bc6	0.9758	M
1	>aa6682ff-b29e-ff3a-e500-cc1c945cef98	0.9218	M
1	>cd1e953d-0e8a-9464-1d9f-1caf6034e479	0.9845	M
1	>61ddd729-29ad-6edc-b3cf-2f7792edd594	0.9575	M
1	>ed2d62d7-46a0-3af2-69e0-717189fb7c33	0.9683	M
1	>ca2a8955-04af-4a06-36eb-df44f92702b2	0.9867	M
1	>edf4cd5b-c0d1-cea0-1f66-ddc3b5b02012	0.9181	M
1	>4f44f7b8-8680-f368-f979-d9dcfd636b41	0.9580	M
1	>d31bd954-8543-15dd-c381-b5b28115ce95	0.9211	M
1	>8ea1eb5c-8e78-439e-6932-5e46fbc5becd	0.9506	M
1	>30c25ca6-f0f6-adce-8ff8-14f6e62e6eb5	0.9722	M
1	>738b4ac8-430f-989d-4cad-e675a13e1dad	0.9564	M
1	>0cbd5570-daba-f9f7-5d94-b55ddb36e65a	0.9171	M
1	>90a8649c-6ff8-9450-7298-96113d30a9f1	0.9724	M
1	>952cdd2d-5560-8d07-9a36-67d22347bb61	0.9856	M
1	>83f599c1-aa30-dd35-7654-14b180915e74	0.9547	M
1	>363f438b-dc0e-a3b5-9dc0-769e27141eb4	0.9490	M
1	>e4caaf41-33d7-5106-1f6b-bac2b6c9da04	0.9634	M
1	>5e441788-55c2-2e5a-2bf0-7709aa77243d	0.9808	M
1	>d803a73e-ed2d-3f16-9918-edd0224e9b87	0.9756	M
1	>f9847501-6e2b-e8db-8349-77d8015a979c	0.9656	M
1	>90fee534-f5a2-2c6a-bc8c-2bbcbac28a66	0.9254	M
1	>79c281a1-c75d-3b83-76cb-e4a88eb94248	0.9829	M
1	>e6831d78-3366-1d94-ed80-e9a797af863c	0.9923	M
1	>4f016283-2869-5243-f604-9e7b249dba27	0.9761	M
1	>3a0fb225-8bbf-13d5-51d9-12950b4eb911	0.9540	M
1	>f9d512cf-38bf-ae84-88a0-53a184425bbb	0.9479	M
1	>a2a0ccd2-f123-730e-5e69-35e93e0a0593	0.9769	M
1	>745f3a29-b471-6635-c458-c200c8e45dd2	0.9403	M
1	>46ba54d8-74a5-7b82-8246-4234679368bc	0.9646	M
1	>f9432301-f1bb-3062-d2d9-f0c6aea5dae1	0.9685	M
1	>1faa2fc0-337f-c33c-e0f6-0326f498c313	0.9837	M
1	>c0aa70a3-f1f3-2951-2b8c-b65fc1e29464	0.9417	M
1	>4b35dc36-0f3d-8cbc-24ac-69b4312baabd	0.9864	M
1	>1d7f6e0d-4af2-ae3d-e8a2-0251e55aea71	0.9844	M
1	>7153b92e-8b6d-0a1e-b2c4-f3dadead5c80	0.9538	M
1	>d2f1824b-78d4-6070-07b8-0e7a8e029c2b	0.9723	M
1	>65546a65-0cb6-6048-a57a-2f58db361783	0.9576	M
1	>5de7b5f3-a5a7-fa5b-bcc8-444a17cda0ec	0.9311	M
1	>f8e1cea0-5e41-1ba4-bb45-c7a2bdf2ab60	0.9642	M
1	>a5acafe8-76ed-f169-dd24-b1c7fd83f4b4	0.9836	M
1	>8fd96561-271b-16ca-8afc-b0ce1918c540	0.9900	M
1	>1c690006-02b8-7f9c-b317-3a859dd91cf0	0.9630	M
1	>757856dc-0d1b-53a6-6e71-8edc1097a91f	0.9742	M
1	>7f232dc5-024c-2011-02e7-755216eaf9b5	0.9244	M
1	>b105a6b6-133f-a57f-79dd-ba1535e98a24	0.9571	M
1	>653550e6-6708-45d4-da11-aedb01a79400	0.9813	M
1	>a82f9f1d-2b17-6b25-4502-d9f5370376f8	0.9791	M
1	>fbd5702f-b684-8559-c133-79630db8ee43	0.9590	M
1	>6773d1c4-3af4-fb9c-f29a-44955fcdac64	0.9816	M
1	>c9455018-5c9c-5ff3-5441-0b80fa8d78c9	0.9786	M
1	>8f15e1a3-1f2c-aa60-aece-a000d07251e9	0.9852	M
1	>bf13f1e5-02ab-5c83-7f75-e765e787eb0f	0.9727	M
1	>00542149-f1e0-55a1-399f-7bc9814ea108	0.9322	M
1	>a7f90038-e5d9-de12-d296-e9ebe1db2236	0.9427	M
1	>bd202140-4f76-fdcd-47f1-151ee8b6bcca	0.9921	M
1	>67856bed-ed37-8226-a555-0eaf1ace3e1c	0.8868	E
1	>6c06122d-0ef7-afee-34f2-6bb4f0e5d285	0.9738	M
1	>b2f1051a-4cfa-5e08-1ada-b10ea2848164	0.9396	M
1	>3da22040-1304-aefa-9a42-1ce673b36dbd	0.9678	M
1	>5055b9c2-0678-ae24-83ea-5e8d1018ea52	0.9636	M
1	>3a87706a-4825-f517-fd6d-95d9c4f4e065	0.9744	M
1	>703fc326-5846-a6f3-e368-2fc085e1f148	0.9734	M
1	>53f9449b-f464-5e20-8921-c2d6ae1b4d17	0.9820	M
1	>3dcd9ec2-cb49-ac1d-1c3a-f4e9c01ea0ab	0.9666	M
1	>385bbf07-6b15-355a-c913-d6fe7e332388	0.9136	M
1	>3ad3d8a3-6728-f435-4140-e258ea8208fa	0.9417	M
1	>fc37ef8f-dc77-d5f8-6a54-69b340c12e4b	0.9366	M
1	>8e3b6233-0142-e1ca-6bcd-4a1b3eb8efeb	0.9609	M
1	>f3be9977-3915-d17e-59d4-9ba15fb0153e	0.8958	E
1	>64575f72-08c7-5993-3ab7-71efb98bad95	0.9762	M
1	>78e70a08-42ef-0074-ce0c-dfb9c4676f16	0.9687	M
1	>0ad91928-0463-ea7c-a169-ba856b3955f3	0.9836	M
1	>4477d9c2-f211-cb64-f5b6-c3154f99fe17	0.9401	M
1	>c689e97a-6f0e-0ddd-93bb-d556bd0e5059	0.9833	M
1	>df75db7a-761f-a99c-38d5-e89e4154e516	0.9549	M
1	>924285f4-a6a0-a060-8742-13b7fa8a1f27	0.9613	M
1	>d5124fe8-db14-7888-8537-5d287a0f2126	0.9785	M
1	>bb93b752-5b6a-3420-18be-993d012419cf	0.9779	M
1	>1912f9c4-a8a0-bad6-63cd-dbbb78981a6c	0.9657	M
1	>276157bf-84fe-53b1-6d12-7070f5e0eff8	0.9634	M
1	>e81e2db7-6124-cce1-2e6c-a7bd72a940d5	0.9427	M
1	>3a541dbe-3ee9-f926-34bf-989cd9c8d54c	0.9429	M
1	>250d495e-80a0-4df9-6ebd-cb6b5f5bcd51	0.9528	M
1	>944abe4e-877f-ae5e-4837-50a8d89528b2	0.9670	M
1	>d65ecdd1-33db-0945-beae-69a6e14ccbb6	0.9640	M
1	>151a353f-3331-2891-4655-fe5bc06848b6	0.9373	M
1	>d669e5aa-fb1e-648d-8aa8-ce342760fcb7	0.9579	M
1	>8c15203a-0411-f70d-82c5-5b9381efcb0c	0.9404	M
1	>5e08c653-62d7-aa1f-c3aa-0f1042d87d49	0.9581	M
1	>448e1ac7-b71e-ce16-73e7-05db05928a73	0.9869	M
1	>55d13e09-5097-2b38-f5ce-86e2fe589353	0.9517	M
1	>d08a51cd-321c-4bc4-ceb1-2dcb7f82c374	0.9810	M
1	>328288ef-4366-d296-8ed9-caba116792c4	0.9640	M
1	>93966263-c66c-6bb3-d868-a6ea2d7e1934	0.9741	M
1	>71951dec-7eb8-c9ef-c858-f9f757326810	0.9434	M
1	>6acf2837-b60b-4010-6e37-7bfc1fd2f108	0.9653	M
1	>71a67f6d-37cd-fb47-e4d1-b495f28333f0	0.9638	M
1	>f6043988-76df-44e1-6e57-5c90cc65861e	0.9777	M
1	>423e08a0-1ee8-6dc7-4e7b-ad7702982ef3	0.9778	M
1	>6e0f5cba-f302-b9e8-e621-deec72a9684b	0.9528	M
1	>0782bc45-d102-a1a6-bb46-17e24b19b553	0.9557	M
1	>ae8b6a21-265a-f1cf-2af9-5c996d99d2bf	0.9696	M
1	>bf6f7a66-79bb-d8ac-2589-4591aaaa3eda	0.9760	M
1	>4eac2040-6d7c-907f-af4a-7695227addf7	0.9784	M
1	>28a83246-6872-b9a1-12b1-588d5e36d6fe	0.9473	M
1	>c66a89af-58d9-70e7-af4a-a49846110032	0.9882	M
1	>eaeb8518-5d70-6cde-bf37-8f06cb774154	0.9780	M
1	>b7de7792-eb05-7d60-f782-cba792cd1dab	0.9702	M
1	>731ef611-d942-95f0-6aff-edd58d38656c	0.9796	M
1	>0a6a74bd-1def-aeee-59c2-9eef56bd88f3	0.9740	M
1	>5d8b8c92-36f1-e095-325e-e6ef9ada9ba0	0.9838	M
1	>debcb3b5-9828-43eb-c657-ac88fac55643	0.9825	M
1	>337cb4c2-5bf2-9602-dbe6-35ef5dc7a4c2	0.9818	M
1	>34b79b8e-6d6c-91d9-537e-64a49417b6eb	0.9817	M
1	>83582d82-9655-7e64-7651-94c53100ecf7	0.9544	M
1	>9b18d44d-07dc-8e50-2e1d-9ed0d2488bb9	0.9692	M
1	>1f0a7ff6-9bc9-041c-b9e3-4b7ccf8a3a65	0.9777	M
1	>59272ea8-6f8b-5d27-c2b3-67847841602e	0.9811	M
1	>0f01f75b-662e-7fb8-230d-6e93bd418301	0.9827	M
1	>7ae724cb-f0b0-7422-c8e0-20cc5ea86a8b	0.9757	M
1	>11bc9cc4-0ffb-a097-6770-fe676405c8bd	0.9518	M
1	>ac8d7ccc-8ac1-8795-46c5-1c2015913dc2	0.9886	M
1	>486bfe3f-20f4-d3ed-1dbd-f4ea730c440e	0.9614	M
1	>dfe6af43-3d0e-ea39-0fdd-cbf73f655447	0.9109	M
1	>0efdba2a-1067-d1ce-3a76-2545fa0ebc56	0.9457	M
1	>610071b6-7f0d-abd3-ec49-cab814d383c0	0.9798	M
1	>9cc230af-1adf-d5e7-1479-79b1863016ea	0.9581	M
1	>ed9c0baa-dd7f-ed4c-9256-25d17449fa61	0.9334	M
1	>55e67fc6-97c4-d665-f265-e3b85a27e029	0.9500	M
1	>df531e32-bef0-352e-8d50-1d419d008cd3	0.9668	M
1	>1c7ec7cd-202f-6f83-ba64-508975e338b0	0.8937	E
1	>53adff3b-9eac-fa11-e33f-e4ad7fba36d2	0.9865	M
1	>301c4d9b-c566-a62f-e30f-b0189aea3275	0.9775	M
1	>64cffdfe-d8cc-0078-cc0c-4433a17e6de0	0.9536	M
1	>a702bb27-5eec-b9b9-8996-fbdf686bc146	0.9742	M
1	>b082d1c7-0179-f9ac-ec79-c77b92485149	0.9584	M
1	>525889c5-15a3-664d-75a7-10199b39e795	0.9878	M
1	>f4717f5f-7b4d-b281-4b0f-2c3fdc05fc70	0.9790	M
1	>c412f646-5614-0495-8731-f605fbd3c185	0.9858	M
1	>2f6c528a-07e0-3774-7646-b4d351bb2d53	0.9744	M
1	>65aab834-4945-6305-a66a-621e742a8eff	0.9807	M
1	>92b281fa-6092-cb59-c2a6-8e7d1ae2de6c	0.9862	M
1	>0fc2b84d-7ffe-2ebb-1d7f-6482376c5de1	0.9725	M
1	>ebaeb09a-871f-d338-ca0b-2126d1e36fa2	0.9690	M
1	>6ee98deb-e45d-0031-75e4-f97b630c8da5	0.9552	M
1	>9e177f6e-ef71-1dae-aed4-f15faf797c9a	0.9515	M
1	>13c4dff6-ca05-63b2-1fec-33e44b45c021	0.9780	M
1	>082de24e-07db-515f-1a56-b7f0fb00516b	0.9594	M
1	>5c00de4c-6b2f-4c1f-55e5-475d5c3c445d	0.9382	M
1	>3171f1f3-14d7-fc44-0887-9efe12152258	0.9512	M
1	>d03b8841-b436-aff3-9dee-72979f728a40	0.9723	M
1	>4bcce80e-b34c-3f6e-92a0-f7190a5cb7dc	0.9712	M
1	>b8e16272-7fef-2783-b1df-8d095b1b8df8	0.9521	M
1	>22a3deff-771e-9392-7582-7fd1edf36e78	0.9098	M
1	>c6bc6f28-7bae-397a-37d9-4ff3bc19b7d3	0.9192	M
1	>4adefadf-54d7-b42d-81ac-2b59dfa45c4f	0.9604	M
1	>8c06c6d5-962b-0604-4b55-4539b428f9c4	0.9390	M
1	>12c0c4cf-30d2-9c02-af2c-b04d4cd2cac9	0.9430	M
1	>ae920115-8a4e-d04b-2531-80be10a8a2e2	0.9676	M
1	>c064f641-cf4a-ded8-3a1c-6bfa8d3d5408	0.9627	M
1	>6f923c0e-86e5-4420-f987-b8785024d39e	0.9810	M
1	>e390d9cf-a63e-c4e6-e6d1-ad530c0e222f	0.9768	M
1	>856ad65f-60ca-b529-ddab-dc55724bbf1d	0.8925	E
1	>6de13aae-69e7-8e80-2f1d-1c2fef771e04	0.9785	M
1	>368d801e-b3e5-5b80-a767-2aadfed93058	0.9751	M
1	>88c9e641-cdf7-d8cd-40d5-8ddd69f49070	0.9796	M
1	>1f70d768-cb40-094f-6dd0-bc125c5718c1	0.9802	M
1	>32d27147-d2cc-befa-23d0-bd9155eeef28	0.9772	M
1	>503d0ef1-7a75-c18d-59bb-b955d7eaebf4	0.9312	M
1	>fda11924-bb25-c1a3-5883-cd1d7d336811	0.9841	M
1	>0093335d-e02e-7a7e-c1c2-7168c7361908	0.9269	M
1	>a2c2d031-40b7-dd18-83ce-02327b85c669	0.9347	M
1	>d807c871-7093-6ce1-5e7e-935a9c91b9d5	0.9408	M
1	>b8d131fc-53ae-2ea1-4437-013a65b01107	0.9862	M
1	>f12c9924-00cd-6c04-7143-4f98270dd28e	0.9530	M
1	>fb907081-1bb3-ab24-dbd5-ba83380f814f	0.9398	M
1	>d287b023-27e4-8e89-e612-fda645abb77f	0.9643	M
1	>83b5ce96-d572-1aa7-e824-7dee6d7f2999	0.9810	M
1	>00b8f7d3-93a7-56cb-6839-8ccce463b17c	0.9649	M
1	>7b0a2597-f818-b5f6-0bd9-237f1448950b	0.8841	E
1	>536309c1-38d1-aab3-a120-e6cece761db7	0.9781	M
1	>10e454b7-a9e1-239c-f7f0-fe1ffce2d449	0.9449	M
1	>48ad8866-c1fc-c021-2c34-ac080ca55c05	0.9679	M
1	>c1f9cd4a-71f7-e3b0-d036-2876b891f1e3	0.9484	M
1	>ba65d079-895e-556a-3573-b972583907f7	0.9825	M
1	>7d3fa99e-165c-8293-3780-4cfd3d6e656b	0.9689	M
1	>e87bab0a-09c6-64e2-3284-6f6d398f9d0e	0.9822	M
1	>422850ec-fc6a-faf8-d8ef-985a2861d3bd	0.9754	M
1	>86b9cc09-b62e-17f9-99fb-10d1fce36bd3	0.9794	M
1	>b1d4e91d-d11c-20a6-9531-d9b735d5352a	0.9655	M
1	>249f8344-7a16-801c-4f20-50e1e3676d27	0.9247	M
1	>8bd631bb-9b98-9729-fe11-c765fea900c9	0.9747	M
1	>37f81c6b-122b-b69c-e6dc-2c647f153e9e	0.9903	M
1	>d4a00b01-f317-5094-b794-e238b08e0811	0.9661	M
1	>5550ae11-2513-7b48-7911-c067b4817990	0.9541	M
1	>97f5f654-6d92-773e-d594-8898018102c8	0.9251	M
1	>79042b6f-01d8-189d-cd6f-0a0394788534	0.9846	M
1	>f1e640f2-3585-bf9d-e675-3b5be4573e44	0.9570	M
1	>105ccd04-e8b3-2958-1e9a-59fcfc5b5ac0	0.9784	M
1	>aa45e979-f2c0-eafe-9f49-7a6ed42e2922	0.9595	M
1	>f44c59b8-169b-8ddf-733a-28aa10572430	0.9809	M
1	>72c5d7c7-687d-edd1-5b1a-8b9b679622a1	0.9651	M
1	>d129ddfc-f95d-19b2-afc4-24174891dfcd	0.9858	M
1	>477bf179-c029-03ce-5bab-5b95dbc7e0f4	0.9453	M
1	>336a8c52-7bfd-5b4c-4d69-8cc5c18a1dd5	0.9568	M
1	>e0e6ba82-117b-a87f-d3eb-fb6b95b30d2a	0.9797	M
1	>81f49966-6821-fc5f-5c07-01181299c538	0.9818	M
1	>6998269e-363d-af28-0478-b4b34bfeeafc	0.9311	M
1	>083d7093-14a7-43ed-4985-45c4df224952	0.9637	M
1	>ea7e90c5-ea2c-eb5d-d811-4429835c8381	0.9897	M
1	>4b5bb0b8-8cf4-e77e-987a-e170e5284b71	0.9537	M
1	>33b2c200-53de-a30d-d6f3-e63c5bc89be7	0.9458	M
1	>510b6a77-bac4-4a5d-5cdf-09e67112dd59	0.9820	M
1	>83039ce0-4e35-847e-3e10-37394f464885	0.9442	M
1	>eb51be38-c668-9911-86c9-e364dabea3e7	0.9710	M
1	>0b7f8667-2851-a634-6402-e14c7cceb27b	0.9773	M
1	>176ec65f-e4f7-a77b-d2f3-3d9fa7c2e081	0.9301	M
1	>791f3fb4-e0f9-74d2-e456-3e09668c8de6	0.9111	M
1	>621f3abb-83b4-651a-2a9a-74df3a0fb3d1	0.9532	M
1	>a9905d49-4e67-aaef-382d-168f0158f9ea	0.9850	M
1	>1ebdea81-05f6-0480-9d21-ca31dfd940be	0.9530	M
1	>fdbee67e-7adf-1f83-8f4d-60599a4a162d	0.9496	M
1	>17c3d593-9e20-75d6-4c30-0336e690e023	0.9444	M
1	>a9e923f4-db31-7507-1894-d6defa87bb92	0.9788	M
1	>05e0eae3-d73a-3202-77eb-218cd7953f47	0.9647	M
1	>aba9bd70-89af-7ec1-45c3-3e3704059752	0.9732	M
1	>51d4dd17-0845-e72b-5c5b-0ebe28657431	0.9623	M
1	>4f6c41cf-49be-3ceb-a72e-dc17a3159ac1	0.9665	M
1	>6ef74745-5dda-5d77-a89d-ddf62514c142	0.9660	M
1	>d0388cb4-0ad8-33b0-ae02-c7f9bc23f49d	0.9541	M
1	>5ebae0ec-056d-2818-e4cd-7f14e2c2083d	0.9890	M
1	>77d9b24d-513c-ce1d-d50b-93e7ff1c45f6	0.9653	M
1	>b96eb6d7-013f-b035-b77d-b4c6879d1109	0.9548	M
1	>a627ebac-1ba1-717e-2aab-285ca68d9236	0.9395	M
1	>d43fcd0f-571e-38e4-21c7-27c8266f3326	0.9516	M
1	>6a775efc-5f57-3201-5335-b6296faacc87	0.9552	M
1	>5daef76a-2439-23c1-f5d9-1e7f7fa25fe5	0.9767	M
1	>84209abf-172f-c4a0-b6ed-86e45dea2584	0.9747	M
1	>1578fe34-667c-3e85-ed23-8b371a9728f2	0.9900	M
1	>44cf6062-3ed2-1697-154a-16d31cff02ae	0.9000	M
1	>3943fcd5-f76b-e9ac-500c-1855ae14c12f	0.9688	M
1	>516e75b7-fd50-1223-a50c-bf7223217541	0.9880	M
1	>c29f7fdd-61e5-a079-f0e3-7fb0bd7061f3	0.9900	M
1	>71810e4e-5811-a96f-7a61-f99c385866d0	0.8992	E
1	>8fae9ca0-74a8-e7a7-eebe-b9c87f71aa54	0.9550	M
1	>c0006715-0939-90ed-b604-68bccf2d45f2	0.9548	M
1	>a20277bc-8177-2e8b-f722-6ffbbcc26713	0.9620	M
1	>08c0643e-6af7-1f62-3ab5-8c47cdc68c11	0.9288	M
1	>41978a29-5993-9f39-4eec-d5c7957d4057	0.9856	M
1	>9e64844f-2a31-6255-57c8-8adb62774200	0.8854	E
1	>947a0eff-78ce-2be2-2358-50d3ba3533a2	0.9688	M
1	>c9346d01-e3b5-967e-c203-3517295ec17e	0.9872	M
1	>f1ff4db4-1085-e63a-c23b-bcffd79b3de7	0.9543	M
1	>50a91022-161e-9134-593a-84be97be9268	0.9499	M
1	>e547dcd2-ce07-4d8c-24b9-07735fa07fd3	0.9294	M
1	>2b3fba89-3efc-2850-2bfc-ec61799620e3	0.9863	M
1	>20c59171-b6d7-e430-fe63-541ee19e4fbf	0.8876	E
1	>3e62433b-edaa-6f4d-99fe-32970a32c92d	0.9605	M
1	>88bb6fde-7720-13ed-ccd2-15a28af88529	0.9726	M
1	>20382618-990a-2d74-3cab-bec954377e14	0.8975	E
1	>e88f11ab-950c-10be-94d3-0ac5bc344177	0.9558	M
1	>15b4b087-2980-6056-535c-61d3382aed4c	0.9840	M
1	>fe5b9c2a-12c2-3d4a-53c9-f44d55ab09aa	0.9246	M
1	>491f8025-c607-3b7e-ebfa-cac886a3b1ef	0.9269	M
1	>5084b6cc-fc6a-4f2e-5c55-ec00044a5086	0.9844	M
1	>0b4deab9-1b06-c335-6f41-181f76298896	0.9153	M
1	>242933e1-2846-7966-5c95-4ded971170d3	0.9661	M
1	>566d1831-8a61-a9cb-b96d-3bb652ddd02b	0.9491	M
1	>2d932ca2-42a2-cb2f-e24d-76469c8a5cea	0.9609	M
1	>274509b7-efd1-fdbc-a689-f1f67abacc0e	0.9582	M
1	>f70ecb02-543a-678c-886a-3c02d4013309	0.9679	M
1	>6f2c6150-76e6-f789-321b-76ded9793bc7	0.8953	E
1	>0e237ffc-d5c0-98f0-5d7d-3047b64cb4d3	0.9432	M
1	>ba02f68a-c130-4006-9fb6-e310651c90f7	0.9634	M
1	>ff4c5e06-a697-c6ee-e524-f279c74f6e00	0.9696	M
1	>60731e6e-9da1-e599-6f9d-4ed0475c8daa	0.9598	M
1	>2e1857e5-4a0d-fd1c-97ac-7ee190527644	0.9719	M
1	>bbd4860a-9309-b23e-4992-949f259588d3	0.9837	M
1	>12a89523-90fc-8fb0-528d-946e116d9323	0.9215	M
1	>4c7ec64d-962d-bd66-2e6a-16dc36e0729b	0.9720	M
1	>766536cc-d51b-00ef-4495-d571eac71696	0.9461	M
1	>2103d828-d07c-7775-16b5-63843a04e2cc	0.9585	M
1	>64774592-86e7-3771-85b0-80b1bb0bf742	0.9720	M
1	>2ef38b9b-d16f-393a-a13a-6e59809d15ae	0.9756	M
1	>35796752-b9c4-d1a8-937b-cfa8ae452569	0.9443	M
1	>8733e404-48af-2216-83dd-384683ff206f	0.9572	M
1	>2714c366-fcb7-2a0e-7b08-2d390ba0c0c1	0.9819	M
1	>8476f40b-7fbd-6c97-e987-2af5f91c8713	0.9532	M
1	>50279edb-71cb-6dfb-5e14-d38faecae334	0.9586	M
1	>357fc907-bdf9-411e-e012-be6b00f3a72f	0.9507	M
1	>06b345d0-8977-d9b6-c3b7-9f874bc6a18d	0.9683	M
1	>3e52d49d-a4f8-c33d-ccd0-ed25ae7108b3	0.9841	M
1	>b25de3aa-b66a-9989-30b3-a12b3b07cfc8	0.9812	M
1	>e7dec2fe-704e-5ed4-53b5-e25c315454da	0.9881	M
1	>d85fddd1-73e8-b193-1069-8b4ce165663b	0.9669	M
1	>b2509074-f0a6-9d31-5802-20bccd00bd7d	0.9821	M
1	>8941d646-a97a-02a5-1602-06501cb5568b	0.9420	M
1	>cc2d8bba-1414-1f99-64f5-5c242425d322	0.9910	M
1	>c46b63d7-1cb6-53fa-14ac-7ca1add533eb	0.9585	M
1	>16cd758e-1cfd-6486-ff0e-091603b65067	0.9634	M
1	>b7cbd9aa-9239-901f-3aa5-3958aa3f0bd4	0.9742	M
1	>1c411c37-1ff6-5a9b-1ce1-7b7e74930282	0.9559	M
1	>348eea5b-57fc-5251-7ae9-f0f134c10107	0.9010	M
1	>02679d20-cea7-1ae3-a235-2d7444e7b26f	0.9730	M
1	>ace26e11-4470-aa07-761d-af5cc99e2da4	0.9738	M
1	>a8b8b520-7282-1a49-55b2-d395039e6696	0.9899	M
1	>c3aa03d7-80c9-5911-a21f-9b08c098cad2	0.9266	M
1	>225dfc8f-b1f7-dc1f-414e-0b27f46a8ecf	0.9762	M
1	>6b56070f-aed5-dcc4-9823-ba379ec35f8d	0.9556	M
1	>2416b3ee-0eac-5ac8-8b55-57093d98831c	0.9865	M
1	>e4b184ef-e0c2-3758-908b-2d4d1a935f72	0.9790	M
1	>a6209226-2ed5-443a-0ebf-1f06543315a6	0.9833	M
1	>73634f3d-b037-983d-860e-c5beedf5702d	0.9813	M
1	>d65c4edc-6ca0-39b6-d854-7fcc99b31527	0.9187	M
1	>30033673-f31b-1713-7e3c-4fc5878453c3	0.9431	M
1	>e19adc19-e248-a5e1-7cd5-b1b662cd28c9	0.9819	M
1	>1e02a299-8318-001e-692b-54bed768ab4f	0.9718	M
1	>17764cc1-f1a9-5ea6-e152-286e1e1f84fc	0.9506	M
1	>ef5ae266-e184-b227-4332-23f80103484e	0.9772	M
1	>90f74ae3-8c4c-f2f1-360b-858ac975a0fd	0.9026	M
1	>ff0dd556-c371-a870-d241-7cca0519f963	0.9771	M
1	>91cfa652-07e6-7f75-3690-947356db48b2	0.9608	M
1	>0fd36659-27cb-4f65-9c4b-c324fae06c6d	0.8942	E
1	>36327292-93c6-cda4-29a2-56e8ea73eb6b	0.9112	M
1	>98e57f95-37b4-7436-5da6-697296c72b37	0.9659	M
1	>ff2110a8-b88a-7f84-68a4-eab589c8175a	0.9751	M
1	>e1eed188-a173-41d7-ccb3-408e88983503	0.9683	M
1	>cc10e3dd-37d8-94e2-7cdb-b339569596f6	0.9684	M
1	>d338a415-f234-61a9-4c17-bce70f974286	0.9522	M
1	>c5dd8e50-1c5d-fdc2-e343-05caf667b7af	0.9720	M
1	>3b3854f2-88f1-3f2b-0064-63c98979bdfa	0.9749	M
1	>2d47b929-ff9e-7d44-cbdc-d408b1c14766	0.9773	M
1	>00c7aed2-e846-f040-94fd-38523701da33	0.9763	M
1	>a495e53a-55d3-70ea-c425-ae99784c8627	0.9044	M
1	>146517ec-230b-9bbe-7fba-f185aeaf13c9	0.9753	M
1	>500b5abe-75e1-8b6e-80cb-dd05713ff0a1	0.9784	M
1	>8ebdc2b4-27ab-d032-25ac-67cd30704641	0.9640	M
1	>25221d54-236d-1936-ebc6-e1eb47c5f5d8	0.9714	M
1	>4aef07b2-8cb2-9e80-2efe-b087f6dbe8f3	0.9692	M
1	>236cb566-8f7a-ffd5-1628-0c994f7f3de4	0.9885	M
1	>eecf3852-c607-8419-50e7-af6983d93ec5	0.9739	M
1	>a8508a4d-47dd-088f-6093-a431056c32fe	0.9583	M
1	>a3cfe4d3-f5a7-4272-80d4-1667d2ef5f26	0.9710	M
1	>7f68db40-f156-be1f-5b10-9546f7a7f86e	0.9763	M
1	>478be9c5-f10e-d19c-a1bb-ffd646b9cadb	0.9850	M
1	>292c05b3-d524-8231-a443-e4d33f61e153	0.9862	M
1	>c6f155e1-2aff-855b-1560-01b5eec605a5	0.9382	M
1	>4d7bf74e-1e3e-e802-ecf4-406d62af50a8	0.9755	M
1	>e2dbc7da-bfed-fce9-9a93-17d2c83ee8ac	0.9372	M
1	>c2ad8589-a62b-9bc1-80bc-177154d57138	0.9846	M
1	>68e3c753-42fa-f66a-b95c-efffe852752e	0.9692	M
1	>4ba1ea64-9c43-c60e-bc0d-64825789436d	0.9756	M
1	>eb06026e-7138-f140-1e53-73c18ac0b783	0.9781	M
1	>d0478e07-e991-aa14-f2f0-bb48acf39702	0.9621	M
1	>2921f2d9-193f-7baa-0d3f-98ed65085092	0.9815	M

2	>5b7eb562-23f7-7db0-c098-cf9e76725aae	0.9883	M
2	>d3a9aaf7-1dc0-9a9f-9789-b6a89345818a	0.9741	M
2	>7225f09b-5974-7127-0dc7-b475eff42586	0.9433	M
2	>60cce25b-ed58-d7d8-1ef2-67f1331f3e19	0.9730	M
2	>01d3c477-45cf-7e9b-e202-01f85c847dbb	0.9586	M
2	>ced9f363-3dd2-ed9a-2c9a-f3b7f282e270	0.9420	M
2	>05ed22e0-cad2-39f6-138a-dbe5abc10444	0.9507	M
2	>cfc136d9-6558-eddb-62a2-891a7156477e	0.9716	M
2	>3d9ee855-ffa8-a68f-6a6b-860c853aa276	0.9595	M
2	>0a58c979-4669-0e83-1356-7c921b58b0bd	0.9679	M
2	>30634d9a-f5c0-c0b3-88f1-379d6e4f3756	0.9763	M
2	>fef5c131-36fe-2098-7580-115448a3f9ea	0.9605	M
2	>a98d439e-57d0-f086-b203-24d34446a723	0.9795	M
2	>a7f8e6f8-1a0f-38e5-d1fc-4f921dd0b04a	0.9345	M
2	>d7df552a-7cd5-ee92-f400-9f69a10d4652	0.9901	M
2	>819f50ab-5299-f000-0ebd-9a1456d5be58	0.9174	M
2	>9da11831-e170-dfb6-b562-8fd0d3d1fd0a	0.9685	M
2	>064f212c-6ba5-dce8-074d-624d58a36f28	0.9417	M
2	>2bcd0d12-3cb2-b1bd-7aed-2061f5caf266	0.9354	M
2	>3f756409-575c-39a8-4d46-b9e4d38519a2	0.8957	E
2	>7a1ad7e9-e52b-c85e-404c-d60082a32137	0.9758	M
2	>f8d7a7c5-b0da-7fc6-72cf-c3a51cb4bfcc	0.9950	M
2	>99759c92-2396-7641-a16d-9884d44a4860	0.9842	M
2	>96745571-7de1-58a7-c197-e6075e611bb9	0.9273	M
2	>45265ec7-7696-1381-7a64-d7988eeb3841	0.9838	M
2	>6ae04816-aeec-2058-d1e3-4bc673e8b2fa	0.9607	M
2	>b8da1da1-0d42-0dfb-b310-5ff09bc16ed0	0.9918	M
2	>bbfb4c24-a180-b3ed-f137-6016bf278a9a	0.9762	M
2	>3811dde3-104a-001b-cebc-440ae92b749f	0.9244	M
2	>18a5b352-d9d9-48de-3286-49bd1ccc26fe	0.9760	M
2	>89d7ee42-81c8-6a73-e0d9-12260bf266fb	0.9638	M
2	>fcec6011-6766-55c3-d35f-d10361a28195	0.9864	M
2	>04dd3166-a5d3-4fb7-ab1e-603c56489ff1	0.9880	M
2	>975d1251-bdad-4fd8-507f-b8f67a047eff	0.9626	M
2	>9ce4d540-183f-0c2d-722b-dd6f47448d1e	0.9678	M
2	>dc73291b-2edf-3518-f77c-48b758955856	0.9473	M
2	>9183f87b-a85f-fe2c-120f-092864c0e954	0.9808	M
2	>ec70e810-bda6-1d1e-11eb-dd6af361e9e4	0.9865	M
2	>ef6255e4-ad5e-cf12-20a6-864e6398b24a	0.9756	M
2	>c443ab62-33d5-87c6-273c-310a2fc96ccc	0.9491	M
2	>c8149b7a-5c16-450d-37b4-fb45431c7e5f	0.9600	M
2	>94d8fd44-5f94-53a9-8765-dcf5dc8f4795	0.9258	M
2	>ba8c07d8-b4de-24ec-b828-e0ea6a2e82f8	0.9924	M
2	>eaa6c6bb-6b82-15c2-e77b-05fb8d57e577	0.9709	M
2	>9b5167a8-2753-75f6-17dd-30828b418a2a	0.9847	M
2	>8718d609-32d3-cc60-a098-76fcd4114de0	0.9275	M
2	>ffaafb47-515f-6f84-9a75-39ca04333349	0.9675	M
2	>a651855c-f4ac-6698-8f5c-17fae57ed35e	0.9879	M
2	>6ca2dfb9-77b9-4d67-7baa-1ea947feb8c1	0.9595	M
2	>f5a16552-5c28-3f9a-6482-2bc0541306e4	0.9783	M
2	>653207c6-b898-b748-50a7-0e3b51d225d3	0.9671	M
2	>b6a40211-4617-8563-5328-8b4c89c6bfdb	0.9731	M
2	>ac21cb15-6ef5-0e58-09c0-f811493445ee	0.9746	M
2	>48b10f88-15ba-6726-5502-a9da0655398f	0.9761	M
2	>67a97328-a632-da62-98ce-09df5b656821	0.9611	M
2	>e6822e96-f594-61d1-a54c-a408274b4db1	0.9842	M
2	>40ced3cf-28b6-fa51-cb38-084ad84afba7	0.9857	M
2	>5aa3d25b-1196-680b-2d88-0cdb2ac6c4cd	0.9610	M
2	>bedb3cc1-fdff-f8f4-0fb0-33b4343c250d	0.8844	E
2	>b4cd9557-2cdd-b9cf-3054-63eddd8e567a	0.9478	M
2	>de0d5ff7-b5dc-d6d6-5f35-b8f301417fd6	0.9794	M
2	>84ae2cd1-07f9-b2c7-598e-fe7d022e85ea	0.9601	M
2	>16a91cf0-a2e0-9ffd-d8f1-dc9a04b873d8	0.9409	M
2	>d82e743e-7eda-8d80-4f06-ae6703d0df57	0.9823	M
2	>f260bd41-d34d-53d8-f6fb-16536587c9a4	0.9800	M
2	>05801815-9554-ef1e-dcd0-837d402fc7f5	0.9888	M
2	>8114fe58-b733-5914-cceb-5831be4206a9	0.9633	M
2	>9f397da0-51f7-1320-9312-c40a7a6308f3	0.9821	M
2	>3085a8f3-f962-8cac-7f9d-4a688ad1bb97	0.9597	M
2	>b5409412-cd03-0f97-c6d1-ae56a25e9d74	0.9721	M
2	>40901622-597b-e0d7-449f-48fa8ff120e4	0.9615	M
2	>64620f94-7d68-7a48-94d7-5bf39ad3ad65	0.9704	M
2	>d387a86a-97d1-7863-8817-d89c14f6915b	0.9195	M
2	>8f1541c5-7a97-91f0-3306-69368992b8ae	0.9702	M
2	>536a30b8-a793-c164-664d-b7ca05bb75a5	0.9841	M
2	>0cdb7649-274e-6d2d-58f2-8b28bfd9acbe	0.9521	M
2	>e597e4ca-8255-39de-3a5c-37e8997edaf6	0.9729	M
2	>e35f24c3-2ffa-8306-b40d-574dd459dbca	0.9391	M
2	>5e5509db-66b9-59ce-6a53-b2e15b70c02b	0.9637	M
2	>eff91ba2-f981-05bc-9858-2b0175975c93	0.9897	M
2	>9c2ae0ed-e0d6-a207-0d70-c4d0974ebbf6	0.9660	M
2	>8245ea65-f6b9-cffc-71e2-c1e09b7c78b1	0.9816	M
2	>97afc60b-38d4-2a1f-3011-778e82d47829	0.9684	M
2	>2f0c2d6a-3567-39ff-1d79-e5eb36e92104	0.9544	M
2	>1f0e0b1f-8530-dc55-4fa8-42a5bf1afe52	0.9582	M
2	>b4a6edde-a072-37ce-bb74-05868c1b9d28	0.9606	M
2	>19389ac4-04b2-ca44-114a-1601c76ebe2b	0.9818	M
2	>b030b962-4670-39ad-6277-479b06a8d425	0.9727	M
2	>c94625fa-d513-5af1-cf8e-d52a1c0037e0	0.9640	M
2	>3d1b269d-e170-49a9-6d09-5c469ad102b1	0.9686	M
2	>b4b60383-c304-46cb-d02d-af6145edc209	0.9633	M
2	>bc62e1c2-4c7e-d399-0b07-55619ab9ba1f	0.9963	M
2	>0e67821e-0629-2bba-77cc-e61927f54491	0.9794	M
2	>ebe5200e-dff8-7034-bd10-ce0219b5b694	0.9723	M
2	>5d0868bf-12b4-89ae-5431-839377c6e751	0.9652	M
2	>97807d0f-1051-d802-792e-e7cf8b1a93df	0.9684	M
2	>269bd0e1-9e22-c5e7-5cb9-d8895d5cc071	0.9749	M
2	>dd02dcaa-4bd4-f162-8333-56a399683052	0.9681	M
2	>e0693ae2-4146-0420-54c9-48a9f27e14ad	0.9834	M
2	>ae28237b-e4bc-a7c3-1876-eaa146c87b84	0.9500	M
2	>bd71d1de-77e6-774f-9a80-e8d920376488	0.9751	M
2	>6c79a80b-5991-76fd-768d-5db2f4a10d14	0.9652	M
2	>cc95bb96-54a4-aee7-0b06-f5fa37bb00e3	0.9881	M
2	>70a2043c-a191-0a08-a2d1-212baa03d367	0.9283	M
2	>c1429094-2c6c-5329-2f27-56de8958f739	0.9613	M
2	>d25bd5de-5419-6397-47da-0d4186755233	0.9707	M
2	>2227a6cd-8a34-5e0a-abf9-99aa014c72f4	0.9787	M
2	>74419895-6893-81eb-64ae-1c91f2c87677	0.9818	M
2	>73b299a9-cf22-a95b-09f2-677fcb0d5179	0.9848	M
2	>0854396d-73f6-915e-7188-834b48d846b6	0.9741	M
2	>6bea4245-9780-2ce2-2c31-d21a834fdab6	0.9735	M
2	>ffbffb2e-69c3-cc0e-c3ec-1fafa27cbac2	0.9776	M
2	>c52dca57-60a7-9079-0e80-1802548fc28b	0.9728	M
2	>cecf4a31-0a4a-0beb-6970-6fd19633b9a1	0.9966	M
2	>0444d066-301e-96df-5968-491f98efd646	0.9669	M
2	>e81b0ee2-5f69-f842-eae9-64d76cd667b2	0.9524	M
2	>a68ed708-2750-d40a-86ec-2a8439b0f16f	0.8951	E
2	>c163048c-209f-57d5-cd0a-e1b4f289ef00	0.9532	M
2	>45ac701b-509f-bf8d-4145-3f3f28517a61	0.9591	M
2	>e10d4e59-1230-f3f8-6f80-70361c430796	0.9688	M
2	>4e5fbc34-4e2e-688b-476d-0efe5a61a089	0.9527	M
2	>c30238c0-8a96-8200-1d64-aeb2b16e911a	0.9828	M
2	>2af56c17-8021-1df2-d6f4-6003407a1b03	0.9671	M
2	>de5b7e3b-5dbc-5364-0d13-776a5a65f260	0.9836	M
2	>e778e4aa-aac6-f7af-00a1-2db851a1a3f4	0.9763	M
2	>79c1e906-7738-cd40-a384-1f8ab2c0be48	0.9290	M
2	>8c80552e-b657-ba46-462a-65e74f47381e	0.9488	M
2	>dc79b011-c2cb-a2de-6228-19e696cd9565	0.9839	M
2	>50b390ae-518f-2e48-4608-e8bff151f0ba	0.9484	M
2	>e2c4aca8-ba95-b0f6-0b12-850e676cf857	0.9531	M
2	>6d90c4fb-8848-46b2-e8fa-5571c72bbefb	0.9328	M
2	>920d06df-1667-e09d-df21-9e6177f623ea	0.9554	M
2	>a0423394-7d53-a623-770b-5c740286aa9c	0.9634	M
2	>14649924-20c2-6c56-7374-0d3e4aa91a5c	0.9540	M
2	>b9472e07-eeea-b009-88e7-355fbe4b4b65	0.9253	M
2	>c75153ba-39eb-869c-c4e4-704053ce7757	0.9317	M
2	>ce68f8c0-9ecc-1cc5-26c5-2741af41e8f0	0.9633	M
2	>87e6c79b-d05c-37b8-8ae8-bbf252fc5a8d	0.9908	M
2	>6437647b-8102-647a-0043-de4d5fa3e7e2	0.9696	M
2	>ad49162c-24c5-ce9d-0444-5eb0c5f03dbc	0.9795	M
2	>c1e802c2-bcc4-7005-eb17-83503e6445f5	0.9379	M
2	>1fdb2362-6bb4-ad91-d252-dbeba148b5aa	0.9642	M
2	>08dfb4c2-ab31-4984-6029-376490bdb6ae	0.9819	M
2	>9c4258e7-0629-1287-2316-129f25d4ab96	0.9658	M
2	>d915a910-8699-026e-67c3-10641b110d4b	0.9743	M
2	>af72d9d7-3395-88fb-cbec-1960e70d8eac	0.9358	M
2	>a72b2ce2-9d9f-085c-8626-38add476b675	0.9788	M
2	>65d68ec3-1d47-8f78-5af7-b87de02d77ee	0.9728	M
2	>ad56a85a-ecc2-b073-a569-58f120a8193a	0.9652	M
2	>818ffbba-ef1d-0397-fe31-c6fd679528fd	0.9944	M
2	>e0ff6d1c-dc21-9306-cdb8-9f9a76cb4ee7	0.9577	M
2	>e4df03d3-5676-1c91-1723-f1f6b8523925	0.9635	M
2	>d946b5c2-e6db-da4d-a5c9-4f56574e0f42	0.9627	M
2	>05da24cd-24de-1f74-d7fb-52f7f6c56c27	0.9604	M
2	>f58960b6-8102-333c-81c1-06fd4be1a112	0.9873	M
2	>fb53c69f-f7f6-a56e-3f82-cc0ddbfae45e	0.9580	M
2	>127f8dff-9f1a-5657-2224-3d0f4de05aa6	0.9571	M
2	>52bf3edd-047b-575b-c6ef-2ce4ab544047	0.9471	M
2	>0ea55add-9927-7dd2-6455-8d74a9657e4e	0.9478	M
2	>f8064326-4111-8ffe-08a0-1c9bb7ddba55	0.9407	M
2	>32abcbbf-6f20-ec78-6087-c06e3a33f618	0.8868	E
2	>02dd5cf3-67ee-99b0-6cd7-eb82253bca42	0.9616	M
2	>8a5aae29-a97a-4f7e-f9c9-0ec0b02c1e70	0.9415	M
2	>f1180f10-feb4-1b36-b2e9-673fddd49d15	0.9676	M
2	>0906ed16-1d77-ddb0-6b18-c2cef374d03a	0.9376	M
2	>2ba866e8-2119-356b-dcb5-2722fae8b9c5	0.9841	M
2	>8749660e-de68-da59-a3c4-9740b94659c8	0.9595	M
2	>4ec778e9-aab9-30cd-8a21-28bfc949db50	0.9764	M
2	>ea77d331-63ad-b31b-f21f-68f0957f916f	0.9458	M
2	>b3a7f153-04dc-535f-71a4-6c1681af13c7	0.9634	M
2	>cbce627f-babd-906f-2328-6785d6a20e5b	0.9795	M
2	>ffcc8d51-d067-c186-a843-42967c26a9bc	0.9728	M
2	>775b423b-df58-c54e-117c-643b39cf4719	0.9589	M
2	>ec1c1e9c-934c-e456-4b7b-4b3e69bdd75b	0.9725	M
2	>1c4699b8-dbd3-fd56-e36b-b26342f9beb5	0.9620	M
2	>c94a4784-3e42-95b3-0031-4b25a511e717	0.9531	M
2	>1e3e574e-4626-01d0-2bc8-2035139d1aa7	0.9216	M
2	>95acca2c-6019-b10f-a297-00292d326e21	0.8956	E
2	>f3a8158f-d322-f7f3-c978-033c8b8c59d8	0.9717	M
2	>d2fec269-6bc2-2449-2816-0c6dfe62c42e	0.9830	M
2	>2fe80e67-510c-08a9-9a21-242467ad7c27	0.9668	M
2	>ba19de41-2ddc-efb4-28d4-19c76b09f85e	0.9760	M
2	>d5f59707-b091-0c89-e880-1d954677ad9f	0.9739	M
2	>3ef66258-4417-3330-ba48-c46e9fc7d6c6	0.9865	M
2	>3940e7ed-b1b3-edf7-1ac9-afe1752e5f0b	0.9040	M
2	>6c87ab2a-e1d8-5edb-f795-72342e3229dc	0.9857	M
2	>655910a1-e40b-5fe1-8ca7-0e60d23058d2	0.9496	M
2	>b7193024-c0b4-1b64-9b1b-14e2d448ef3f	0.9684	M
2	>2ac3e10c-b603-00ee-ea23-58379fd41d77	0.9385	M
2	>5150e3a7-4cd7-370f-e92c-0ae7569bf770	0.9815	M
2	>f8bf2d81-4691-f765-65f6-a94e34ced77b	0.9792	M
2	>a46d5054-d41e-0c5c-a233-e08cb0cfa5d0	0.9831	M
2	>af749ab1-f8c8-6b19-2d48-168d4ab07fa7	0.9825	M
2	>1e00fd0c-91ce-daff-a065-62dcd779fa50	0.9504	M
2	>02f72ae6-65e3-cc57-6a33-553cb913c6d5	0.9714	M
2	>94b34daa-8f7e-1023-f9dc-9dd4be211b77	0.9282	M
2	>76761907-e2b8-83f4-e746-a1eeed16a54d	0.9859	M
2	>298d677e-9e91-db19-17e2-d1981164c559	0.9749	M
2	>958e4753-fb71-95fe-acaa-e7f4d004c487	0.9292	M
2	>3a735874-1758-f009-d1e7-565edef1fbc5	0.9235	M
2	>67955c11-ec79-4e60-7209-ed6ea198642f	0.9600	M
2	>d1453d75-4357-3982-5e34-8158c39efa3c	0.9769	M
2	>21e831ae-2d8b-01d5-090f-5e09c34d4a13	0.9861	M
2	>2d690699-8480-ab94-1536-42202fa932c6	0.9805	M
2	>307792c5-8bc3-2557-1ce3-c6a4a448acc9	0.9500	M
2	>4e86e08b-a3ad-97aa-a147-2cdfc1e3599c	0.9588	M
2	>0bcd9952-85ea-2316-a80f-6107f160210d	0.9914	M
2	>bb9e79fa-6340-9465-fe17-6d446861a32f	0.9239	M
2	>89d0be44-b792-e279-c206-2555aa14fac1	0.9925	M
2	>945a1f24-84b4-ead6-8d80-1ff5f016f8d3	0.9861	M
2	>d705ab21-e3f3-5b7a-465b-ad2543b88a4a	0.9944	M
2	>0ce18234-ba84-bd67-c17e-0dbd1567986b	0.9583	M
2	>1323cc39-f5f8-2379-01e9-2bbee5b6f0b4	0.9531	M
2	>e6754967-96e0-3179-4d0b-49b61dc58c8f	0.9599	M
2	>71c957f4-ae87-28a8-5e7c-2d8d597a91d8	0.9810	M
2	>89cd7373-67ff-b8db-65fb-bb12b4daeb6d	0.9693	M
2	>d0214f04-2de7-3e66-d8a6-d715d610925e	0.9862	M
2	>4244ad94-0e37-d9c2-cca9-d1b194ef2692	0.9707	M
2	>14c61678-b1ab-c9fe-d710-a900dd915139	0.9840	M
2	>98b68cae-bcb6-e2ec-1751-1ec8c1efca67	0.9520	M
2	>ffc6c8d0-889b-4cf5-c0e9-410ce9848b33	0.9046	M
2	>1aecb284-d7f0-1b28-96a3-78b44029725b	0.9836	M
2	>cf58a6e2-fb17-d823-da29-4e3f036df9be	0.9861	M
2	>c67c2de7-7aec-0a46-7963-3f6b7767a5ff	0.9490	M
2	>20276c99-25bb-6a8a-9214-c7b48ed5a9be	0.9417	M
2	>4f38f271-37b4-7a00-3b7a-e1a1b2947199	0.9737	M
2	>f817a4e3-35ae-8cce-df88-f3f102227e2c	0.9747	M
2	>042d8b3e-7167-b074-b9b6-7de54bffb0e7	0.9584	M
2	>3f5f7941-7683-b231-908f-4177f4b3873d	0.9548	M
2	>4ea0089b-5d00-39b5-58d8-042f0781ab08	0.9568	M
2	>c75d3af3-a678-1ded-6cea-dd75f0abf269	0.9841	M
2	>ee2053ef-d03d-1e4f-0dbb-0374f29fe72e	0.9290	M
2	>93b66fcd-e885-9884-ea23-602fb2c20cb5	0.9880	M
2	>3d5dab91-3084-2480-3e4e-ecd1f91f96d4	0.9822	M
2	>94253ee3-23d6-662c-aa5e-f01406fc60b7	0.9268	M
2	>491f228d-07e6-c6ad-ab0a-84ce7cfafad6	0.9806	M
2	>ce5673ef-3c03-13e4-03f8-431cd43a8470	0.9814	M
2	>e26d224d-762b-44f9-a556-7075c576e80e	0.9802	M
2	>c2556634-b67f-2b97-3ebe-b62bf34bb0dc	0.9817	M
2	>a6974a60-0363-b245-d2e5-c01210316cad	0.9221	M
2	>4f127837-91d1-fc20-2edc-d316cc03d34f	0.9547	M
2	>962fa65a-9b82-4e0b-26f2-2b8040dcf8e2	0.9737	M
2	>787b1be6-005f-bfd3-3e83-d15f25830d40	0.9852	M
2	>9b61d714-99a4-ff3a-e603-94fa8670fe0e	0.9788	M
2	>fa0f4245-a44d-243f-7268-3eb03802e09a	0.9715	M
2	>20a53793-649f-6e57-bfe7-51a671f329ec	0.9716	M
2	>046759e0-df58-c576-e14f-5321d155c80c	0.8855	E
2	>6199de27-2d07-ec55-85f6-0bbe5e176728	0.9879	M
2	>e8582a95-845e-1f41-c51d-76a0a8387f3e	0.9663	M
2	>b8097ddf-f43d-4550-f34e-48349f8cffcf	0.9641	M
2	>d4be9e6e-0d04-404d-4f63-e0b0faaaae51	0.9695	M
2	>4db20076-af93-3e0c-de65-484a09878cca	0.9233	M
2	>42a3129e-3381-2be5-b89e-0acb9c6444cd	0.9695	M
2	>5e845f97-3891-2dcd-c8b1-cf7177ad7319	0.9851	M
2	>bc9dc677-78fc-4c2b-7d88-26ab50670e78	0.9850	M
2	>f2edcdf5-ebb8-3532-f37c-347359302a4d	0.9403	M
2	>25c57ec7-8b0d-b9d1-24db-0b13e240427b	0.9773	M
2	>b6adb7ba-78bc-b7df-d783-5744f951db51	0.9717	M
2	>ad46f392-591e-61f7-9105-31d9d95afc47	0.9650	M
2	>57cf44d6-22a3-30d1-6cb2-b5f73bc0ae5e	0.9882	M
2	>d67c72fe-3335-47e5-56af-75191887daba	0.9670	M
2	>5d53d8ba-9742-eea6-d683-b3440dce4a57	0.9971	M
2	>00b5906f-dddf-4039-f8dc-fe121210bb2d	0.9636	M
2	>15428867-6d7b-6d91-448d-e7574c059270	0.9397	M
2	>b84b0a17-4675-e589-24b3-5eac567e187f	0.9486	M
2	>d2b663fb-f119-d756-4bbf-f3b0afff09d1	0.9739	M
2	>3648ee4e-4f13-2fed-d2cc-df70d22aa6f6	0.9780	M
2	>806223ff-02b9-6d8f-25b4-47a5ea16987f	0.9721	M
2	>2a7b1656-3021-d66b-b1bb-867c1edb1ee8	0.9937	M
2	>f068d4f8-5ac8-0a1f-aa9a-75ccfd9e2925	0.9751	M
2	>999e258d-9cb4-a616-d9d1-08cbb9c7d7e7	0.9051	M
2	>29589954-35dc-e7e7-0db9-2edc267b1a15	0.9844	M
2	>750ee7f4-56db-6abb-5478-044751b6177e	0.9747	M
2	>cdec0607-6dfb-6b83-b3c7-5298a58aa043	0.9903	M
2	>2ba6fd00-e7fe-4bb2-6ee5-644ceb624f63	0.9713	M
2	>cf4cd51f-fdcf-d2f0-091b-44250bede5cb	0.9868	M
2	>939dd150-6b83-6274-3a33-bd0c028a8e58	0.9602	M
2	>fa861dba-b81f-fe31-248f-99ea160d5cb4	0.9515	M
2	>853ca7f4-0ee9-7257-dcd8-f038b3766953	0.9829	M
2	>bf7103e9-a340-bc0b-5b16-0a9ae3d8a5a5	0.9629	M
2	>d99fa0ca-764c-6302-35ae-ab7e93102c81	0.9813	M
2	>d55a003a-1e50-67b5-2f60-6d8e31ed761a	0.9756	M
2	>fe54ba88-c001-4846-eef5-431e0a1bd644	0.9620	M
2	>d54def85-a4e9-65df-7eb2-1d30608ba28c	0.9656	M
2	>614cde68-493b-5b69-b538-536b2bcea60c	0.9560	M
2	>a95fdd42-5210-ff53-b765-d0b8fbe4e8bf	0.9742	M
2	>4293911e-1efb-38cd-e46b-c8734ade32d2	0.9692	M
2	>6ca77a0b-e52d-9d99-f157-e6f335e1adfd	0.9863	M
2	>ef62a79c-0145-cb84-061b-c1aac568b679	0.9481	M
2	>737c5273-2e97-caad-bca3-1cf404d13e39	0.9909	M
2	>7d63910d-deb7-f8d0-d538-7a9f39ce3aa2	0.9643	M
2	>4f564b05-c289-c805-70cd-d89acc32b282	0.9554	M
2	>eebd4aca-8169-62bc-ad0d-ff3c5e70cfc1	0.9445	M
2	>f6688231-3268-cc0f-d823-4289e1ad3fba	0.9790	M
2	>b51bc62b-51ec-9fac-68f8-3906c9db4868	0.9725	M
2	>8004de06-01f7-d632-3fab-748e31dd8d01	0.9813	M
2	>a0fec224-e31b-2880-c89d-b7e9498233a6	0.9637	M
2	>d4b0203a-ef42-c81e-fa7b-7af9c714b436	0.9638	M
2	>0e782187-5560-2628-d021-7d0d3752a48d	0.9835	M
2	>145198f1-8a51-3e72-4975-691fc287b94a	0.9665	M
2	>43c5538f-1659-ee62-458f-f46775609412	0.9076	M
2	>10131470-95fb-3a17-0461-a63f8fc92482	0.9790	M
2	>54efa218-dbc8-ec8f-4e19-8786116e8237	0.9763	M
2	>e1a717b0-2e81-c56e-a1ba-ec61a0e06ee1	0.9669	M
2	>703956ff-0192-ba35-077d-9e3e5ec0697a	0.9777	M
2	>ee3ee362-aadd-f987-4baa-db73afcf55f3	0.9543	M
2	>4643a2bb-7b0b-e614-1568-5ad92bb5a03a	0.9659	M
2	>557ee26e-f833-54b1-5b00-06dddfaa259a	0.9701	M
2	>8d4964ce-d31e-c398-9061-bf8ac0f92d8b	0.9866	M
2	>81e1b91a-82ab-bf54-97a0-223364484b62	0.9355	M
2	>8c7c4113-004a-b3fb-ebfe-ffe454c4d2ec	0.9378	M
2	>672dc75b-a1ae-06d3-5bfd-353b07d5384f	0.9881	M
2	>400dfb33-bcc9-46c2-5fda-9398ef8a5722	0.9921	M
2	>81479bd4-40d0-a4fb-a3f9-e16cb9496af8	0.9699	M
2	>b1157d35-b75e-a85b-861c-728a9160f69d	0.9834	M
2	>52a9b635-62b1-a03d-558d-ddb755f5ecd9	0.9474	M
2	>f1432be9-e9d7-fd54-72b6-10b1d11d53d3	0.9351	M
2	>ed81071e-a690-a3a5-df0d-e9ccced157c0	0.9735	M
2	>28a0b90f-9a64-1735-46aa-2edd8ae17110	0.9738	M
2	>3b268794-dda7-f703-7779-f7066b41037b	0.9796	M
2	>534e619c-c13b-c1ec-98c6-7cfc50b376f4	0.9767	M
2	>a0545152-819c-e0f8-2303-2ca4c2a3dbf4	0.9562	M
2	>5d32688e-0a25-116a-9d5b-7a5dc9cd2ffc	0.9880	M
2	>1c68ee24-5acb-0766-0776-bd1f30fd636e	0.9711	M
2	>42d82ef5-7fd4-af33-6446-43e99b226d6b	0.9803	M
2	>5f160100-c4c9-1643-255e-d840e6c5cd28	0.9621	M
2	>0b927572-3007-436c-cc2e-97027fda2e0a	0.9691	M
2	>374114ec-66b1-8286-8cbe-cf7c14135c90	0.9889	M
2	>f13ad8d8-d3c2-60a8-bac2-78a9378b9ed5	0.9574	M
2	>38ff0c55-e6e6-9509-2058-3a990f757c0a	0.9445	M
2	>4f054b8b-b209-74ed-0a14-4f6e41f9289a	0.9672	M
2	>f328f66c-50f4-ee4c-33d3-5b502ddd0614	0.9569	M
2	>6ffe5ea1-e031-c013-e355-ec2f65b13509	0.9681	M
2	>3fa0d8de-9ca6-ee66-5a85-506189bb0200	0.9640	M
2	>2222b069-267b-667c-6ac1-52ed2abc6363	0.9714	M
2	>14f360b4-4f99-fd43-a08d-e138da695149	0.9896	M
2	>e6dbfeb3-ab55-4c92-e304-7c7b66e08d17	0.9839	M
2	>d1957897-5e33-a2f5-30ab-d61a75815c23	0.8894	E
2	>c022ceb1-3c4d-dffa-8629-487645ec9682	0.9632	M
2	>32a78bf1-9078-6f7c-fb70-3622c069dabb	0.9824	M
2	>ec420165-c229-e0be-b55e-b2a8da704281	0.9593	M
2	>7e1cd94c-3989-527b-f1aa-cc2f89ba90f3	0.9806	M
2	>c28ce523-4f13-2b1e-3927-0e4cee631d87	0.9120	M
2	>98f58f79-34d5-3240-27ba-79a2af59aa04	0.9472	M
2	>9aa65af7-7ca3-36ba-7abb-6a8623b0f571	0.9791	M
2	>4a3dc477-ddf1-8aa0-d740-b608f77cb216	0.9848	M
2	>8121f94f-5424-00a3-5440-9f50010f5e4d	0.9147	M
2	>b3432bc6-3ac1-97a7-c269-204d795212e1	0.9895	M
2	>e393344b-4884-a6eb-eece-906e6eee439d	0.9629	M
2	>c1e189af-23c7-9d36-ac1f-15fbc7f9f4de	0.9644	M
2	>8e5782f8-22b8-b12f-b6b0-d961e47b2460	0.9244	M
2	>8b37d132-3830-8698-6b8d-37b957495ad8	0.9428	M
2	>82b1a699-b019-d5f5-829e-89c8225454e1	0.9536	M
2	>814fc8c5-e9b6-15d4-db72-3f030df6bcf0	0.9697	M
2	>e0303e98-2d28-f02d-57e4-3d544a588e7a	0.9373	M
2	>d6a01513-ce7f-90af-cb4f-4d476acd9f09	0.9788	M
2	>335507e0-3cfe-5b73-147b-cda3032f8a9b	0.9399	M
2	>38a755ea-db26-44c9-46f3-809940ec1279	0.9693	M
2	>e28b559c-f867-1bab-59f3-b4456569e26e	0.9497	M
2	>3edd4168-c23f-0458-4212-bdc61ca33199	0.9413	M
2	>4447c65f-9949-5ada-c457-23a809215bcd	0.9744	M
2	>b2208399-cc3f-458e-667d-ce38c15dfb12	0.9633	M
2	>a45877da-dda2-c638-58e8-3be86c6941cf	0.9544	M
2	>1869506d-2ba8-6d7d-1ee3-5ae9fce2dc12	0.9675	M
2	>f482ddfd-2678-5f7b-a700-0ca603c3c7ab	0.9773	M
2	>a4b61caa-91aa-1d65-127f-92021096d7e1	0.9747	M
2	>1ab11f59-1724-8144-998a-67bd8a254585	0.9620	M
2	>17e56669-b324-9dcd-c178-9dac92411e95	0.9724	M
2	>6901668d-d7dc-1d80-2c20-fe483273430d	0.9568	M
2	>5865dae9-8bd4-46bc-41ea-8d41cb284a44	0.9313	M
2	>7d428a99-65d8-354d-e2d5-67cc32468667	0.9839	M
2	>b2906700-1028-68c1-0968-5cdd926c3ed3	0.9858	M
2	>2d7b6789-ff7e-8458-3fa2-4487b982ce22	0.9585	M
2	>9f44515c-59c5-1db2-ddbc-1e91572662e1	0.9365	M
2	>3f72b3c3-f2b9-ceda-8a42-0c7df3d45a72	0.9876	M
2	>e99ab0a6-6a85-661d-4248-8cdaaa320526	0.9727	M
2	>6568c798-e4c6-c606-cc0b-b24401eacd89	0.9461	M
2	>1da4a6a6-8d38-2aad-2405-bd4badf9f8bd	0.9771	M
2	>5575181a-2976-49ee-7e20-6e6809f71dc3	0.9676	M
2	>a6ee344d-bed6-88b3-b5b6-6db74564b01c	0.9472	M
2	>6de02aee-f24a-528c-6ad1-4dffd4497a14	0.9584	M
2	>d12e3512-e863-bd52-24d0-7d1e4c5876d2	0.9770	M
2	>919c981c-1526-07af-776c-0c063258904d	0.9692	M
2	>4b155a90-b773-84dd-4c1d-a64f9f704196	0.9901	M
2	>57931c2d-8fa2-bad2-7992-58cc07aefcd3	0.9622	M
2	>b6d68bf7-3746-2c61-c65b-5dfde21bbe79	0.9113	M
2	>b29a00e5-fde2-0ce8-e1b7-0c0a70014b89	0.9689	M
2	>cd938666-c879-2144-a6ac-f665a23304cf	0.9531	M
2	>833ec434-8714-a0a6-65bb-d6cbfe88eb05	0.9634	M
2	>38a8a42d-f9d0-074c-5d47-90132eef54f0	0.9258	M
2	>db446fdd-9bd9-fdd6-bf31-6f71ead20504	0.9602	M
2	>495cdcf5-e64f-2c17-2cde-481bcd6df192	0.8870	E
2	>24e866d5-3b99-cf04-1c78-9824431233ed	0.9875	M
2	>21aa2453-0311-9176-53df-f48095a3c481	0.9523	M
2	>932fed2d-76d0-7be6-86a0-5701400e7382	0.9648	M
2	>049a2696-9980-cb90-bcfb-aea0bf7369ef	0.9787	M
2	>a51d5c8e-8f74-6799-e03b-519fbb250926	0.9517	M
2	>940444bd-d72a-9690-386e-a981d6ceb754	0.9900	M
2	>e3b057ba-9ac0-bf05-ab17-1e0d72aeb1c2	0.9435	M
2	>7da66f75-b496-24a3-78fa-8e3288c1f5ac	0.9425	M
2	>11790fe0-47df-9e7b-ce57-bd8b20bdea66	0.9869	M
2	>e02479ce-f899-0855-0e53-4311906bb7c7	0.9828	M
2	>a193837f-0bf9-aff9-fbf8-b9a7e5e6aae3	0.9841	M
2	>343f41be-46a4-d8c0-b3c7-978b426ff213	0.9755	M
2	>e488af60-0a4a-5c31-d3ee-9f5cebf90a70	0.9736	M
2	>7836a145-2e1c-a6ef-ee4a-4db52818f00d	0.9819	M
2	>edb5969f-12bd-d4dc-6411-4c7b37f72e62	0.9829	M
2	>02525d9e-1f36-7fb9-715c-008cced7f469	0.9811	M
2	>c16e7e51-5af2-1cdd-0124-d57db1d17db6	0.9889	M
2	>12f164de-f467-6b2d-d6b3-30ae407e4cd6	0.9549	M
2	>21da7486-45da-8f85-39b4-33c4a68ca635	0.9598	M
2	>85f254b9-7508-457f-8733-b4e22441afa7	0.9771	M
2	>2c3ae979-0f17-65fa-4ddb-f2a06ad70255	0.9586	M
2	>f9eb8644-17df-8661-cecd-9313c5dfa059	0.9700	M
2	>47cbaf57-27d5-bb13-9e2d-8092bc76b5ab	0.9447	M
2	>4e13a4e5-06dc-4fe8-024f-d14ea6796eb7	0.9601	M
2	>e475a6d5-0f89-b5b6-d514-f4508a3d770b	0.9496	M
2	>d6e1e7f6-b2d3-3aee-d28c-5c9a76814fc7	0.9564	M
2	>99068a2d-d53d-8b4c-4ddf-2d62f61b8769	0.9618	M
2	>c71fdeee-cdab-8813-2875-ff05a0056935	0.9680	M
2	>59b788d1-09c7-5b6d-2a78-7626cc4105ab	0.9521	M
2	>524f0ec8-9dc1-5d52-bd5b-ce7eb17ac130	0.9832	M
2	>02e367c5-402b-256a-72a2-4c8028e41529	0.9612	M
2	>099bc5af-0b2b-c9df-bf20-4cf13f4ba6f2	0.9701	M
2	>2af62313-c263-bc15-14a8-af32249b638f	0.9797	M
2	>d110ae84-88c2-26dc-7908-e582e83393dd	0.9600	M
2	>a54eae9f-807a-80cd-9a94-b24844886543	0.9266	M
2	>a568cdc7-30fd-60ae-7d0b-d1aea82632c3	0.9840	M
2	>22c890fe-b887-0626-aec9-20b507804b1a	0.9495	M
2	>f855e599-3c9e-c705-cecb-1c1d9d7b6e5b	0.9590	M
2	>309bd4f5-2520-2155-ea96-d2b25be6f5aa	0.9643	M
2	>aa3a0ad2-a41c-e32c-e4c9-27cfa9e615ae	0.9843	M
2	>97c3f7af-937e-b1dd-e3fe-a5ca1e41cef6	0.9432	M
2	>d2042871-59db-a37b-74ed-d679b57d3049	0.9463	M
2	>89d2ea0e-bf34-5f98-4219-157d750d94ef	0.9558	M
2	>158d7985-69ac-82bd-a6e2-b8dd0cbad8c0	0.9753	M
2	>583f6cd5-d115-8539-82a6-6e3440d76b6b	0.9594	M
2	>714ab5c1-7ad0-a190-dda1-57c37eb5e0cf	0.9675	M
2	>af69e6f1-0509-892d-8083-0e7969b73863	0.9220	M
2	>2ac83574-9fb2-5742-8407-91aa74c1d1ad	0.9692	M
2	>2282ceb0-7099-13b2-3056-1d89b4bb9ab0	0.9784	M
2	>2a03b9a2-55e9-8582-df33-6a6a109c915c	0.9864	M
2	>cb21bdf7-c767-78e7-c575-7007d442e703	0.9642	M
2	>fc1a226b-3ed6-b077-53ca-5bdb08d3a263	0.9836	M
2	>410eb795-fe39-d73c-44bf-fc755f1efe66	0.9748	M
2	>b260a995-3446-d981-6a72-652909808f2f	0.9697	M
2	>ce72d0b1-5e75-75fe-06d7-85ef8f90d608	0.9825	M
2	>0f45623b-74f2-e3cd-975b-5533b0bef6b9	0.9840	M
2	>b14d4dc6-4187-10ac-db4d-225ba3dfc0fd	0.9046	M
2	>acd1be57-d641-451e-4f28-5e2281d87cb6	0.9871	M
2	>efb1d5a3-b9f0-4b73-3a74-854f3f4caaf5	0.9284	M
2	>d6bcb0a9-9afc-89a8-c773-3534e140dc4d	0.9764	M
2	>35af6773-f54a-3bda-c5c6-da79f5b8eeb5	0.9801	M
2	>d4572bfb-0a3a-862f-c753-3dc8f55fa16f	0.9749	M
2	>ffc6cb96-faeb-6d2b-ec3d-347b014303e1	0.9419	M
2	>4b241dbe-ed36-de60-a0ad-2742e2a18ae1	0.8933	E
2	>8130f547-06c6-05a4-157e-4209d56dc17d	0.9628	M
2	>3b268b1f-8761-7a67-92b6-962bc276086b	0.9356	M
2	>de2ab9b2-6f86-77ef-b5b5-69ab0a15174a	0.9401	M
2	>a9b3dcac-0159-6682-2dfc-8ea0a9d0b57f	0.9749	M
2	>992aa269-6f91-ea2f-7d5d-c05fdefef84f	0.9748	M
2	>cb4c31d3-fcd1-03eb-63e7-b7a7e1b80b9b	0.9744	M
2	>8427f5ad-381e-439e-908c-59c6be4bdcab	0.9877	M
2	>b7a49841-9969-b608-e571-49fcac8baf24	0.9459	M
2	>ab43cce6-43a8-9f8d-0149-0240a9f5cffc	0.9670	M
2	>52917458-ca75-fc74-8296-46b64bac995b	0.9658	M
2	>c995a34d-ee59-0f48-9ed0-108c27ac317f	0.9764	M
2	>31adf8ee-3019-cdd1-75f5-3017693f19e5	0.9529	M
2	>e10e04d4-8a84-0408-6303-f9c4d24630db	0.9682	M
2	>c75db13a-bf3c-5276-6288-c7cd6cc20f17	0.9814	M
2	>5e388cb0-6584-3d91-a5bf-59cc6312f31c	0.9672	M
2	>30f9562a-ce1d-939f-ebba-491aeb9fa7bb	0.9888	M
2	>59659aff-f9f4-0781-d18f-9e47ef5fd767	0.9646	M
2	>3f2b153e-355f-dd47-2f45-76945abc4696	0.9650	M
2	>e1020fd8-9197-2314-86ce-81f3096d74b1	0.9827	M
2	>b95df82d-f3de-c013-3a55-8575a0c0d9e7	0.9762	M
2	>f2fa4711-3965-3cd4-7bf7-ca53183d0b79	0.9720	M
2	>e7b6e1d8-2a7c-ada4-a2e1-111c0a7581fd	0.9542	M
2	>e9c54953-7e8d-1365-224f-3e63f1f303e3	0.9638	M
2	>2956e0dd-8b81-ddf1-8b2d-e01d64c6554f	0.9728	M
2	>df49b070-7e54-9f63-7a4e-9d67768cfd79	0.9825	M
2	>21de7b6b-2613-f490-e08b-03a1c5a4010f	0.9016	M
2	>3a2c860b-b3a8-0cb4-d9db-a7c500de199b	0.9839	M
2	>1944ab35-a864-da53-347d-60d966b7f484	0.9696	M
2	>e8de4990-f3b9-d376-a7e3-113c8ba42e65	0.9795	M
2	>a9fd37cf-f5c5-b0dc-a1e9-9c6977a49574	0.9820	M
2	>bae1674d-5c67-5a2f-0acf-6ff8b24442f4	0.9664	M
2	>4f2f5e4f-4d0d-3809-a231-ce2f4e959f72	0.9935	M
2	>19824535-933a-7565-ee95-a64e142f40df	0.9561	M
2	>99d1aef5-1d60-9862-c238-6adf5964de36	0.9678	M
2	>932d3dfa-8e45-0d13-0bd2-56f04eb673ba	0.9694	M
2	>fb6843d4-3179-2cc8-3f58-605eb6938a9e	0.9664	M
2	>74963178-d434-7890-4d48-1674a19e7d10	0.9569	M
2	>3f6a6cb4-6ba1-18f2-0c5f-f1519c59d34c	0.9795	M
2	>22b98295-5773-3aff-a2eb-19e4825908bf	0.9750	M
2	>b7ab9bf4-c60b-4b02-69bd-43bd9601c7a5	0.9651	M
2	>6b1288e3-43db-94e0-f2b6-11d0bbdf9bab	0.9803	M
2	>4de4d4e8-d7a1-d548-b41b-1a3ae9bc3808	0.9711	M
2	>04741567-28a8-65f2-c8b8-e7817cf97ea7	0.9830	M
2	>8c18610a-33ab-9fe0-9e22-c57ae2ad35e6	0.9621	M
2	>38885d61-eeac-44ae-5472-b22684d3b0a1	0.9515	M
2	>17350aa1-14cf-af40-97d0-aa26322631eb	0.9682	M
2	>e3cbaa2d-0018-9ea9-9982-be12b93ccaae	0.9847	M
2	>b5ab5600-c791-a0b9-d660-dcc23a1ed011	0.9631	M
2	>ae1e0136-d9a5-acc0-b907-3235af1285f1	0.9632	M
2	>8fd60643-d727-44e2-c932-345ff030e14a	0.9859	M
2	>ca01ff1b-25ed-6790-4181-f6711f167c38	0.9707	M
2	>ace1bfbc-4c5a-1fc3-7cbc-d87c5195a2d7	0.9474	M
2	>19f03018-bb67-055d-22f1-b10a64118415	0.9762	M
2	>80ef2f9a-6097-38f4-d11d-ee15f939388e	0.9374	M
2	>a69a25e8-ca72-1546-04cf-6bf9c52b16f7	0.9681	M
2	>9b8fb8a7-7f5d-7268-a25c-8aba9a7e5efb	0.8963	E
2	>0c2189b0-6689-3891-fce6-59dabc645dde	0.9644	M
2	>2e48cb7a-049d-ba67-7135-a7ae8057dad1	0.9550	M
2	>73f490de-4410-d049-fa36-371bdfd0e7e3	0.9563	M
2	>2fe22a8f-efde-f7ea-9081-a13127959ea4	0.9592	M
2	>093e569d-b9d1-8c42-54e3-b205f602bc66	0.9708	M
2	>6a4b1cf2-facf-6c2c-d322-fd4acd50aeb5	0.9587	M
2	>ea9e109d-ba9a-9919-70b0-cb07ea30f05b	0.9677	M
2	>c7500fc3-10d3-ddad-2399-c571c353d468	0.9645	M
2	>d28307c7-0ad4-8c2c-9605-96245a72df37	0.9798	M
2	>abc1a64c-f8f1-d238-3211-f4892ade6151	0.9755	M
2	>27b6b24b-b24a-51b9-e150-5ac42e8b51ce	0.9562	M
2	>8601498b-7623-5c08-eda7-14b4628d8592	0.9570	M
2	>0c068096-76bd-9ffe-7193-61d7c995c4d2	0.9833	M
2	>216d7d6b-7bb8-afa5-d746-e74da2bf0288	0.9974	C
2	>188ab2e7-865b-ff27-682c-fd6a1c33cff2	0.9900	M
2	>37f38bd6-e964-79e3-13ec-0219ac839aaa	0.9506	M
2	>6cbdd600-dc3f-3c04-15f6-bbbb7a273a23	0.9700	M
2	>c1052545-8d6b-fa2c-e89f-6ffbd0a610e6	0.9591	M
2	>5e30182a-bada-9cb5-03c7-3e0559edfe4d	0.9767	M
2	>613c6cff-de4c-93b2-07e8-9da0aefc3ca9	0.9632	M
2	>62f7fec9-a9f3-7373-1556-8573a7db7ba9	0.9726	M
2	>5d7c2cbd-79ba-928f-c81f-989a119ff766	0.9682	M
2	>84629271-0afa-c72f-d4a0-06353cadf2c2	0.9358	M
2	>f7a64097-14d3-ae7b-4d09-32629ec060c4	0.9863	M
2	>ba78fddf-75c9-d461-61bc-a1b0b1c7b90c	0.9839	M
2	>85bab0cc-fe82-a3f5-fc5e-6de7ad6f8d30	0.9765	M
2	>6b463b99-64ee-ec90-3894-fcbc133e45b8	0.9366	M
2	>a9ecae7b-920f-6361-b5e2-001e3fc19547	0.9792	M
2	>df1988d2-04c8-cc02-449e-cd296c32babd	0.9785	M
2	>8f726530-36d2-bf60-d531-8377969be2a9	0.9411	M
2	>bce4cb6c-847a-bdf2-e613-c9b49fc7ac51	0.9475	M
2	>abd525ae-e2b1-7cc8-15ea-0c00a7d44ce8	0.9457	M
2	>c6747597-8137-f908-1906-3d233eb72f32	0.9842	M
2	>da21b883-f043-f952-c5f0-0a45ef24e2d6	0.9737	M
2	>ffa9a519-280b-2efa-3c1e-83c6948930d5	0.9824	M
2	>e777a0c8-d6c8-78fd-3263-c2ecdc8ae475	0.9493	M
2	>2d055bf5-4956-cb9b-9e6f-dfbd6c9f93c7	0.9260	M
2	>c51e291a-a8e5-6f8e-8f51-19203e37a9b9	0.9759	M
2	>baf3039e-682e-de52-f220-4e7da695358f	0.9407	M
2	>3b8aaccd-16cf-169f-d4cf-0c1379c12fc1	0.9819	M
2	>d7b1eaf0-a482-8ed3-72ca-48765c7e3c53	0.9683	M
2	>d1c9ded2-2741-1d7b-dd81-104565103010	0.9812	M
2	>6a0123cb-58d1-afc0-b0c1-835f9ac855ff	0.9662	M
2	>778eb56c-ea27-ca0e-2ea1-473c0afb8b8a	0.9704	M
2	>606eb1d4-eb43-6c0d-ed27-e2c483c4760f	0.9539	M
2	>d7805c50-7136-2ecb-8d26-e27ac4f96032	0.9802	M
2	>1f2063ff-d814-1cae-2780-163ec3f6098b	0.9722	M
2	>5e720246-53fe-5ff3-b220-0704a3220d33	0.9703	M
2	>229fbadb-47c0-b9d9-8ee7-81c7e8769c5b	0.9913	M
2	>a0b1488b-60f4-e612-0b54-3ec83dd9e83c	0.8888	E
2	>3ed5d845-f71c-c40f-4895-3c3ac0dcf874	0.9416	M
2	>81d98c27-2fbb-6265-a9cc-19e2c8c313ec	0.9503	M
2	>b5824f75-137a-4039-5374-688cfbccd44b	0.9487	M
2	>042f08d8-8c0f-63dd-b0d8-a7888522c7a8	0.9822	M
2	>5bfd0424-6d1e-9bb4-b26f-169d1117f23d	0.9824	M
2	>8e26a9dd-3112-d31c-942d-17fd49ac1252	0.9827	M
2	>83624931-32c2-e1eb-6198-053dc8652746	0.9342	M
2	>87a0ed38-19a2-59a3-f664-e02424712fce	0.9698	M
2	>5dbde84f-796e-ba9c-88c8-ded91e890ebe	0.9781	M
2	>a94a2dc1-668d-2a62-6904-307684998ed6	0.9731	M
2	>e6b925e4-15db-fe15-dff1-3df84a733654	0.9662	M
2	>f272425a-4b82-bd4a-e30f-9d577b3dcfc5	0.9394	M
2	>a06531f7-6046-71f5-d499-8067420d945b	0.9523	M
2	>9c4213aa-6275-cc4b-1aa4-4b6483bfc5ea	0.9765	M
2	>6d6ecd23-2e64-6eee-8c9f-5a8a2c75b3a8	0.9658	M
2	>b8f0ed33-15e4-72cc-11a0-b20dc36a307a	0.9853	M
2	>2f390ada-d184-8c23-f2c9-34b4e830a79e	0.9772	M
2	>710640cb-91d7-609d-6f91-54b1f636b88b	0.9741	M
2	>6f9eb16b-b4ca-0124-85c6-25e7c81d5a89	0.9847	M
2	>38ad6038-2a1c-bfcf-2fc9-b6585ff72d0c	0.9707	M
2	>3507c587-7cac-e73c-9346-df05bfaf7f4e	0.9742	M
2	>da01340e-93d6-e7f7-d1d6-ff6ddc920942	0.9527	M
2	>d12a6d0c-4219-c861-f1f1-7e388e84ec46	0.9098	M
2	>68306e62-56ec-c69f-a341-b65f9a17d4e7	0.9791	M
2	>9713c1c6-d183-c71e-b451-e74c294ceb2b	0.9902	M
2	>b22d781a-9048-618d-f907-c4b19a8fed4f	0.9660	M
2	>b660e99c-24de-5928-b89b-60b0d4056034	0.9679	M
2	>8c362183-5fdf-787c-9d96-dc39b3ff695a	0.9687	M
2	>c197fa21-675a-6624-0737-fd32b344f112	0.9522	M
2	>5a49bd16-cf39-9350-0296-61cc38a0c830	0.9735	M
2	>a241a81c-5e49-f285-1829-aed117e9cf8e	0.9840	M
2	>f034d213-921a-1352-afef-b25fafaa861c	0.9573	M
2	>6e75f43f-1906-20d9-6e36-c9679be7817b	0.9743	M
2	>82b77dea-b1e6-eccd-a924-99a5e2b958f8	0.9792	M
2	>629b3f3c-1c5d-fd9a-8515-cff1fd723ab8	0.9828	M
2	>9a9f52e1-c644-867e-2060-801de058fed2	0.9583	M
2	>f2a9fab7-61e7-9405-bd76-64ea6f8765af	0.9120	M
2	>7bef49fa-25dc-d5ce-a475-a6af3f93f444	0.9670	M
2	>4639333a-96b3-38e4-54d8-945d300651a8	0.9868	M
2	>3cf87a09-9d84-5b12-7ab4-546502b9ace6	0.9687	M
2	>2ee750b9-bce6-53ad-a1db-03753079133d	0.9772	M
2	>50f59f7d-fe82-8df7-1c92-59b15da5d8fb	0.9832	M
2	>94447cc9-9f9e-580f-89af-d8d70f6c947c	0.9660	M
2	>54b0ab9f-7ae8-d9f0-3ff1-f69ccece9627	0.9675	M
2	>6cded0b0-c73c-a774-2326-8fb90bebfe28	0.9529	M
2	>f470c7c8-2924-ffe9-025d-8e112d6b893d	0.9885	M
2	>76d9159c-a807-9920-7a67-8b604ebddfa1	0.9514	M
2	>1869c2a1-54fa-71d5-ea69-c94f0b033a4e	0.9804	M
2	>a923edab-985f-3bc2-9838-0cb14949b5db	0.9232	M
2	>406cb06b-f2dc-736a-d5f9-62e7860e6113	0.9642	M
2	>b3152fed-29d4-ac96-09e3-3af111cff57c	0.9914	M
2	>cc8de6f9-e33e-b83b-1b61-2ce135b812e4	0.9656	M
2	>63250191-912d-c388-0df1-2223ea09e507	0.9673	M
2	>302e925e-8dff-aa9b-1233-8fce191ebb4e	0.9714	M
2	>f486750b-0d18-637c-a80f-6b394b0b6f4b	0.9802	M
2	>8422437e-7efb-23d1-dfeb-fcc1e6838942	0.9525	M
2	>0e63df4f-7d47-25de-eae4-2b774a4a3004	0.9708	M
2	>2c4b0c8d-8c09-2e6a-4347-7947a7d3cb4b	0.9644	M
2	>be28955b-e779-4c9e-1ede-ae7cdc93e717	0.9757	M
2	>d0587a7c-fff0-2691-5585-aa16c25ad551	0.9768	M
2	>667a5e66-1569-2727-94a4-4c72e81cc9fe	0.9595	M
2	>ab9bcfb6-e6ac-9f7d-0e31-981e3a407ec7	0.9436	M
2	>4d6e992d-d721-419d-2ccf-5fa202ae1238	0.9761	M
2	>77bb0b42-f831-7a04-3b61-cefe1f7a3704	0.9660	M
2	>8862116a-f819-2239-b749-9685e23a8b18	0.9828	M
2	>e4a0099c-1e46-db5d-443b-ff0720b191cb	0.9798	M
2	>9747c652-f8b7-3ecd-21f2-f01a3e2cdf46	0.9703	M
2	>d498a940-c286-8527-a083-30dd665a0041	0.9637	M
2	>5e831502-7fd0-fb62-81be-1b7579001aca	0.9816	M
2	>98edbd56-22e4-6c05-138f-ef2ed5defa79	0.9530	M
2	>1f5cda15-0fb4-6ef6-d8e3-98c7d0a88014	0.9219	M
2	>218d73e6-ca81-86c1-981a-951194b873f8	0.9798	M
2	>b89f7d24-ff5f-27d7-08a3-47c53520b6d9	0.9614	M
2	>7608fa9c-a399-225b-fd7b-b3c67f6c862e	0.9645	M
2	>6f952d56-fb6b-82b8-b062-0e7d855a1e05	0.9669	M
2	>6126d39c-e7d1-af8b-b5f1-eba68b0cd945	0.9784	M
2	>837366de-1cb5-8dcb-c3b1-7b50e8139b35	0.9758	M
2	>c5c82c89-5377-2360-d469-55a764c0a177	0.9687	M
2	>13c77ab9-0b1b-59c7-580e-2fd58b654529	0.9664	M
2	>59d59cae-7b79-ce71-70d5-6fa9f8aaa91e	0.9239	M
2	>9a7da8af-88dc-0e34-4340-893804152b10	0.9909	M
2	>1127f7af-5770-2aab-420d-10e4da8472d6	0.9719	M
2	>7e17472e-23b1-ef9f-a203-b4bac73d97c4	0.9742	M
2	>5f4a4797-48a4-725f-c9fe-f9411121d666	0.9488	M
2	>de6c2291-9a09-d316-7b9b-44d4e3275bd7	0.9333	M
2	>8f4aab8f-4a47-32a9-41c7-abd7983fe9bb	0.9759	M
2	>03cb213f-4e19-547c-27f7-b0c2dc8f4442	0.9856	M
2	>25b350ea-f68e-e5e4-e6da-9ea4503e7aa6	0.9811	M
2	>e86a09bf-f742-1659-fcaf-d5d312f12cd9	0.9758	M
2	>6b86397c-366f-c624-f259-ab843aac4775	0.9406	M
2	>3856a77c-173d-8c7b-a5b4-cedef706c083	0.9286	M
2	>522b2680-e952-c4a5-4f05-611e8d815c43	0.9645	M
2	>189a9763-d105-931d-ae6f-660ee0626f34	0.9809	M
2	>d0921de7-a3f6-b266-555e-093b8e681d34	0.9651	M
2	>caef38ee-87ec-2321-2118-7bac2416e0f4	0.9758	M
2	>5a1f8579-c03f-7526-e80c-dad20aad014a	0.9598	M
2	>64d4a261-d1e9-089b-30c6-9635e4a40921	0.9611	M
2	>7d613692-4f84-95e4-5b14-79ab7477cda1	0.9839	M
2	>2db947f2-a37b-05fa-a761-bb06b0adbf93	0.9913	M
2	>b6c1fa7a-1a6a-cfd3-28c0-b1f61838e236	0.9810	M
2	>1be982a7-28f8-69c3-bca1-fd71f2d00e59	0.9870	M
2	>14ea28e7-429f-e2bb-007f-99c64009e9d5	0.9882	M
2	>11e14cac-6c27-2aff-c83e-b01df0520a68	0.9756	M
2	>a949cb97-3522-eda9-9539-4cfcec789665	0.9581	M
2	>54a890cd-cb0f-cec6-b0b8-3930dbfbf086	0.9487	M
2	>c9abc920-732a-7df0-8840-218298c3ce6c	0.9717	M
2	>f3217bd2-3397-210e-a6f5-e2a31cbc38f0	0.9564	M
2	>593fc604-2432-533a-8530-b7df020d4d82	0.9489	M
2	>d9c5d46a-b0b8-5da8-55d8-048da1d82437	0.9796	M
2	>74460fdd-f0f1-601c-f64e-9a4549144951	0.9704	M
2	>870dd06a-5adb-fc9a-a057-4e7fc18e7059	0.9473	M
2	>195e7bb3-ac42-23fc-dcd3-817a45e9b1e0	0.9932	M
2	>ce964058-ce4f-ea62-6d85-0310e14b711a	0.9921	M
2	>6312f2b1-d2de-911e-590c-8cfc8c24e664	0.9759	M
2	>d807853b-609d-f80a-cea3-64ed76befc7b	0.9733	M
2	>ffdb52ac-60a5-d822-f83a-825ff05be36d	0.9621	M
2	>edec3065-eb05-0be1-1185-32f77f1243c4	0.9161	M
2	>4a5ca704-2378-7916-ce38-01a8eed40917	0.9689	M
2	>f93f52bd-e2cb-07e8-5b4b-bc1e906c2942	0.9737	M
2	>6e0ca6d9-59e5-6812-258e-7054de56324f	0.9723	M
2	>bbbd6212-c51a-216a-9ea7-f095ca846a5c	0.9637	M
2	>8653a989-51af-6ed6-6e47-d16aa01ef1f3	0.9553	M
2	>27986bf1-ea08-5903-935e-c2b0d220b19f	0.9188	M
2	>689c5697-5e20-8ad7-0dcb-1dbacdc1ba1b	0.9743	M
2	>3a55b897-e788-06b9-0fd7-9504671990c4	0.9616	M
2	>2e824a9e-2c4a-f48b-bbfd-f16dd6fa5192	0.9267	M
2	>59530bd9-4805-8e63-9528-b3ccb616c9a6	0.9790	M
2	>bd6bd221-8ca9-8274-ce3e-f9282182ec28	0.9811	M
2	>2539593a-ee34-80bb-fd9c-e8380e6708b8	0.9613	M
2	>6b3ebd6d-918e-2e0f-44a4-d9606c9b5718	0.9684	M
2	>ecb11fe6-bc5b-0335-c333-6047472d9d59	0.9885	M
2	>291ca4c3-54bd-1faf-0565-4a16cdf2d57d	0.9494	M
2	>11179ca7-75fd-444f-2fe6-4d5880254863	0.9595	M
2	>bf8ae4b8-b011-81bc-fed1-40ccbb744f5d	0.9853	M
2	>ba860c65-1939-6785-ce20-2db8c6043c04	0.9570	M
2	>8d6df3b1-fd3f-32f5-7cf0-072e164a5df8	0.9802	M
2	>b3707fc3-6b8a-3908-2f36-598ab98950e3	0.9437	M
2	>127d306f-4ceb-2333-55e9-0625e5871c90	0.9787	M
2	>25349753-9465-6171-f032-6620bdbd70d9	0.9403	M
2	>507013e8-b5d2-f895-e569-af5907252c69	0.9561	M
2	>2a8db752-f0eb-0fb6-a0d9-22c7c39908e2	0.8882	E
2	>9854c9e5-4d3e-475a-7bd1-f252b250c50a	0.9889	M
2	>1176bede-db5e-e0f9-5770-549a878936db	0.9896	M
2	>7a61c383-aba9-2a0b-b1fa-b6aa5f5b066a	0.9687	M
2	>e4d90a31-0848-7a92-0e34-951601b9acc7	0.9861	M
2	>6f2042a7-2128-447c-7cb0-cc9c6968e510	0.9788	M
2	>5da162b8-63df-2ddd-9479-295363c2a70a	0.9728	M
2	>f59f374e-9e59-b13a-e3a7-388f0194df4a	0.9672	M
2	>d2135ed4-de4c-8306-c3d5-30a42968ad09	0.9693	M
2	>84dd1890-a1c6-aef2-0d7a-fa67d154fd5a	0.9276	M
2	>5593429f-e5e2-309a-b041-6e8220e5a2d3	0.9739	M
2	>311b2cd2-74ff-53bb-fb25-8229ff6843ad	0.9744	M
2	>91393994-6dff-17a1-c6eb-617e3d13da98	0.9130	M
2	>1ee2e0ba-56b5-085a-7e19-f111a309f421	0.9742	M
2	>e1dd0ca3-7b2b-e33d-fb99-02fbd022c56a	0.9783	M
2	>059bca21-700a-7884-45fd-0b0e45a5d0ec	0.9744	M
2	>507eac2b-0905-ef1c-88d1-b8250ce10304	0.9125	M
2	>2baf3972-0a3f-ae69-1516-2fa3ac4dc17e	0.9875	M
2	>292e5682-e5c3-a2dd-52d9-ca02b52c9829	0.9854	M
2	>4f58ae36-c1f9-8473-2017-720725505096	0.9600	M
2	>8bf6719a-e02c-d433-a542-8079efbbe33e	0.9816	M
2	>97007dd1-9625-714e-7ca7-3aed7ffb184a	0.9832	M
2	>93264750-81a2-5757-3036-20e1b0ca73fa	0.9555	M
2	>2e9632df-530c-4fe7-6c6e-bbda7ae43e58	0.9356	M
2	>d8594555-e3b4-5345-c19e-7c31b2f35e5f	0.9774	M
2	>2dc727c2-638a-e7a0-1650-013ff60c2f84	0.9699	M
2	>dd7585ca-c571-688c-d393-6d85f071347c	0.9484	M
2	>a697ec35-62d8-3634-7b44-1cde83c6b10f	0.9654	M
2	>c02bafe7-9d4c-f0fc-5329-506b7aac142a	0.9582	M
2	>157d445a-0378-9dc9-b005-9becbeaaa39f	0.9726	M
2	>e7fd117c-ca02-8c10-0c95-0403e0e5170b	0.9273	M
2	>903884cc-5e6d-3e8a-47be-5082b5330e2a	0.9751	M
2	>ec3df36c-4c33-b730-2949-df237814c442	0.9544	M
2	>43ba214e-da85-cb5c-b122-039e2e163f68	0.9649	M
2	>406ddf6a-6c04-46ab-facb-ea728cd98f01	0.9732	M
2	>523440d0-7508-a594-71c1-85ce08965b99	0.9728	M
2	>fb25ee42-60e8-ff55-31d0-07fd8e385b0a	0.8945	E
2	>ec3a3b4b-ec10-e3e8-3a8a-b6ae42f01d28	0.9567	M
2	>257b6a06-0e74-5a8a-5aaa-f2bd77b7e4d9	0.9665	M
2	>43d8f9ff-3555-45fe-07fe-108c197aceb7	0.9862	M
2	>04392f4e-4de8-03ff-2ce7-507857b9e280	0.9849	M
2	>3e12da1e-4bd7-8728-a8b5-fd26c15a015f	0.9481	M
2	>96ecbcc5-9990-998f-7fad-abdae54c149f	0.9682	M
2	>8a137dcf-6f2a-feee-3489-4a7e2662605d	0.9429	M
2	>29ca7ef3-7d27-7a5d-c82c-03586fcd1263	0.9468	M
2	>edaa9308-94bf-e48c-8d55-7cfac698e89c	0.9200	M
2	>1b563e68-5b27-d722-7ee8-9ed22bad3e77	0.9687	M
2	>ef1e9487-61c9-a10e-db08-4fec9179d57c	0.9802	M
2	>4bfb690b-2955-b1d3-dddf-34e273982d5d	0.9817	M
2	>46db39e6-b559-61a4-d853-e2ff20661c5a	0.9867	M
2	>b4fb2042-2b9e-a6b0-42c0-4e3a3561afb2	0.9693	M
2	>7cce85fd-17f0-f434-7b24-7865da54c64e	0.9774	M
2	>be051de4-ef99-46e4-29df-943791ae8caa	0.9885	M
2	>35629629-41ed-eca0-90ec-e72cbf52f115	0.9134	M
2	>d6fa10af-579c-0e80-5f05-41eeb43cede7	0.9791	M
2	>6580b93a-4cf6-bde8-9f9a-1b0a8be722ac	0.9787	M
2	>f12d1107-a7ca-cb59-b3a3-ab2f701c5de9	0.8979	E
2	>6680daa2-1526-a246-cae5-c99c9bb8108f	0.9857	M
2	>67e29a4e-17d7-1293-137f-533bd375631e	0.9579	M
2	>a9629a9b-9570-dc28-8f54-15eb0ea45a89	0.9630	M
2	>a3461700-18d0-9c35-1b5d-717355e5af20	0.9474	M
2	>25c51c90-93c7-8f12-8a83-850a6462325a	0.9871	M
2	>b825abfd-a5c1-f4b5-c30f-778ada5b26c4	0.9815	M
2	>95a02d30-f3b3-07d2-3b50-74a86f58cffd	0.9653	M
2	>44adbefa-5c9c-fa84-e2a6-9084ae557bca	0.9919	M
2	>fa0f4007-c346-e0ba-a7e3-5ef3eb842573	0.9672	M
2	>fdfb144a-f6c3-eae3-24ff-518c15e50e69	0.9837	M
2	>e509b095-0de2-2a21-1072-8d44a141496c	0.9859	M
2	>73893b62-38e4-c74c-195f-6df0b57fa2fa	0.9734	M
2	>550038e1-728c-3d71-3211-e0c4f3c9adcc	0.9796	M
2	>e99b67d2-023f-ebc5-da15-bb8479f85e52	0.9565	M
2	>6960ea23-7519-32e7-5609-c30ff9bce869	0.9259	M
2	>0181df20-c7c8-f41a-b099-e538529934f7	0.9850	M
2	>579c8ebb-bb99-2c73-f969-e3a74e9ed55c	0.9734	M
2	>6161967a-cebd-24b2-02c2-99d51179a940	0.9870	M
2	>3d8b7545-24f7-5791-c2c3-6e95f7724080	0.9425	M
2	>52de84ff-1a02-f25f-7a36-ffbeee75c458	0.9249	M
2	>40703f3c-f599-1551-0588-0549e67468af	0.9417	M
2	>bb67028e-2ce2-b857-c926-f7c350862182	0.9889	M
2	>b5fcf08e-eac3-a887-8227-76ca8ba9a6fb	0.9734	M
2	>cb5c8626-b614-f562-9be3-6154a28d7371	0.9657	M
2	>efec63fc-2cfe-8742-cf4e-7c3fc3447641	0.9666	M
2	>a8889c67-757e-5ebc-3d3f-267fb36f8f74	0.9778	M
2	>dafd549a-c26c-6888-628b-667b9a004c50	0.9875	M
2	>1d8cf181-5fe5-aeb4-ee39-9fc789ded5e6	0.9547	M
2	>d5c63084-458a-36e6-5a73-f3ab70db46cc	0.9305	M
2	>5448553f-8946-c7c9-eec1-0ee418b1b02d	0.9705	M
2	>31f1ab09-192d-cbf0-3e66-494ea1d84189	0.9715	M
2	>9baf74f9-28df-82d8-5917-cde5fcd4caca	0.9690	M
2	>46ca4e73-9485-743a-14e6-4905e30bbcdf	0.9581	M
2	>dc65d91f-55c8-0db8-74a8-2d61de2a7c8a	0.9647	M
2	>40cf1a0a-cf4b-5ca6-6a58-4cd13d85aee7	0.9446	M
2	>1a3eb8f4-a25f-6ba2-9978-e575061a9f74	0.9291	M
2	>51ad2e66-e540-3a4e-a61b-f4f232851c73	0.9798	M
2	>90efb27b-aa4b-9513-7b93-f5ed35505924	0.9788	M
2	>5ac577a3-31ba-f2fa-71c3-a8d47576339e	0.9683	M
2	>5baf3bfc-7ff8-4835-6caa-92a7f0cae39e	0.9709	M
2	>823aca19-4618-3e07-e66a-3de7ad97433a	0.9693	M
2	>a19b2ec0-23b3-ce53-725b-f2b6ffd853db	0.9809	M
2	>42893a20-8abf-c9ec-483e-ccc42e7619ef	0.9670	M
2	>51f062a9-2b56-6ef4-500e-5900b82a6d6b	0.9849	M
2	>d7d00f9f-6e88-fa83-0dc5-101c45e45ec8	0.9353	M
2	>edbafefc-2e87-b87c-b661-0b76b7bac424	0.9701	M
2	>3ec6671d-11d3-ec35-25c3-40fdd3235057	0.9469	M
2	>4dce4096-4cc1-c9eb-f5bb-5defbce57f78	0.9884	M
2	>4e7d1d8e-405c-6eab-0c65-b8734ca08327	0.9643	M
2	>61ff9bb4-0d05-b10f-938b-4db12a216307	0.9545	M
2	>edbc8c29-b13a-0797-7d69-74ef9f6febb2	0.9821	M
2	>6bd88e66-82d8-c7b7-6e9b-5735491af225	0.9917	M
2	>2c7f0d9c-08de-8cb9-d375-bb0972bec446	0.9637	M
2	>85f266d6-a02d-c1df-cebc-1bb314598698	0.9825	M
2	>32569337-d824-f54c-2c72-8d5a783b73cf	0.9611	M
2	>a178630b-3ae0-9af0-2ff9-f0ede6a314c1	0.9593	M
2	>73ae93a5-0e06-2d9c-051e-6656759bf86e	0.9780	M
2	>aa4c0898-7481-f0a0-b522-5f58cce2c53e	0.9413	M
2	>a030d997-31c4-9499-0eb6-c8e5078b970d	0.9790	M
2	>af598391-8f37-34db-5214-323726a2132b	0.9742	M
2	>1bc778e8-0d60-5237-e265-caa498e76d5d	0.9766	M
2	>bff0f5a1-4b2b-0a77-0c5a-b9e2030a97bd	0.9398	M
2	>279f9b0b-9d2c-1e95-be77-23bde99a3d93	0.9810	M
2	>55aa8817-17f0-1d8f-c9ac-32b003f5da61	0.9684	M
2	>18295cae-395d-5107-3987-adfafda489df	0.9722	M
2	>e0af069c-932b-f51b-79af-9431e4b27157	0.9649	M
2	>d7f88d38-afb9-f925-d22c-b46fda52b8c1	0.9485	M
2	>93b96a67-da13-419e-1229-e02f873a9f83	0.9729	M
2	>9b300914-28e6-dedb-bf0d-f21f2b099b86	0.9774	M
2	>c8f08eb5-6def-3fa7-8c6a-abe4e1232ff0	0.9857	M
2	>3224ba0f-c01f-e642-168d-b8e096536f45	0.9431	M
2	>9ba669b0-7020-e875-8d8a-5edf06582f61	0.9789	M
2	>a6c26418-ce92-aa16-e651-429d3d8c416d	0.9541	M
2	>f627cce9-f7b6-9697-bb4b-3a36dfd5f79a	0.9838	M
2	>12f3c704-9364-b248-2d2a-6694060ea0de	0.9748	M
2	>0a756323-39c7-83d8-df83-f9bef9cccfb3	0.9667	M
2	>98a079ec-6c12-df53-b096-be7c922979f9	0.9360	M
2	>af0e32de-3389-f7bb-5998-9e011b166f3e	0.9543	M
2	>ab7b4da1-e771-1ee6-3b16-2685567d35d6	0.9559	M
2	>8fe1e1d5-a59f-4976-20d2-a22332fb236e	0.9793	M
2	>46661d75-36db-dded-8f9d-69f12c5c1bce	0.9551	M
2	>102abb08-5a75-0501-e568-204625c61bf7	0.9295	M
2	>540e286a-2379-d25b-e057-cedbcda3943b	0.9741	M
2	>cad16a9b-2e11-7ecb-8907-762cd6824cb8	0.9868	M
2	>076d346f-2115-abee-0998-10b89d9eb308	0.9719	M
2	>f2c567fc-14c2-85a4-8a4f-949391e6f112	0.9712	M
2	>d01edcf5-b91f-9261-b380-e6267d043903	0.9679	M
2	>11c5cfa7-943a-b50c-39a6-474ba13a7a9c	0.9336	M
2	>a7a51231-36f4-f971-d264-8b3889b0ee2d	0.9290	M
2	>a5b1e8ce-ca5e-0c10-3141-c8f5cc8cb237	0.9953	M
2	>93fbf754-6a60-9a04-329c-6192b0242b4e	0.9702	M
2	>5a7da634-35db-027e-e11f-34c118789e4f	0.9802	M
2	>6a309419-3a2d-38db-5ec6-203d97ac6003	0.9859	M
2	>c2399a9b-2710-5cef-3327-bd6c816682a2	0.9663	M
2	>9df47eed-565d-9867-3ff4-63a0a081e917	0.9597	M
2	>a6263a22-95f2-8991-83ba-acd13c064f5b	0.9508	M
2	>2b95b27f-81c2-303f-847a-c16c0ac598b2	0.9837	M
2	>e71b6236-d4d5-3b60-add4-4274cf3daf70	0.9659	M
2	>ce04f813-6bd2-e01a-f34b-04c784510bac	0.9686	M
2	>52430405-9cad-fa9f-9539-634ce08b7ad8	0.9744	M
2	>d3020313-d675-7cfc-3181-c8b0c2b97f4e	0.9319	M
2	>f61bb432-01d8-91df-0fea-37a8059595f0	0.9761	M
2	>bf364875-e155-4f7f-8483-894ca099cf35	0.9704	M
2	>6c5ec880-c30b-f4b0-3886-826b9eb674b6	0.9606	M
2	>49142951-0222-6872-e7d0-0ef7233aaae1	0.9743	M
2	>d31ed4bd-70b1-1ac1-232e-6982a983ff3f	0.9891	M
2	>b1577d38-a4c1-2d36-545f-d2fe8c28a52c	0.9833	M
2	>39b316c9-7f39-4d37-8507-e6d2d6e1dbec	0.9862	M
2	>24ebe3ea-c58c-04ce-8731-18459473a04a	0.9616	M

3	>c6938e33-8845-6774-525c-28dec62001d6	1.0000	C

4	>b59eb591-6916-f595-3008-9b8b3169a8d4	1.0000	C

5	>63b90cd5-b481-e9f3-5f9e-cdf930591538	1.0000	C

6	>bc22a443-50e1-e7ed-df14-e4fe265dd30c	1.0000	C

7	>da2ae6e4-f5ae-4cf1-2795-d0329a63d96e	1.0000	C

8	>8a386f37-e1a7-ad67-df0a-3ec4157267e7	1.0000	C

9	>05f3d31c-9d54-4a75-4b11-5cfa35e502e6	1.0000	C

10	>4fdae22e-2116-5880-d63a-27e4746cfa4a	1.0000	C

11	>fd0d12eb-ce2a-38e1-82be-371ce6227b82	1.0000	C

12	>11f655e6-1e3c-1191-645c-55c543145baa	1.0000	C

13	>faef9456-c5b3-58e9-00e6-ba4a00812dbd	1.0000	C

14	>e9130f9a-2311-2b03-45d3-a67e0b5cc99f	1.0000	C

15	>78ed199a-c44d-22e1-1f9c-805a3f02fab8	1.0000	C

16	>06d2e733-37f6-45df-9c48-cbc4d1d41ff6	1.0000	C

17	>891edcd3-2fb6-f6d1-2440-fff35a3d47c3	1.0000	C

18	>0ef517c3-d416-9721-5752-495a15b9bef8	1.0000	C

19	>ab3ef36c-bf53-3c1c-8610-b7f44902cf5c	1.0000	C

20	>0ab312f9-d560-40f6-7467-a1ab497f0b30	1.0000	C

21	>031e3eaf-4fed-61ed-b704-9f2b12afcd1d	1.0000	C

22	>90fc6ba0-44bd-244a-45b6-d78191c91e1c	1.0000	C

23	>f80b3865-62e5-9225-b6dc-7e39c2e3709b	1.0000	C

24	>b5a5f5d2-13b9-1642-5aaa-06df7310068f	1.0000	C

25	>2e21caa1-a0d7-409e-cc4e-e6d4484b07ff	1.0000	C

26	>3bb894d2-b35b-2eba-b784-6b9152066812	1.0000	C

27	>4c302072-8d39-0643-3f14-6183dd380a2b	1.0000	C

28	>884518ad-c4d0-da0d-b6ea-185f834cd285	1.0000	C

29	>87f22cba-0d2c-ec69-e4b1-06042bc14a9a	1.0000	C

30	>95526d74-3851-5bf7-2081-44de1ff49b2e	1.0000	C

31	>602cee5c-2dd6-be4e-9c05-77034ddff2be	1.0000	C

32	>49dd4800-6b33-bc72-4968-2f6a71eff858	1.0000	C

33	>bf00c0a0-b7fd-d8a3-93ab-3eb544362da1	1.0000	C

34	>83941e2f-2601-9467-7db4-e86e0b11e3af	1.0000	C

35	>771fec17-c53a-1d7c-fb4e-46f5eff6fde1	1.0000	C

36	>4150f0dc-3000-f571-465d-a4dc4f3e536e	1.0000	C

37	>dc392beb-49f1-dd11-bbc9-81008baa05e0	1.0000	C

38	>319e664c-84cd-7b6b-5832-80e502e788e1	1.0000	C

39	>44de0f61-7c68-5de0-e9a2-15f482ecbc20	1.0000	C

40	>237ca257-a1f6-0f4c-8171-2fed080358cc	1.0000	C

41	>13802308-b07b-8ddb-552f-c081a07d28ed	1.0000	C

42	>1f3a58b7-1b83-f127-c236-c9a4629a8ccd	1.0000	C

43	>38a244fc-5ef1-db00-1f9c-700b88373925	1.0000	C

44	>97061877-5f28-e096-cbdf-112edf91839f	1.0000	C

45	>cb7c9066-63fa-a035-7304-ef20ba9f5f51	1.0000	C

46	>4d35b7ae-998c-e609-b8a6-b4b330da1cba	1.0000	C

47	>38188bfc-f3b2-4815-f382-438212532d42	1.0000	C

