1	>a90cd0d9-ba67-9fae-c4ec-86e62909b097	0.6312	M
1	>892121c7-99d4-c6d4-7213-596f787bcd60	0.7821	M
1	>ce37d4f2-ae93-6f15-860b-a5ff27793a80	0.6447	M
1	>14551b6b-4fd0-725e-8209-25603205df3a	0.8757	M
1	>065fd4a2-0a0d-c002-20ce-bb617a31b557	0.7743	M
1	>5d9023df-3476-39fd-519d-4aa9078961f7	0.7166	M
1	>82e7f50f-a4e3-f36d-f1dc-dcdb82bccdef	0.8283	M
1	>e9ad2f11-81c0-5333-ba4a-01b80556b282	0.7292	M
1	>a5bdacfc-7d43-a682-853c-28f571ce1e41	0.7970	M
1	>ccde6fb2-95ad-da87-ef68-7ca25e6e23f8	0.8176	M
1	>c487687b-3566-37c2-f761-548be1b15b77	0.8480	M
1	>d74f02aa-12a7-a239-b0de-80a2c4546e10	0.7941	M
1	>6b215748-8631-97ae-358b-ff2de39f426d	0.8029	M
1	>cb24b08c-9c49-899f-786a-abad770edfd6	0.7699	M
1	>c77f0e75-0433-6b0e-0cb8-8104ca649382	0.7559	M
1	>4f2c4748-0357-89a0-314b-d43e629eccf6	0.7164	M
1	>8b299040-2de1-538a-d02b-1a1d2492eeee	0.7787	M
1	>affc03e0-31de-10b7-722e-5e2fa457ebee	0.7272	M
1	>00426e47-b334-1be7-0a07-81eb5ad25c7b	0.8069	M
1	>2d112754-0cae-4ac9-dc4b-39951fc83083	0.7735	M
1	>ef550e51-6ffa-85c2-7291-a49751276b36	0.8366	M
1	>f6381cb6-60f8-6bb9-9400-08ca6ef8fa5b	0.8063	M
1	>02a9e895-204c-15b1-87a7-8f5facaaff16	0.7836	M
1	>8604eeb8-cb3c-e6ba-9756-8a4eb089bac9	0.8202	M
1	>4a97e476-1621-98e4-e8d5-8c705211d0c9	0.8381	M
1	>7d99c21c-220b-00ed-202e-e97c25643872	0.8509	M
1	>891a0b21-28de-a088-dce6-ecc1332069cf	0.7669	M
1	>e89ed149-6891-ec28-949d-99de05e6cb5a	0.7580	M
1	>1115bc3f-b178-5d04-ebe9-b2878baf736e	0.6839	M
1	>2dfece39-f474-a2aa-89b1-1f95ded878cb	0.7836	M
1	>adbe04de-94e1-4238-f78a-f9d35b4a2e71	0.8033	M
1	>35798d27-83f4-c94a-470d-57bbf6d1b2b6	0.7504	M
1	>0f5680ba-72f5-e894-c973-816d60bf19c3	0.6948	M
1	>45027097-18ae-44bd-39d3-057329ceb742	0.7880	M
1	>643eeb32-bd0f-cb71-f1f9-efd3e78c8799	0.7805	M
1	>495147b2-9450-d295-b15b-5953ef923f2f	0.7519	M
1	>801c8c2a-d869-9e65-a9a7-9968c8e49c08	0.8346	M
1	>ff5dfffb-4f67-5643-f06a-c8f3c6b4c3b8	0.8042	M
1	>f310b0a1-da14-9302-c15a-6fe424fb7f6a	0.7848	M
1	>79b7a8c0-0a47-d87d-8ce6-614f77efd048	0.7778	M
1	>481e1a6e-b10a-6a9c-5647-94a9f06da368	0.8238	M
1	>58eae885-e9cd-daf2-78d0-8554c0291761	0.7395	M
1	>5524bff1-a603-53bf-f45c-e66b73ff7d46	0.6880	M
1	>834e8b9f-3b6e-dffc-1eeb-6e4873e308e3	0.6225	M
1	>7f2b9f16-dfb5-3edb-7bc6-4bbd19f3badf	0.8105	M
1	>5da4563a-149a-d1c7-83d9-af9f37963af6	0.7074	M
1	>85437021-e0e7-1968-5223-bf6c637a02f3	0.7409	M
1	>dd646edf-65d0-ca47-4d25-05d2ffd0fddb	0.8312	M
1	>37baa206-2516-7b41-e2d8-4b9992ac9b38	0.8232	M
1	>5fa5cfee-8d75-8496-7974-117db1d1b93e	0.7494	M
1	>4dc9442b-db31-bf9c-3376-ef55cf951f7a	0.6818	M
1	>cd9445da-ee6d-ddaa-8fc8-f9471ce84941	0.7831	M
1	>27453c2e-1533-5231-0e75-da7abb697e3f	0.6115	M
1	>574940a4-d218-82dc-8123-e87b76d9c6c7	0.5960	E
1	>db47e9ed-c46a-5425-10d2-149be9d1130a	0.8406	M
1	>2c5df0f9-c1cc-5086-4fe1-37e10c700557	0.8303	M
1	>8601e98e-5971-18ae-5348-fa62d8b9b69b	0.8333	M
1	>1612b02f-76ec-546a-9fd5-2f7f6e81dd6e	0.8447	M
1	>f97604b8-6da9-d0e5-75c8-426ff7ebb224	0.7189	M
1	>55ffa2c9-336a-875a-dc63-e2f7b8613482	0.7683	M
1	>cabe0d98-6cef-a6cb-44d5-2d26a0ffc2af	0.7601	M
1	>7887d47a-9a7c-e9b8-02c0-ca2f2e4f2b02	0.6583	M
1	>598bd9d5-81bb-4312-5741-17ceae0ab132	0.6282	M
1	>673fc128-9539-ad43-4ddf-ab48186a78e2	0.7429	M
1	>1d60d525-6860-6b3b-b5b7-d3a781a60e53	0.8364	M
1	>ca19552f-aa20-5653-462f-b49e370aa2f9	0.7961	M
1	>827f780b-2724-279e-ac81-1ce0f32d7266	0.7116	M
1	>188e8637-19b6-4cdf-0ec9-2994bc43d966	0.8289	M
1	>67a793c8-bc95-d633-9f0e-4526c2849ef9	0.7415	M
1	>75713584-5b8e-7afb-190a-3726882e9573	0.7406	M
1	>b8ec2d4e-471a-944a-102c-f5c584a83ccb	0.7913	M
1	>9e480649-2c82-19f3-6495-74d1ff8765cc	0.7797	M
1	>65119200-67c4-412a-3bc0-7b6640b3e989	0.8494	M
1	>53a67c54-4153-424a-5b50-7cedc3af4f65	0.8239	M
1	>67bbb54c-aac0-621b-0fef-2b00ebd73130	0.7557	M
1	>adaa747a-ea8d-85a0-a9b7-bb10a06beaec	0.6570	M
1	>914b50ec-52f7-b38f-d04a-c749b34c22d6	0.7457	M
1	>6fe902d1-5512-8926-1e0b-382e60f0352d	0.8150	M
1	>4afbd829-d47d-c492-b1c5-70cf2c8ad79d	0.7625	M
1	>28aa9266-8134-2f29-f902-d72f859644d5	0.7600	M
1	>703433c3-0265-3368-a7c2-f0dff314f5ae	0.7821	M
1	>91cece59-0bf0-25f4-00d3-c4e61265c206	0.7188	M
1	>0310f586-6c87-23e5-aa54-f28284ed5784	0.8193	M
1	>8b094b5d-4a33-dacf-eda7-fd8e19b67920	0.6529	M
1	>d9dd03c8-dedc-7f9e-a0fc-5c39bce7964e	0.7344	M
1	>617f2403-3a7c-0ee9-c38a-ddd6aa74ab26	0.8023	M
1	>59bb540c-ca1c-ea33-95a8-93ff62069f55	0.7355	M
1	>20ef07e0-cf71-0116-29be-2b0790c14216	0.6847	M
1	>7dcb0b8d-a8da-f30c-8097-d54549dba0d8	0.8590	M
1	>7c320abc-c278-bd54-62df-b43caf1d00f0	0.8368	M
1	>b3622ecd-72c9-54fe-a344-7114e2de5c19	0.7403	M
1	>47ced1c1-5309-c413-008f-76060f8a81b3	0.7695	M
1	>44411eff-59c2-e306-2759-7e89544b7529	0.7799	M
1	>462bba8a-e846-2ad1-988c-92b2fc8c5f13	0.7262	M
1	>61a66fde-ffbb-4b36-3082-aa88dc69cc80	0.7132	M
1	>9633d8c7-5b28-46ef-8de4-d22995881418	0.7923	M
1	>48bc729e-825c-1f84-c757-132f111ee7b1	0.7685	M
1	>4014e084-769b-87bc-1d19-a80fd3c0bfdd	0.7022	M
1	>a5b4def4-17dd-74b2-79f2-5c62011dc841	0.8017	M
1	>ed0fca0a-874f-b00b-20bf-175c3812c930	0.7865	M
1	>adc1ef17-5caf-0a51-25c7-afe35892e645	0.8202	M
1	>91414fee-2e25-1e5e-a40b-1dd3ffb23dbe	0.7853	M
1	>c25a5eb6-d635-1e61-9635-dedc10a33377	0.8014	M
1	>c61f3628-3423-b3d1-9173-b0eec81989c9	0.8082	M
1	>8d806254-eec4-96d4-5a13-8129579f3d15	0.8428	M
1	>63e54e5c-ad04-f7f7-016e-02dfc34e712b	0.7303	M
1	>a2320242-89ad-3967-925c-f4429ebb36d5	0.8132	M
1	>e0797491-9c8d-8419-c39d-819df13c4895	0.8109	M
1	>58720874-3775-9014-0867-95ce6bd945dd	0.8109	M
1	>b9b00297-8ec2-b784-695c-d0ce6a63ede7	0.7842	M
1	>bd3892b6-f4a3-ff41-a955-59e6963ad1da	0.7284	M
1	>351a6904-8287-e307-8179-a888c59a0923	0.8049	M
1	>f042ac0b-95da-1e83-5d64-e0289a6390d2	0.8255	M
1	>a58df98f-c835-45ca-c75b-8ee4f3570b73	0.8484	M
1	>8fdc3d2b-260a-f9e2-9f90-73e8067fb6b7	0.6552	M
1	>30b4fb9c-7b68-1125-8792-d47354c8d263	0.7286	M
1	>4f54af09-792f-2e3e-a1d4-212dc8389c4f	0.7832	M
1	>ec359562-83b5-2e39-f555-86287f424046	0.7611	M
1	>51240a40-babe-049f-4ca5-fa34374b687c	0.8234	M
1	>49dd1e33-9079-2a60-8338-607ea883fe61	0.7735	M
1	>58c1cad0-6c73-347c-2c4d-d955574be2a1	0.7686	M
1	>0c83a000-1e2b-ba1f-03af-b7fa692ea843	0.7776	M
1	>19da0263-6631-2272-bbf4-cf62dcfc78d9	0.7913	M
1	>dec26420-1c7f-99ff-c700-da1a4584f71a	0.8224	M
1	>48d83b0a-21d5-c7b5-fb07-263320c44890	0.6981	M
1	>5103f009-80ed-7c44-72a3-268ce87215b9	0.7549	M
1	>8252446c-5306-44d3-a57d-89fdc6082f0a	0.7464	M
1	>517b826e-abd7-a76c-c0c0-f8b52d15ce98	0.7199	M
1	>aedb5f00-ee22-f57a-f6b3-810297932841	0.7962	M
1	>587bd0dd-d857-b009-2949-530803ac38f2	0.8101	M
1	>1ddc464f-d963-f879-d12f-3ad691a7fe1f	0.7240	M
1	>488ebbbb-23e3-806e-a482-22b80cbdfc08	0.6732	M
1	>9238f22e-972a-0577-8565-1b9ba7463fbd	0.8000	M
1	>9466a5ce-2ca0-ce21-26ac-c84c2e7d81de	0.7818	M
1	>3d6e55ce-67b2-6e76-2934-b3363ffd119b	0.7574	M
1	>a64e49a8-7cd1-5d93-b0c5-c46d28b3f489	0.6542	M
1	>904f6758-bccd-4a53-0e15-6c21fc925068	0.8460	M
1	>fc7796e2-ae6e-5cd4-b608-6e7cb50eb729	0.8484	M
1	>b6dd01b5-e282-de3e-03f5-e839220ff835	0.8123	M
1	>921c828b-1e62-8fa1-ca79-b71347026315	0.7574	M
1	>7fdf6dab-5866-f7de-35e5-f5bec77353d3	0.6536	M
1	>0ed6588b-fb9e-2445-cff8-5c697fb99f2a	0.8305	M
1	>edd84913-1c02-0088-59a5-c9c015bd3409	0.8006	M
1	>821635a2-0c7c-eeba-7c64-ef5fad30280b	0.7426	M
1	>3579abc5-3008-1d70-afda-8ba379cc0a2a	0.7695	M
1	>fbef61db-6b5e-5dba-0a3e-fac653e48984	0.7680	M
1	>6862784a-b5c9-451e-6e6f-244483a22508	0.9682	C
1	>5c76c5fe-8228-058a-b10d-58f0f85e5f3c	0.8168	M
1	>32f406d7-2d70-3c0a-4d0a-83fd8b9a7114	0.8628	M
1	>bd8c95af-057d-1b58-01a5-b00181f0f8fc	0.7172	M
1	>4250b6c6-e0ce-9329-7208-6fb056bbd8c3	0.7360	M
1	>19fb8217-0a99-285d-e758-08a2b21dcc0d	0.7208	M
1	>ae799981-a7f1-3a42-c4f8-66a9a73a2e98	0.8141	M
1	>e77f58d0-88d5-d166-ad88-124d77789059	0.8110	M
1	>aea37f87-90d4-1e51-06c7-81da8c10e806	0.7712	M
1	>7f4aabb6-f259-032a-a751-b0a4c32b05b3	0.8336	M
1	>9f020afb-05c7-84f0-51b7-9ac21963739d	0.8472	M
1	>a2d8029d-928c-e95f-706b-f3416612ba91	0.6385	M
1	>0f274e64-7a8e-99bd-7f90-ca0452b22719	0.7445	M
1	>add73a0e-100a-dcfb-6959-5bff03073152	0.6807	M
1	>f4d3ebb1-8722-497e-aea0-c344049bc00b	0.7657	M
1	>bde8dad5-e306-80a7-6413-f5c453153b53	0.7957	M
1	>63eb2f78-d954-65c9-457d-4e41251746ce	0.7663	M
1	>be81fe46-1d30-9611-1826-9a7a4d94b519	0.7645	M
1	>4b3dff98-666e-629c-c259-83b626634d6b	0.8040	M
1	>d2549b73-cbb9-b74b-c523-b7bec5e13a6f	0.7370	M
1	>78d1daee-4fd1-3da5-1977-e9df746f95f0	0.7822	M
1	>d702765a-1de9-d5c7-d670-710a3cb7655b	0.8052	M
1	>e6ff5969-0ad3-2728-d2f1-89866548cd10	0.6628	M
1	>15365fd2-7ee9-5260-b44c-de8e36a18a86	0.6614	M
1	>c1922cb3-e6de-ab4f-e4e1-96045ba69a02	0.7108	M
1	>174a1291-124f-f6fa-0db2-813f4173ee25	0.7242	M
1	>757e5775-1495-a5b5-bfd5-3e1c9602abbb	0.7924	M
1	>c8e6adc0-4d1e-8fbd-36ed-24c38356b0e3	0.6650	M
1	>6df3d878-aa58-3414-525d-a54a0f209f7f	0.7801	M
1	>5252c9ba-48e0-e5c2-0568-5ad7773c8d20	0.7787	M
1	>e5459454-a838-ae7e-64a2-7285928d6edf	0.7432	M
1	>8a95daee-7413-b4a1-26c7-4fe268325b31	0.6637	M
1	>e5fa2a15-5986-0b25-64b4-8289511916c2	0.7140	M
1	>e9144be0-6768-599e-ad6f-2476146688f1	0.6621	M
1	>7ba61b08-1893-58ab-1344-5469b4c5b521	0.7932	M
1	>04b714d0-039e-fb00-479f-82abdf123bb2	0.7633	M
1	>7bd39696-3760-1cea-9f6d-0875f35eb61d	0.8148	M
1	>cf30c1d5-4cfa-f3a7-a55c-1c1cb785d58a	0.8108	M
1	>dcaca6e8-c105-2545-8d6b-fa2ce89f6ffb	0.7781	M
1	>319c859d-9ee2-6e37-c422-128d1df016d3	0.7834	M
1	>4fe6fd49-0030-f7af-f034-36226b9d7a31	0.7231	M
1	>50498749-052e-3e58-09ec-d9617c5004c8	0.7881	M
1	>91c28dbe-b3d2-5cd5-d9f6-55716dd78a4d	0.7362	M
1	>4bcdaa97-5415-d040-c8dc-33f14c856677	0.7300	M
1	>75931c0a-44c5-3f49-b37c-4deec9c10503	0.8387	M
1	>b0e61f80-3f85-ece8-86f8-ed72e4099a91	0.8120	M
1	>7a3745d0-f070-0a96-2590-3337b7aa8275	0.7121	M
1	>faec3071-abb6-2054-081e-7a5d94112cb4	0.8242	M
1	>95ec5930-d4ab-ad85-2b62-ea0e531b0eea	0.7670	M
1	>75f41824-f63a-a545-a9cb-826916ad98b6	0.7258	M
1	>85074b2d-c516-bfee-43c7-d3d7eb4748c1	0.8414	M
1	>fb1238a6-8bf1-e30d-4e22-9e9e21aa8eb0	0.6829	M
1	>f07144a0-de90-97e0-18a8-5fd7410460d9	0.8233	M
1	>d5fc96af-458c-9a70-a423-40060b8acea9	0.6910	M
1	>c402b3e4-c97f-5ebe-89f9-4e705c7cd815	0.8039	M
1	>a8d7f7d6-8903-d49d-7271-6c2364c759ec	0.7859	M
1	>afb90b72-6c44-a080-466d-40d4129f6fac	0.7549	M
1	>f5928bab-f62f-b760-3efd-0a98fea7d3a6	0.8049	M
1	>37cba652-132b-997e-298a-c72faa9d9e62	0.8555	M
1	>e2cdf51c-86f5-9c30-e371-d6c56cf0e302	0.7054	M
1	>5f54c34d-5598-06ce-4f34-492ca8f1ca1c	0.8206	M
1	>cc007d11-7e8d-e375-c528-0fd5ff228227	0.7473	M
1	>82fed309-ae8a-6191-aaa1-a68349294e90	0.7612	M
1	>b094a10e-e033-36bd-0597-cda692403da1	0.8032	M
1	>86442787-0edc-79c7-b4d7-752ebd9c08e1	0.7440	M
1	>26293ce8-2590-4c33-ccbb-b66b153880af	0.7791	M
1	>e1162c19-5f09-69ab-1cf3-b06c738b9c78	0.7102	M
1	>f6a9111a-1ebc-348f-2d48-7e7da694aebc	0.8269	M
1	>8c9e406d-25c1-7259-c664-8c6e6a8466a1	0.7983	M
1	>9eee945f-b9d8-e0b9-bc00-6f9fb087fc7e	0.8252	M
1	>29934a61-bffe-a26f-77a7-7b28136b9973	0.7603	M
1	>2e502286-46e4-e35e-5d87-10b81a1dc5be	0.6959	M
1	>b9d0b017-f435-7fcb-e748-f0bdf5fc27f1	0.8257	M
1	>04677a79-58d5-a355-cdc9-1f5f04b414c4	0.7841	M
1	>e9ab3870-ec22-af7f-ec9a-17f7c9854492	0.7646	M
1	>1e293fb5-66c3-1565-88f9-88cbe86ca7cc	0.8123	M
1	>ba2774b3-a8d9-d8c9-39b3-f2c13e77c31f	0.8454	M
1	>dff8c7cb-87d1-59cc-f3d6-10831b893bfd	0.7502	M
1	>1d27196b-b721-8425-c4b5-a14a42f2e19f	0.8275	M
1	>f069b1fe-b05a-d67f-b29e-bb2e2b03a067	0.7095	M
1	>c816ec28-7669-f0a3-124d-f7d9528fcf08	0.7379	M
1	>5dc81efe-3257-860a-1ddc-55fa2103ee3b	0.7984	M
1	>eec39b95-783f-fbca-2161-b72a2c5d6ee1	0.7694	M
1	>407e706e-c6fc-2c76-9b5c-dfa9c1d13944	0.8582	M
1	>1f4152e4-88e1-855e-5973-b53ab2fccf84	0.7213	M
1	>4a9dbf6c-4361-64f4-a3e1-c4f6da0662be	0.6721	M
1	>8bb52af3-2be3-c96b-27de-590a4991a9a3	0.8013	M
1	>7e61cad6-e3c6-dcdb-b763-10b7683c9718	0.8092	M
1	>0205c70c-6a46-1dde-7998-4629d491074a	0.7508	M
1	>091a5587-de38-c744-e198-d7f8ee28df41	0.8085	M
1	>1b16372e-7b6c-090e-dfc0-0953de489615	0.8040	M
1	>0a289199-8b40-eeca-d081-6229cbad8946	0.7973	M
1	>0258b8d7-d763-cc3e-0b1f-4b0065cf804b	0.6537	M
1	>db2a9288-0be4-1bef-9fd0-cd2486421244	0.7516	M
1	>7ef87c87-aa52-692c-4c5f-f2c64fa9f6e2	0.8511	M
1	>32784b18-5b83-7845-2608-13726410ac49	0.7308	M
1	>891dbd4b-ef56-d575-d6c9-45a8f60cde78	0.8256	M
1	>9c763251-be5b-26f7-f67d-7f4c1255eaf6	0.7598	M
1	>f0319882-51cc-5540-42e1-31135c3267fa	0.7417	M
1	>984070f6-88e8-0f17-3b65-f2f44089f3fe	0.7906	M
1	>1a2d5822-486c-874b-80bb-13ac5da53c98	0.8261	M
1	>40b69959-8590-a7d9-9bbd-cf7a3a73edd5	0.8449	M
1	>0fef6053-e2f1-8fd0-72ac-fc5a2097da85	0.7979	M
1	>18235a7a-93c6-8f64-f769-f93c19747fd9	0.7143	M
1	>03d70d2f-75fa-f255-c88a-5e7454749a36	0.7375	M
1	>c299ea82-6285-af3b-feb7-05e82e7f0712	0.8398	M
1	>7be8a3ca-14e6-0aac-2916-85cc96f80310	0.7703	M
1	>6ea69b43-df4c-6a21-1382-72f170233c69	0.8229	M
1	>71ff4464-3c86-16c8-944f-42b2a40f028e	0.8060	M
1	>2795a456-1ad9-e10d-d12e-8ddfba584d5d	0.7765	M
1	>a5a687c5-7c21-db33-a04d-3b1ddd06060b	0.7611	M
1	>960b1d20-9517-0a6b-7356-ef1e2804321d	0.7708	M
1	>fa62c107-7659-e636-0beb-23c02c5121e6	0.7978	M
1	>da1a3974-9056-bb8f-af9b-8482eb87028f	0.7824	M
1	>482efc99-a0b5-2de0-bc6d-290a24fb7781	0.6455	M
1	>cbe7451a-1f6b-38e4-72c4-216777689b22	0.7061	M
1	>b632ae5e-8319-53f7-2591-b7a4366e6e40	0.7560	M
1	>6fbcdc4b-a8cd-47e1-65b9-d7c3b41850ff	0.7626	M
1	>d3b6a84f-3456-d2ce-97ff-df37840f8641	0.7028	M
1	>a14c5d64-45af-47d9-17d2-2dea8278f12b	0.6498	M
1	>d075ad5a-ac98-d8dd-aa47-6c5ed28209a3	0.7958	M
1	>592bd04a-2726-c754-ed75-b58eb0d4a30f	0.8049	M
1	>2f821425-ac25-1d95-6b29-cd13714e298b	0.8038	M
1	>a97fc9d4-6b12-f62e-b4b3-2dcd8879bf5a	0.7712	M
1	>c8246815-aa97-bcc3-afb4-96c72812678d	0.6802	M
1	>eea6b6d0-24f5-85be-1679-8dbef12e16e0	0.7553	M
1	>ccecdab0-9703-3cc5-00bd-a11bc940023c	0.7681	M
1	>136a810e-12b1-257c-e8c4-23f776b0e59f	0.7890	M
1	>cfc5b81a-88bc-8f92-53ad-61f84486a621	0.7855	M
1	>19f79059-196d-7694-62c6-d7f91e718510	0.7525	M
1	>09852a66-71cf-b658-ba9c-5c16db0ee524	0.7981	M
1	>ca1ed88d-18b3-fc43-2e65-0883d41336a7	0.7786	M
1	>f22bfc63-e013-6bb1-0d21-a649b4c6a299	0.8301	M
1	>b4359494-13a8-4257-a615-4c264b7cc6c2	0.7521	M
1	>45f5261d-50af-b93f-68d2-2bdc7761bb43	0.7807	M
1	>2ec3f389-9f09-78aa-dc6f-6d1a899766d6	0.7774	M
1	>e67a2673-312c-35ff-56d2-c49b732f9bf7	0.7992	M
1	>444b6048-dd97-16a0-8f3e-2ec92e346b3d	0.7196	M
1	>8933adc7-d7a1-edfa-d18c-f2f56ad5c633	0.8388	M
1	>562bb7bf-39ac-b904-a750-7334f372f5f8	0.7804	M
1	>b25da366-b5ea-90dd-8d1e-43f4170e8f58	0.7631	M
1	>71723c21-f3a5-7b2d-033d-328ad7a2b37c	0.8051	M
1	>62df21b2-fdad-559f-14db-831cc0574355	0.8287	M
1	>4245f19d-f60e-b7e5-cad1-dba97595325e	0.8105	M
1	>b540d697-62b3-71aa-6e63-fef230f70d0e	0.6998	M
1	>7d123736-6ace-d9d7-0f28-cd6b3e5aee17	0.7998	M
1	>83a358ff-7673-198b-9e7e-0cc167dc8042	0.8319	M
1	>5c648102-eff5-1e21-2be5-96a4947e6308	0.7829	M
1	>f2b0f5c0-e008-edc9-1721-39b223603356	0.8110	M
1	>4d7a7146-dd81-fca6-76e6-af9de2d87fbc	0.8053	M
1	>0904983c-df4e-9a5b-69d2-2bd79bc2ae82	0.8559	M
1	>36b00f20-c501-c64c-917b-92b5005b3213	0.7979	M
1	>f695a657-494b-e664-e64d-b007814e840f	0.7553	M
1	>7e6fea42-9cb4-66a1-94c4-6936f623ee01	0.8357	M
1	>a942ff2f-9ba0-ca92-15fe-30bf75522e10	0.6237	M
1	>a9f82916-b8de-b5df-2698-4aa169dc7ad3	0.7957	M
1	>bf0db11a-0eb5-488d-f6d9-c6955f4d8640	0.7068	M
1	>2c6c9f13-93be-a178-c522-845298d3939f	0.7633	M
1	>89c0a638-7bf9-a827-f1cd-38d042a86b5c	0.7884	M
1	>614757a4-65b9-625e-e576-c9cc85362316	0.8120	M
1	>84373e1d-140e-0423-7fb0-a54d21786531	0.8155	M
1	>d97dd40a-b4f7-d145-f606-69f1d56a221e	0.6972	M
1	>216f3c5e-1a0b-c419-33d5-31536b31d9ba	0.8547	M
1	>ecc80083-0872-de2f-3815-5ae64b524ea7	0.7911	M
1	>0c83ea3e-9125-c1f7-8acb-77c34daf7878	0.7779	M
1	>02a9bf40-74fd-be31-2b9f-57a0c5ca0a13	0.7893	M
1	>9e549ea9-2e81-819b-38bf-6671f9a5b140	0.7567	M
1	>fe3080c9-3bf5-f49c-c8cb-a5ad2eb81222	0.7667	M
1	>9c4cf52c-9873-710e-1519-6ddc9abfde30	0.8082	M
1	>4dbb13da-7d71-2d2c-cc86-3a0202d72700	0.7611	M
1	>fd58b841-9263-409b-b41c-59dcff40a256	0.6755	M
1	>2ab09a95-637b-62ad-6e5d-0f9d8e7fff28	0.8669	M
1	>fb5265a1-891b-ed74-13d0-681d5493a61a	0.8193	M
1	>57155b69-d1d8-7b2e-1745-2aa13036c3a9	0.6471	M
1	>685e99ba-8ae0-379e-540c-c1140c7822eb	0.6795	M
1	>acf76566-b8b1-36f9-1365-a6e7ae96acbb	0.7662	M
1	>286deb37-207c-accd-3f31-799063b5f632	0.8545	M
1	>34c4403f-c8ad-df81-4c76-713c0e1697ba	0.8292	M
1	>29658569-a90b-bc12-cc0b-a02b08792d4c	0.7690	M
1	>76ba79d6-f581-9e77-cd3d-ee5269a7b025	0.7900	M
1	>b11b956a-6c6b-fc25-b626-2ffe97cfe675	0.8218	M
1	>82ad8e67-adde-cfe1-d764-9d04bc7a7896	0.8523	M
1	>71d3a5f2-7f4e-2c83-2c8f-88fe5a97a604	0.8232	M
1	>824fc8d0-72f2-362d-d605-44ef2232879c	0.7411	M
1	>5f791089-c23f-ed5e-57e2-9b72cbd63010	0.7530	M
1	>59750bfe-4d92-bc83-b533-d61e087a8030	0.7160	M
1	>55f9bf6c-e4b1-983d-479d-6a79dcc1a943	0.6660	M
1	>b8b90b98-32c5-21b7-b7ed-49f5843a098d	0.7908	M
1	>d8cdade1-4741-fae7-3f3f-df101e1440e5	0.6188	M
1	>cae1fe8c-6581-a0a0-9798-783bbd1d1766	0.7370	M
1	>ad0a6592-80bf-265d-c0d0-50c2fc5584dd	0.6922	M
1	>03c52c7c-7bae-1dc7-fdc2-2c48ccc98c07	0.7933	M
1	>9e473f3c-e452-871f-71bd-488428c604ad	0.7901	M
1	>2b7af84a-cbd6-8c0a-8d9a-55a0843277cf	0.8338	M
1	>ec2d01d6-940d-5139-6299-c010078b9191	0.8250	M
1	>00b36714-a921-2f0c-d806-c0ae52dd7142	0.7196	M
1	>74e1c325-6807-5167-e7e0-0275333d9162	0.5882	E
1	>227b1c0b-b4e2-09c1-f3f1-7c7f1a47924c	0.8025	M
1	>3710ad98-1bb2-d1d5-793a-9eb0850742a1	0.7770	M
1	>219f623a-8378-f500-54c4-6f44b74ed985	0.8013	M
1	>b9be1eb0-590e-8805-a87b-00986b08008e	0.7579	M
1	>9e4fe521-8991-78bd-7ad1-b4bbb631a7ab	0.7681	M
1	>d503b72f-d033-b396-ee1f-6d75ba79b0de	0.8083	M
1	>7b8d5a39-1d10-a482-62e1-67ec39af0258	0.7532	M
1	>3400c1ae-57ec-af2c-8ce3-032ffc529272	0.6437	M
1	>a45416a5-0027-8de0-9bd3-25afed31addb	0.8334	M
1	>6e86176f-6c5e-317b-a8d8-9316feee23c9	0.8132	M
1	>005c9a1a-bf62-1e83-8be8-41c9649edaeb	0.7201	M
1	>badfbe4d-57d2-9ec9-b43e-cb5547770ec3	0.6554	M
1	>be73d08b-0913-5784-07bd-7c77b4214caf	0.8131	M
1	>5d1073a6-4b02-e098-f0b3-69c74d92062a	0.7835	M
1	>3aba0997-74b4-9db7-2431-0287e9c539c9	0.7370	M
1	>8a9916ac-f61f-59ef-4b32-dedc0a82bb6d	0.7617	M
1	>c2e52ed8-9cc4-0a8c-a978-525d2b7e56e8	0.7328	M
1	>31a9309a-4e0b-4973-2dd2-f6850ecc9bcf	0.7944	M
1	>09b8d8f8-e666-8642-8bee-3d00a305ede8	0.7127	M
1	>1a011d43-2f3a-a7a9-e037-8e11a93b5e9a	0.7412	M
1	>ccd04722-fab0-7702-b136-4f4612561f3a	0.8341	M
1	>ad20d879-5b41-98ba-62d7-e3f9bd3f594e	0.7832	M
1	>8e8d52bf-b8d7-4cf9-e1da-81c6c0457b5a	0.8188	M
1	>e5e2eaa1-bd4a-0147-ab00-f19bac3fe6fa	0.8320	M
1	>823b5fcd-aeb8-87d9-d4c6-b6c94a597dae	0.6575	M
1	>bf6f93a5-6d84-3a96-a7a2-22626975ec14	0.7523	M
1	>0d31bf8e-7745-61c6-03ae-e870c4012dc4	0.8590	M
1	>b78903fd-2caa-8a91-4fd4-c8d3cdef70be	0.6788	M
1	>d526af5e-5659-4c19-cadf-1143e153547d	0.6732	M
1	>879e3415-13ca-2abe-ab5e-4165d68372ed	0.7869	M
1	>527d1768-3dc9-1058-a84b-1aca6a56d84d	0.7570	M
1	>aa294365-3409-e8ea-c332-63ba581d5eca	0.7839	M
1	>4f7d6dcd-91ac-b6db-4fe5-fdff364db7c8	0.7777	M
1	>3b1445e8-5979-c222-86b1-8d0d7af0cb81	0.7743	M
1	>e2015d98-c964-7160-5921-affc235baf44	0.7772	M
1	>87ee053f-ad58-72c7-4288-c87be87d09dd	0.7897	M
1	>dc5bb880-5bd2-1874-7225-de33d7dd44e9	0.6655	M
1	>e41f311d-bffe-8b6d-225d-7f4fffe01b83	0.7847	M
1	>c987ac90-d983-ff5f-89d5-976ebd0f4ebb	0.7336	M
1	>34fa9896-ad53-e9b7-19c4-77e699d092c3	0.7347	M
1	>4eb548ce-5e87-60e9-a9e5-246c5d4c5757	0.7758	M
1	>79b8f208-40e7-e89e-1ff2-4a6eca13e258	0.7939	M
1	>65f55b41-ca45-2a1b-e718-b842fa955ac8	0.7982	M
1	>54f09490-ea2e-7914-886d-2b4b559641d7	0.6697	M
1	>6d3885c2-ce12-cf7f-1ab8-e002c8a0dc08	0.7154	M
1	>3995a9b0-c6a6-3985-9737-47e414071ddb	0.7488	M
1	>45a86520-dcc9-b1c2-09f6-5d549d72acb2	0.6587	M
1	>17145628-cb67-20d7-50d4-416213fc2243	0.7395	M
1	>818c1a56-2b3c-161d-eb63-77476a369986	0.7364	M
1	>fb9a9fc5-7479-0634-095b-26b4e353991d	0.5965	E
1	>992ee592-07f3-3755-48f9-826e13391465	0.7859	M
1	>02c0a3e2-3244-4ca1-2e9b-4331ff270716	0.7426	M
1	>792f1363-a978-a32a-8fe5-b83263179276	0.7743	M
1	>11f2401d-326b-e4f9-36aa-e70bf0ac7e33	0.6016	E
1	>ddc0f9bf-375f-e4aa-938b-def5c64edfad	0.7346	M
1	>1d4d26bc-595e-f3c3-6afa-8d1fec0de514	0.7457	M
1	>6f80673a-f9a0-7cf2-8d21-177ba13ef061	0.8831	M
1	>d23951ba-7377-91fc-258d-515949609a23	0.8305	M
1	>3f5c7e7e-2009-7f9a-f02a-34c98ba37d6e	0.8207	M
1	>cc4a0935-499e-0810-2869-f996d9ca3cd1	0.7387	M
1	>b1e7d2d4-7312-95a4-45cd-3cffd32485d9	0.7870	M
1	>7d733c9d-93bc-995d-f98e-8b0c9aa9351e	0.7998	M
1	>85d2b9da-2b94-bea2-27d9-6f4a1bc8b1bf	0.8221	M
1	>02d6783b-2bd9-62e3-d973-fbbcc0a02745	0.8362	M
1	>bd05fc69-a1c4-9a83-5f3b-bc5e63955d87	0.7848	M
1	>af505077-06c9-1dc1-9639-e92d61fe01bf	0.7838	M
1	>ae71a8bf-7706-47f1-a90c-e638fc86c2a6	0.7817	M
1	>e905f2d0-bea5-bdd0-675e-a7e347c2923e	0.8136	M
1	>e4036422-1e3b-6f6a-e469-e0e2b3c377c1	0.8285	M
1	>12a92cf7-96fe-ad33-d634-2ad387674f7f	0.8523	M
1	>e056ef14-6749-9f37-dd20-2995f7cdff8a	0.7939	M
1	>8cab2f02-3133-99d1-b563-07b963f2f1a3	0.8124	M
1	>de3ee56d-ef29-3b91-2f81-ac6a51dcd911	0.7830	M
1	>5a404650-70e4-2986-36bc-274c14231198	0.7238	M
1	>97af950c-110a-53a8-3d37-65ade3c135a9	0.8103	M
1	>53fa8a02-772d-e0a7-1a1e-cffa9c2e933f	0.6907	M
1	>01101953-9050-2729-818b-ef6892b85021	0.8147	M
1	>c4c4d767-bc17-0cdf-3b4f-4a039978328c	0.8436	M
1	>a5ec859a-7287-8e57-8427-0b74865236b7	0.6434	M
1	>36a886ad-76ec-c0c7-ca98-449c643125f9	0.8181	M
1	>46802aba-807c-2261-727e-f8ef8f957675	0.7631	M
1	>f8cbcd03-8cb2-42a3-b1c9-15c04f2e7153	0.8434	M
1	>4f44f25b-d780-ce6b-694b-7d6fc140d117	0.7682	M
1	>f0891c4d-f81b-7f38-b26e-247a421f65e4	0.8076	M
1	>4f596d2f-d9bc-fb10-e66a-cce8a2717c3e	0.8048	M
1	>479c77be-9da5-5877-0671-b04e3385bb9f	0.8323	M
1	>916df2af-0b58-b6f9-658e-6c3a1248626e	0.7828	M
1	>c546702b-3c4b-dd84-ca48-07d385d2bedc	0.7155	M
1	>c2a8c583-80f9-96a4-c8f4-4de316a8bc09	0.7227	M
1	>f7ad7ff6-982b-12c7-41fd-7fcd64777627	0.6881	M
1	>7c84da93-d53b-b4de-170e-92674d29b274	0.8447	M
1	>26ba15ae-5803-d862-33ef-67f923d80f45	0.7922	M
1	>e019d6ad-354a-f9c2-366e-65d29f6873b1	0.7606	M
1	>40bcb3bc-0cbf-3412-8883-5785414be5ae	0.7706	M
1	>08954c60-4fd6-7586-39ec-b6fbc7d2d368	0.7974	M
1	>29c2968b-6186-55b7-4158-8f422c335262	0.8273	M
1	>aeba7eed-a980-ef99-db00-3a10cdeeeda4	0.6339	M
1	>2db842e7-e201-be29-f1e2-0a85aca97c6d	0.7705	M
1	>10dced29-f6a7-4c13-8cdf-037403bcf642	0.8011	M
1	>f3db669e-1e37-fa7a-25e8-2006019f89a5	0.8324	M
1	>9cea9f3b-9d44-b730-7b75-2d04818130d3	0.7387	M
1	>60debc82-4171-0785-7b7e-cc89133df086	0.7344	M
1	>f8fd1be9-01dc-1e65-e880-bab8e7fc1221	0.6833	M
1	>712f9ba6-7681-167a-cc38-817a00ca52cb	0.7720	M
1	>0ed9238c-d86d-a707-8406-675dcd8a65ca	0.7157	M
1	>530659f9-33d5-2b71-e3a7-2b13ba354c7d	0.6671	M
1	>19ce6923-2e95-f910-e2e7-770d6208b337	0.7559	M
1	>e84b96e7-3b2c-42d8-433d-03fe9ebd1b7a	0.7808	M
1	>b33e73e3-d802-8b8d-d911-12a476e024bf	0.7113	M
1	>172731b2-7c8d-c175-a7b1-6c8c011b7894	0.8169	M
1	>13089be5-b125-c9b1-07ec-e4a33e9ac027	0.7199	M
1	>26af366c-86ef-8249-a92b-d5d8fcfd2b24	0.7948	M
1	>fc1dd534-009c-99d3-fca0-03f729129d1f	0.7460	M
1	>e1dd5d89-0504-a869-2783-74907451a724	0.7802	M
1	>e2d23047-32e8-f5a0-bc1e-145a86677411	0.7288	M
1	>e3e54372-0798-046b-f72c-0620a4603a4f	0.7568	M
1	>2fdc4b0c-bea6-0c5b-0880-64acbaed6558	0.8396	M
1	>d2058244-f85e-cefb-3c91-80c6061bb2ad	0.7598	M
1	>9e4681ee-cba0-ee62-e707-f6582bbaf76c	0.6535	M
1	>bd7baa18-e1b4-4b3b-1889-a3351760db9f	0.8003	M
1	>b4cd0fd0-6502-7a2f-41ee-e35487b4cbfa	0.8168	M
1	>81c2ae92-34e4-9b5a-b2a4-7ed9be22c4c5	0.7702	M
1	>cfde4b8a-e731-8ed1-45c2-287458a8b7a6	0.7042	M
1	>aec81b97-699e-b2a3-48d6-4c3ba010d428	0.6881	M
1	>e2813a88-ce86-cfe5-6038-138a57668277	0.8134	M
1	>e958b1bf-92ad-7f7a-b7d9-478235ab81e7	0.7201	M
1	>a2c6b458-6556-8b41-8c5b-f251e4b08955	0.6318	M
1	>0f729651-fafa-b3a0-c95a-62fc4dd21e6c	0.7677	M
1	>f36c2b78-2815-eef1-8008-5b43a83d5e5e	0.6774	M
1	>0cd05e38-e839-607c-7be0-6dea4ab5f9cf	0.7141	M
1	>4b8fbe28-e4b6-d32a-7752-b021e148b82d	0.8364	M
1	>3ce9dbe6-1868-3c6a-2895-29763869abe5	0.8121	M
1	>96161e79-ca5b-90d9-91a7-0982c39d6571	0.7777	M
1	>074b388e-1bc4-2a80-3175-ccb021defaae	0.7713	M
1	>b64c099d-c461-21e7-d4c0-1a5933e9e3b8	0.8044	M
1	>c83c12c2-2a36-787d-8728-72dd1636e799	0.8559	M
1	>299e9438-0192-5f53-e24d-98ea871da77e	0.7602	M
1	>f479d887-3deb-b9c0-d6ee-fd3fb9d1e5e1	0.8023	M
1	>d52ce962-e981-48f7-988e-447418770602	0.8171	M
1	>04b38e77-b234-83e9-5706-eb5efe5b8bf1	0.7393	M
1	>e5eec0f1-ef20-fd87-865c-2571793491ea	0.6423	M
1	>2c48abdc-9c56-b717-110a-3e6af57eea22	0.7279	M
1	>b2caf6ef-9bbf-92c0-557a-43cdd1d19a7a	0.8339	M
1	>9aa9e9fd-4581-caf5-207e-a3fdaaa93780	0.7326	M
1	>0ba51aec-973c-f325-7413-333b066e5879	0.7439	M
1	>4af1730f-af3d-4c9e-deb7-b9db4dd66155	0.8081	M
1	>c7e73749-b8d8-5393-16fa-04a4b6067b4a	0.7958	M
1	>b1d87dc7-8990-8ba0-35ee-02d7834e17b1	0.7387	M
1	>10132f2b-a843-de3c-7557-64fbd164575c	0.7268	M
1	>0218172e-7ffa-201b-f72a-531b2856b7d8	0.7857	M
1	>f0ee51cd-840e-ae2d-e344-cf769efd6b1f	0.7606	M
1	>216c2a30-0365-98b3-a16f-ebe18b5f8731	0.7667	M
1	>408fc81e-909f-5eb5-cb7b-16777286b8ec	0.7873	M
1	>ac9c0092-3cf0-5f7f-e428-27ca4991ed28	0.8210	M
1	>44b7617d-f802-943d-3897-447d337a28fe	0.7677	M
1	>4c58caea-36ec-d9d5-e8e9-c602fa1789dc	0.7164	M
1	>f94b537a-e8a7-96d0-e6ff-ad31b47ec29d	0.6319	M
1	>d80dac17-f3f9-1d36-a6bd-ecf21ca930f3	0.7734	M
1	>6c05d973-ee51-dcee-0d23-b2749a1cf4f2	0.8682	M
1	>a24c6b4c-de6f-159b-608e-d4a3d64803ec	0.8585	M
1	>cecdd5d4-f6eb-d768-054c-a97c3162bb63	0.7238	M
1	>4062801c-6fb9-ac75-c4f3-8eae1a09c5f1	0.8012	M
1	>e74e7c81-1dc7-3698-2447-22c4a6e2804d	0.7554	M
1	>f73c8afd-e149-7e60-e4b6-664a84cf7764	0.8328	M
1	>cdf95747-0cc3-458a-9a33-35ba42426661	0.8231	M
1	>24572a64-f54d-d527-a6c4-e227ea6e738f	0.7448	M
1	>2413e0a4-2606-499b-536a-fbf85f7b42bf	0.8321	M
1	>54fcffc4-a242-792e-e451-93c902b04e77	0.8144	M
1	>58a5e7d5-a0ea-5578-537b-a5f1dca3f93e	0.8210	M
1	>ec4e1b32-f9bb-1374-5b73-d70fbbfaa237	0.8202	M
1	>303daaab-4f6e-5c93-e28b-3f8d311c1dfb	0.7780	M
1	>dce27aef-576a-4666-e358-f8da2480aa31	0.6251	M
1	>262b1fbe-97fe-cd81-5882-81367bd6f58a	0.8175	M
1	>98212038-9634-eaad-2f0f-8673afdb805b	0.6610	M
1	>4fb2b647-b374-ac5b-1fb0-1d13c397ecff	0.8167	M
1	>801c5153-23b8-acf8-f7f6-de90076cf288	0.8106	M
1	>5bc57f37-4f9a-bd2b-db66-3019df1ad7b5	0.7381	M
1	>b90ceb56-774f-fbed-6765-a2d5611cc953	0.8358	M
1	>46d79ac1-b4ad-cb7d-485a-b9af7cc8e250	0.8294	M
1	>623d2703-e4a6-4eb6-cb62-a8f515f1d1c5	0.6550	M
1	>f44dc3f4-5861-207b-2a9d-629def36721f	0.7148	M
1	>98437958-7602-4058-12c8-8fa1e6978ed1	0.7533	M
1	>43160111-03bc-aabe-8ce0-954152480d69	0.7365	M
1	>f940f3f1-39b0-73ee-514f-c104c9a57ba3	0.7342	M
1	>bddd7c38-560b-23f2-39b8-74b3a2864b60	0.7585	M
1	>912fc940-025b-bf03-f15c-560b9de6a898	0.6712	M
1	>adfb0b66-f8d5-28da-0d2e-589a20167b39	0.7957	M
1	>650e5570-0d3f-b776-d4e6-9c31c98d8c92	0.7496	M
1	>e23c2206-e0ab-19e3-846b-0db3c41bb19e	0.8393	M
1	>05d43e5f-966d-3a89-00f5-28841e779e82	0.8199	M
1	>455d0605-b53c-5888-b0dc-a837ed4718d2	0.7865	M
1	>26d25d40-16ab-23e8-175d-c9689f42e714	0.7160	M
1	>d09d1f52-98e0-3561-4261-e5e1197f866d	0.8431	M
1	>0334343f-b3c9-da4b-31e4-52f673c5cb2a	0.7591	M
1	>f59808d3-9322-8a84-decd-f9b522a896c6	0.7979	M
1	>3a5ca589-9dca-6ae2-b593-8587af284129	0.7249	M
1	>1ffecbb4-a5f4-eb54-7198-3222fe79e1c7	0.8008	M
1	>46a1d372-ac42-35c5-8ed2-50c5541f86b2	0.8441	M
1	>7ace3cff-7150-fba2-f03c-58c466f50d4c	0.7419	M
1	>bc5373da-0eeb-78da-1b86-dfcd86082d72	0.7246	M
1	>7a229f9b-8ec6-de92-b473-016172e5e4e8	0.8382	M
1	>46a07f60-546a-7c9f-004d-19de6d8db6b4	0.7589	M
1	>725f8b64-77d8-2dc6-5116-9e5c1879ad15	0.7653	M
1	>8dd7a65d-d46d-0d0f-2e0e-22e1c953e62f	0.7258	M
1	>0d1ee9f6-cd89-d4ff-04cb-c73b21553db6	0.8010	M
1	>6da48711-73e9-5b0e-0044-37f05abfdb26	0.7958	M
1	>a2483ae4-813f-3560-74b5-20bff27112ff	0.7774	M
1	>a6a4af7d-e16a-c735-c270-3d505db0cc87	0.7700	M
1	>eaf476e5-3cb2-0e0f-48fd-9693a2deaff3	0.7948	M
1	>199cd361-7fed-ea9d-f8dc-3cc4fc77c2ea	0.8473	M
1	>804bca37-1157-3a22-8657-f2faf1dff451	0.8094	M
1	>e66f5bb0-33ca-ae2c-5633-45b0d00db606	0.7862	M
1	>28945fdc-8f5f-a8af-bb3a-667924141bd1	0.8007	M
1	>d94c25ec-8d5a-0082-d6a8-a34891f3e134	0.7842	M
1	>99160364-40bd-9c56-6950-5da14cf5c93b	0.7692	M
1	>3fbcb267-5c52-be9b-3fd7-3e15f3370561	0.7055	M
1	>6a74eaa0-2a89-8dc0-c156-7719985f7b6a	0.7485	M
1	>fb2b911f-d2a4-2ad3-fd04-58fcf4eb630b	0.8079	M
1	>7c76651f-f2d8-cc49-0167-42ca4bb2b30a	0.6537	M
1	>e9f615a1-52ae-788c-7d84-f6a2240f98fb	0.7413	M
1	>bdbefde3-3372-fb71-4893-23d31bad32b0	0.7836	M
1	>12c183b9-282a-11c0-1a2a-4fdeb19fb4e9	0.7947	M
1	>4f439b00-f890-3445-0fd8-8b3a5f910cb1	0.8242	M
1	>269a3b07-fc21-8dea-10a9-526a9292a533	0.8169	M
1	>9f155b41-fbe0-c446-3b56-6af93bb4d3e6	0.8370	M
1	>1f68b6f3-af88-1eaf-bb92-c0b0a44c4fef	0.7527	M
1	>5970f475-abbc-4f57-cca6-885f742fbb25	0.8122	M
1	>8d3d60ad-1d23-af03-d380-fc572cf71fb9	0.8409	M
1	>23a25cae-d866-d20c-cb3d-0ab830f6285b	0.7290	M
1	>bc8c202c-0e50-164d-f40a-f41640f0b3ad	0.8034	M
1	>d3cb442b-4531-98c0-9571-d78d3d28747d	0.7578	M
1	>5c551887-8ea2-724b-773c-d4adcfe71092	0.7682	M
1	>b0220395-d7f8-6908-4806-49b3ba32d846	0.6720	M
1	>a9c4f319-f495-7d1e-d8e8-ae1afccde451	0.7773	M
1	>469aa6b3-03fc-60b9-7388-f425d732c421	0.7951	M
1	>d78d7d3c-e23c-bad0-22ec-5f9bc150e5c2	0.7905	M
1	>78b91d99-e471-4c63-ca58-61d8818d52a5	0.7880	M
1	>b511d1fc-97f3-1e95-93ee-42e0ebdc7a60	0.7312	M
1	>235c4e1d-94d8-dd1b-178c-339a3f76bf7c	0.7624	M
1	>4d9be096-9fbb-6929-d9f4-f3c15e94c15a	0.7981	M
1	>b74bfd05-3596-b2b2-4fb9-13e068c55d51	0.7140	M
1	>8bef518f-8451-d714-2c51-b28c94a640fd	0.7943	M
1	>aeb05a21-2754-2391-e0c8-571e703fd503	0.7561	M
1	>60f0f589-60b8-79b5-4446-1930f06e8188	0.7591	M
1	>828f911a-f472-f176-0e43-b9771f2a954f	0.7212	M
1	>5732d402-6b5a-d7bd-8412-20069d2d2dc7	0.7962	M
1	>38cf86ee-547c-4b44-3dca-fd91e52cf2a2	0.6353	M
1	>15ecd19d-5447-0f92-e413-000b781047b2	0.8447	M
1	>016a60df-9e55-32fa-5d79-2bee841a6914	0.8311	M
1	>c3ed8746-f850-8b61-a166-7b2cce0b7b95	0.8035	M
1	>4b864964-b2f4-3420-7dcd-726007e6aab6	0.8303	M
1	>b52bdcc5-fabf-27db-cc77-207b9314ea5d	0.7713	M
1	>eb2b4306-f78a-af35-e1ba-5966f24e38de	0.8228	M
1	>7f6ac676-b808-404b-dc89-52842321f52c	0.6546	M
1	>6e0ff71f-0690-e6c4-3fbb-ecb1f1fc5c3a	0.8104	M
1	>510d7234-ee59-f7fb-1455-ea4fd74830ad	0.8359	M
1	>1eda51e5-2745-267d-9752-3ac02b289375	0.7653	M
1	>1b3d98dd-859e-f649-eab0-5782a46035cd	0.7882	M
1	>9ed24a87-b13f-ed55-bbe4-146877567cb8	0.7831	M
1	>ba997183-a427-f048-e3d8-0091327f147f	0.8128	M
1	>ac1c8ef9-4b6c-0581-11d8-df4771a9a210	0.7039	M
1	>2db80991-37f9-3555-2e07-6a42310e6437	0.7521	M
1	>d04669ca-9f13-8da0-c00a-57e4be5a77db	0.7269	M
1	>8007754c-723c-6866-c912-5793728ded1b	0.8158	M
1	>3e35cec5-9d7d-fa6b-fd3c-9da406e435c7	0.7903	M
1	>6616910e-ec6a-ecd0-9778-429cd4ced887	0.6707	M
1	>5ceef8e9-60ee-4c0c-3761-509485df395a	0.7650	M
1	>bdd46db0-6192-e4b8-be55-9c6288dc100e	0.7499	M
1	>08faed03-045c-a901-df7d-aa68554797ba	0.7982	M
1	>9d6a98da-b372-ca03-1430-73408fa7333e	0.8494	M
1	>cc651f53-19cd-af51-943a-1cae65cc61b3	0.8076	M
1	>dab890ef-1fab-b23c-2c42-597322c4b5fa	0.7900	M
1	>592f27d5-d3aa-61b0-f1c7-a5a50147a94b	0.7848	M
1	>88bc982d-cbd3-b7a4-b038-84b5040b379f	0.7630	M
1	>dbcdde73-48ce-4dc4-17d4-a7445a29e9c5	0.7710	M
1	>450e2da8-3ab4-92d5-9410-f2834573f9ab	0.6670	M
1	>a46b547c-2b64-a1e6-900a-62693bb3ab90	0.7828	M
1	>5c4096a7-3d6c-ce48-1ca0-b8c56581f34c	0.8831	M
1	>6a4150d6-e139-8f76-bc83-26e55231cdcc	0.8102	M
1	>0a722801-059e-c9a5-e121-68a08c073fae	0.8012	M
1	>32524ecd-9dc2-b10e-ad03-994554ef69c4	0.6248	M
1	>1fc0b649-5e6c-eef6-faa7-c6b3de7ba22b	0.7743	M
1	>468ed7a7-6cd9-093f-e95d-eb96f060a485	0.7245	M
1	>3e9dec46-f6ad-e217-783a-c4dbc5a1f44c	0.7993	M
1	>51c3fa14-51d0-80b1-81c9-c642c71f57f8	0.6815	M
1	>aeb9c2e0-470e-d411-a4dd-c7ec155f135e	0.7674	M
1	>43ba3f7c-dcbe-e90f-a143-3cff6b787eb1	0.7557	M
1	>3faf3398-a7a0-700e-182e-da003bc67e4f	0.8055	M

2	>c5298a67-4c60-e796-da1a-86b00298f926	0.7113	M
2	>12814f51-c96b-ec45-fb19-85441e8c7d23	0.8344	M
2	>9393f040-4233-9ef1-f21b-12f7c35b50e0	0.6778	M
2	>d0aac8e4-4246-e4c7-8ba6-7b44f5121d62	0.7897	M
2	>a8ae0a1a-c391-1d1c-10fd-3ae0df8fb739	0.7163	M
2	>cf32de6f-e916-e3c1-d25d-6e19fdb3f1d3	0.6581	M
2	>6313247b-981a-4e07-e7dc-370f2c692745	0.8315	M
2	>54e74383-e71f-f988-6b81-fb626cd681eb	0.8018	M
2	>d9822dd4-b6c7-919e-9019-290d4bf4465b	0.8033	M
2	>652186bf-ac45-d67a-a0da-fda9afc9dc06	0.6359	M
2	>ea237a95-b409-cf54-1da9-db90f4ff2a19	0.7891	M
2	>a769d24d-d8ac-2064-db36-63ae85bffa84	0.6177	M
2	>8cc9a813-3d2c-b194-00ad-077f64cc68a0	0.6275	M
2	>7ffc7e1e-7d03-13bb-50e5-2945fdfa3098	0.7995	M
2	>45af7afb-3d6e-4220-ff37-c1e134738195	0.7929	M
2	>da0d9af7-e578-7a92-eec8-5e0ee988cf5f	0.6012	E
2	>82a7deb0-b1b4-058a-07b6-c1bb4062c034	0.7447	M
2	>c8b53d39-e135-1119-b418-a05e6969dffa	0.7781	M
2	>ec18ed30-bbec-bada-add0-ea2d5de8da46	0.7283	M
2	>0bfa97c8-ced9-eb7a-97db-fa520e47d76d	0.8186	M
2	>7d6581c0-e693-81e8-2022-d09fe0b1ae9a	0.8180	M
2	>355e2cea-bf3d-6c39-f57e-54c0749b89a6	0.7358	M
2	>83ad1886-46e8-fc42-b04b-bb84203e3f8b	0.7625	M
2	>33066936-8992-b8ae-a8d8-e477caa515a0	0.7953	M
2	>c13aea5b-2e49-1c53-2967-05f1bb63f72c	0.8087	M
2	>3016b084-6586-6c4e-62ba-e8c2a71ac49e	0.7345	M
2	>33d2b38e-60c0-519f-b70c-96d9a803af10	0.8072	M
2	>05be05db-9b65-f71f-461d-3c768daaf4cc	0.7251	M
2	>bc876b1d-e932-c9b3-b598-d2c21c2674c0	0.8193	M
2	>18d2daa8-f818-a71f-af08-43b03d98b4b1	0.6930	M
2	>43ee2866-b8d1-5043-9124-ed246f5ba981	0.7618	M
2	>3616263d-f2c3-4a76-a159-4af792011a9b	0.7830	M
2	>69c1cc9e-0897-bf20-9eb0-bd42267bf674	0.7627	M
2	>c55c511c-3dda-0b63-68cb-807a7511983f	0.7596	M
2	>467e6fa6-ed16-649b-841e-df7fd806f122	0.7585	M
2	>8fc8e0b7-749f-7c09-0982-48640c6307c3	0.8385	M
2	>37a446b0-9d87-95ec-a013-4426e0506e24	0.8028	M
2	>dfc27c07-e121-e7a3-a02a-0ab6af780dde	0.7553	M
2	>66037e03-64b5-3d67-c2c4-394f356f063d	0.6254	M
2	>af66c43f-74e1-a7b1-3217-93487df1b0c0	0.7648	M
2	>42958bbe-08d6-3a41-849e-b40952637322	0.7192	M
2	>58eeac28-43d7-8f62-652f-f9113bc41cf2	0.6983	M
2	>53b0774e-7775-a7b7-91a8-54f517e062b3	0.7540	M
2	>b7a57285-9f38-9d10-6db1-bd99b442a7e1	0.7032	M
2	>f5f2e2f0-62de-d164-a8df-cc011139a6b9	0.7224	M
2	>79c55ff5-f310-af32-194e-dee71d829d37	0.7915	M
2	>6f46600d-76bf-a309-0224-56add1b1121a	0.6767	M
2	>cb7b16e1-af1a-6187-6d61-07a5844cbba3	0.6732	M
2	>da8803c4-2c39-3ccb-90a7-01bf6847f793	0.7520	M
2	>5ef6e392-881f-11f7-e9f3-f630fc7e8919	0.8097	M
2	>90ddf4d9-2123-578a-6595-f49f3f186263	0.6337	M
2	>adfaf7ba-21ea-081f-8f3a-f3a683dc9e81	0.7931	M
2	>a30742ee-b55c-fac6-5a40-9ce21d202e83	0.7614	M
2	>f6d1a6ac-bd1b-92c8-7730-5e7eaa879b04	0.6937	M
2	>a14ef364-25a6-cdc4-851c-b6b24ab259cc	0.8045	M
2	>9fe3952e-e64e-7d0c-25e8-7325a2c3f9f1	0.6080	M
2	>aa0f9b5d-8785-6df9-268b-1ca3ad3fd676	0.6816	M
2	>b5694f0d-cbae-6f1a-aa9f-abbf19cf4d7d	0.8056	M
2	>1fdca0d9-fb05-e85d-6164-e8269649fbad	0.6136	M
2	>f48edb48-76ab-0ca4-81d5-e15f767d0cc8	0.8011	M
2	>b30939d7-8b8b-b1ac-17df-0d7ef431e8a0	0.7880	M
2	>99c63100-74e7-7b90-518a-21927334b543	0.7505	M
2	>ebd5f434-fc10-455f-6812-99d7b28ec99c	0.8194	M
2	>d06399fa-d007-2d35-24cd-ce6c42e2aa2f	0.8322	M
2	>db182a66-ff19-78c7-8c74-99b939b09363	0.7666	M
2	>61805dd8-ebe2-4bb5-a535-f86b4ba6d27e	0.7900	M
2	>0e929922-2505-d9c6-1225-e51ae6db434b	0.7521	M
2	>e2c5f13c-63e9-08e7-075e-8f609c59d4c8	0.7357	M
2	>f9efe15d-7a17-88af-3440-ad609e3142d6	0.6775	M
2	>59a1daeb-78bb-149f-7dd1-392315779729	0.8149	M
2	>60d7c30a-e841-552c-a28a-22538e628692	0.8306	M
2	>4e452f3a-4f99-7455-be56-820ab4fd05be	0.8104	M
2	>212f7fe9-7467-aefa-e829-cb992b8e642b	0.7507	M
2	>e3d856d2-7e9a-d573-7fe5-a28a77b52033	0.7448	M
2	>f024b22f-def0-1e5f-dfbf-9cfc951098e2	0.7620	M
2	>e317e1a5-f973-dd7d-068e-2c0d0d3779e6	0.8643	M
2	>4dd43905-3ea2-cf08-c6c5-19cc95c2d30d	0.7222	M
2	>8a18a05b-7cce-994f-3918-46eefc980ef0	0.7686	M
2	>da88e934-7960-6570-9624-f8642d7066ec	0.8345	M
2	>30613200-2cf7-968b-5108-a41ed2f55b7c	0.7604	M
2	>e727de88-dd32-d769-b680-15017c16ccab	0.6052	E
2	>45813778-813c-5a2b-d4de-3b4b7d828d26	0.8201	M
2	>eb4c672e-0102-b5b5-22f4-e9381ac84d5e	0.7820	M
2	>b99541fb-cb43-5e29-452a-49f316d7ecf6	0.7420	M
2	>9c66451d-f077-6e19-4aa2-976a6e6c4341	0.7646	M
2	>6929849c-0d92-ad1e-bdf4-6909731cbb3f	0.8587	M
2	>88c142c5-5a4e-aa49-4112-713edd0dd60a	0.8048	M
2	>29939acb-cfe0-812f-22c8-7a715b6d0fc3	0.8070	M
2	>d50f8402-e10f-add0-9ff2-ac0d8556102d	0.7898	M
2	>7de61f65-a4bc-1265-d88e-ce64f6ee13a8	0.7729	M
2	>78796078-8dbe-2206-383f-f152486c26b8	0.7773	M
2	>f3da4316-7a57-1b12-8200-6b051a45ca75	0.7444	M
2	>fc8a1fc2-5027-ae61-e7f2-cdcc41369cc9	0.8317	M
2	>1533178d-6ab4-91b8-68d9-1db7d82546ae	0.7282	M
2	>cb0082ca-8810-b0f2-cddb-632f55df8505	0.6716	M
2	>cd669665-2ed3-8ee9-d622-cd8c9023a421	0.8136	M
2	>76931d10-505b-5391-4c90-6d344ec03057	0.6602	M
2	>032e2d4f-214a-a0ca-7c5b-6b72cb02c8af	0.7316	M
2	>47d1a4bb-82f8-06a9-bb84-4242b95fe79a	0.8536	M
2	>610aa6f2-38c5-a985-a2c4-d3dee5dd5432	0.7710	M
2	>8dcad758-9d94-c3f9-881b-a158f471b933	0.7556	M
2	>88cff05b-3859-b9fb-2a95-b30ef731efef	0.7693	M
2	>d020a0b2-5253-edf1-c780-5f0987211ffe	0.6999	M
2	>d0dd973f-8461-0b58-227e-af177b07a58d	0.7003	M
2	>b295c42b-f836-6ac5-8cc8-c26b5c3883eb	0.7256	M
2	>4539b53a-7fbe-f514-fa85-447747e901bb	0.7999	M
2	>43c76d54-d337-2c8d-2435-7d33a1e71c71	0.7520	M
2	>4d46155c-9ac7-3ffa-6224-9e399b236b7a	0.6365	M
2	>0f68e614-76ee-6e0b-1940-c6cedf411b2e	0.7814	M
2	>36141e4a-8637-47b3-69eb-15b37e216a6e	0.6884	M
2	>d99573fb-dd30-367d-113f-36c24b3759ef	0.7207	M
2	>56c12d5a-78ac-fb52-9fb6-dd16aa55def1	0.8157	M
2	>3f96bd72-ba10-280b-f548-a445f96543a0	0.7804	M
2	>1650713c-8136-0deb-7030-f9f2cbb57caa	0.7526	M
2	>6da27e1d-9da5-5d6f-6dfa-bc5a04d3e056	0.8089	M
2	>b103dbeb-39f4-4ed8-7628-b289da59e4bb	0.8162	M
2	>7b1886c6-61f5-c055-b91e-e532bb99e5c5	0.7486	M
2	>cd7163fe-a3ba-9ffd-db43-8977f699a60b	0.6618	M
2	>9cbb8138-d2d5-5b2e-29af-6bee09a5afa4	0.7565	M
2	>9d1434db-0e7b-a25f-1fa8-823233aea4cd	0.7662	M
2	>c6a1aad8-50a9-4c3b-f8f0-d4b26f34cdbd	0.6206	M
2	>8feeb109-f647-8ebe-4b16-69500596052b	0.7965	M
2	>855360e3-16b4-4663-375a-28df8d8ddc87	0.7152	M
2	>84dbd6be-23ce-e24d-d432-379175e4f8aa	0.8269	M
2	>5807b89e-84e8-4690-8b5d-5e6a2bc71c84	0.8161	M
2	>dee039b3-3560-c57d-da08-21470573e6fd	0.8446	M
2	>7e2c2bad-89be-3c46-65a0-6be7411856fc	0.7095	M
2	>f654e583-87ae-6a19-f406-a610a8492112	0.6853	M
2	>eb656469-d46e-b8d9-d959-cada15cbbf67	0.7820	M
2	>d81ff688-48bc-84ff-3287-9d9d2e88a06e	0.8612	M
2	>8d1cf6f0-d143-4510-e5d6-4364b89f7279	0.7709	M
2	>f3d3d428-9b0c-d805-4f59-d684486bb8f6	0.7978	M
2	>14316ab5-14a2-d5d4-02b3-9b2766418f93	0.6578	M
2	>2bb841fa-80fd-0e75-6661-3069e0ced64f	0.7381	M
2	>98a0087c-17fe-0bea-add9-a8a498377600	0.7926	M
2	>fd066610-0524-2c08-8232-fff4822fec53	0.7709	M
2	>cdd60e31-deee-c776-0f04-da336e7092d1	0.6969	M
2	>04530183-293d-16e6-871d-c9095901ced8	0.6594	M
2	>368a586e-3ad3-958c-20cb-1ed74e55df41	0.7831	M
2	>92d308d9-8703-4327-7303-9a78d04f7513	0.7609	M
2	>ed4ab110-a124-750e-3f30-e3039da99550	0.8080	M
2	>6a0561cd-29d7-6f4b-ab29-5efcaebb6d6a	0.7688	M
2	>654aa122-bdac-b916-1239-4c5a2c878b71	0.8005	M
2	>96333ff2-ae0c-ecff-9a56-0281e7c6186b	0.6492	M
2	>8889b566-a1a3-3890-b7ca-3576c6fab098	0.8244	M
2	>1e2d8e90-2cf8-e6bc-880c-c7cd7d03e82b	0.6470	M
2	>ee1b7f82-df55-fdd3-1d3a-6fc05a5dee60	0.7765	M
2	>0a3aa901-45c1-87b4-ea02-82bb02249778	0.7783	M
2	>a66e64b1-8358-168e-b821-9a930616e71f	0.8341	M
2	>0017ab2e-f474-9d8f-e5b5-64ddc4b3e1c4	0.7596	M
2	>74501780-364e-7c11-9f20-330071be3709	0.7522	M
2	>81d02d10-be42-e037-9d4a-b4d9968c4991	0.7696	M
2	>353ec823-0e51-20d4-dfe3-1fdbe944c96c	0.7072	M
2	>564c2b1c-5a60-d0e3-8fa1-b8eaa4011c9c	0.7858	M
2	>691af114-809f-90b8-77e9-953e2dac57bb	0.6953	M
2	>98ada56c-234e-4174-0a7f-96c738148f24	0.7763	M
2	>687835b1-d076-8fcb-0959-8fc9ff567702	0.8064	M
2	>a0e33b02-4b56-eed7-4f58-001e93fd45b3	0.6730	M
2	>bc8f428d-f137-6010-9f93-3528a1a2ea23	0.7744	M
2	>76d8254c-7b6b-22ea-468c-2f8828428934	0.7863	M
2	>33d136bc-8dd4-c2db-0e5d-4346f60575a4	0.7625	M
2	>8713b72c-c80f-fe8e-5845-b5b3daefca44	0.8335	M
2	>7f59b449-4301-6995-5195-03337f462583	0.8491	M
2	>fa429587-7164-d747-1b2c-76bf8843355c	0.8121	M
2	>bab9f1be-0851-f704-c5bd-c4f0194b0013	0.8363	M
2	>c6886f61-7290-0967-cd0d-bac0f9e63c3c	0.8288	M
2	>6b0cff9e-de87-f049-772a-99853af8c277	0.7369	M
2	>a7c6aa2a-ee1f-43a5-37d6-d1615a25e948	0.7488	M
2	>3a1cd256-1567-4581-26d7-834b94b4a7d5	0.7415	M
2	>64068d02-c127-3af4-1840-d3c8093b60bd	0.8070	M
2	>9182318f-d395-7c0b-88f9-b0e158130b1b	0.7415	M
2	>7db4d977-1751-aed2-2f65-78882fe4dffd	0.6363	M
2	>401d8678-21bb-501f-aa21-263224075d74	0.8236	M
2	>39640017-96f7-d4b7-dbf4-23916bcddffc	0.7801	M
2	>bf35f4dc-35b2-45e4-4aff-afb23ad921d3	0.8124	M
2	>c7ee9091-9b4c-f92b-e74b-c1851e6d0c26	0.7934	M
2	>35602988-8233-609a-5ed0-548c9409d778	0.7636	M
2	>68eb14a8-4190-f0c2-e13b-f62e3a70ce52	0.8144	M
2	>15241992-ca8b-8fb2-98bf-efe45e7fe969	0.7338	M
2	>afdd6596-0cc4-7b86-4814-1cef6dca77a8	0.7476	M
2	>769aefe5-cf19-6cec-d739-cb60880c00d4	0.7616	M
2	>03950cbd-66f9-9271-221f-447908163064	0.7371	M
2	>b5f2c826-b948-a65b-4c83-e698b6fd6790	0.7596	M
2	>2f5cd25c-369d-2bc3-4af8-d948d10a0eff	0.7009	M
2	>25ce4ea8-85aa-be71-463c-9ed8abf07a1a	0.7577	M
2	>668526e4-ff23-db06-ab3a-a5bfbd2a1aad	0.7585	M
2	>1cb2c93b-bc1c-3a93-096c-037f3533b900	0.8328	M
2	>e127c891-4104-b555-5747-4f5484d3a560	0.6216	M
2	>3afd28bb-5055-f48e-549e-2233423c989f	0.7675	M
2	>e1a293b7-4a6a-c895-5c3f-75308a76809a	0.8463	M
2	>45850410-33b8-2968-5a22-4c557b43ee49	0.7446	M
2	>644fd6e5-28f4-f5d2-6b53-b19e7f77ba37	0.7221	M
2	>1928b071-be2a-3409-c82a-f42d9b8023a5	0.7396	M
2	>66a9edaa-1d81-cfee-4d36-f338afee5563	0.7736	M
2	>a55fc26d-1b66-612a-a918-d84eb12d04ef	0.8133	M
2	>825bbe9b-c51d-9fb1-56a3-2d0a2b7ac383	0.7365	M
2	>e897e3d2-6833-305e-7a20-c766d81d4530	0.8103	M
2	>f1ab56c1-0335-b36f-5c71-af0c558e19ee	0.8347	M
2	>259ba516-643e-601d-8f00-e0467a9c9de3	0.8157	M
2	>449a624e-c7a5-0798-60ca-5f1ef955d59f	0.8118	M
2	>4db66ff5-f1bd-6ade-275f-f125faf9e8b9	0.7965	M
2	>7134b754-a05a-b1a3-5753-b5469fa5e4b3	0.6784	M
2	>b07bf509-31bc-1781-2bb8-de1d485297eb	0.8278	M
2	>944d6546-ce47-7034-aded-3bb67d6e2ea0	0.7654	M
2	>e0cd1548-f47f-f7ba-85f2-9a548e0482b1	0.7144	M
2	>3f62e352-5fa9-ef32-62bf-0fe120107d19	0.7742	M
2	>7245c586-7024-5a24-ea19-d8080c3f7e12	0.7455	M
2	>29ebd192-3b2a-a1d7-fe8b-47db7378518c	0.7893	M
2	>93e9fb89-a3da-5523-b2bc-5a9a7d95efb3	0.7846	M
2	>213a8d0c-feff-7f66-8afa-214a70af2130	0.8535	M
2	>4c614381-b227-73bd-231f-b9005ec8cdf0	0.6115	M
2	>ea3f35db-0299-c1af-89d1-9c4f5b201ef1	0.8237	M
2	>f0af3d83-6974-f1d0-29d7-63925e40feb8	0.8032	M
2	>851b73d0-9db3-185c-5bbd-f7251d0cf6ef	0.8311	M
2	>16c8ec82-0707-1d02-63ba-c81d36cd1f7b	0.7806	M
2	>d941fe88-bc17-cce5-429d-02a4cf0c515a	0.8068	M
2	>fa455bd5-db93-f9ef-4398-9d98d053bf7a	0.7898	M
2	>a696ea51-9b7a-a2c6-e544-461333e1ad1c	0.7692	M
2	>73a59345-b303-dc55-7da5-c216b5a59e62	0.7550	M
2	>f234f4b0-623a-c0f0-71ba-5337636909de	0.8041	M
2	>4ba4576c-4af6-87f5-6914-46a934a7a683	0.8355	M
2	>ff8f683a-6a43-fc58-3cb4-f750b2543b0c	0.8506	M
2	>6a6abc71-a0e8-c678-32db-fc28a726182f	0.6463	M
2	>7a57bcc7-25cc-afe3-128f-f5fd98aa888e	0.6558	M
2	>29fdcac7-1dab-a183-4378-fcb2794ba79f	0.8415	M
2	>7b507d18-e15b-27d8-07ad-5b9874832091	0.7994	M
2	>29c19646-6ea0-0675-cd32-d276ac55a5f0	0.7777	M
2	>f3857854-3718-29a7-e8e7-e50555b66cd6	0.7738	M
2	>0f0f5190-ab9b-227b-b05e-4f85945b0f14	0.7501	M
2	>56095bb1-a5c4-9eb4-f106-7fa1770e0bbb	0.7679	M
2	>c7bd4c0c-533d-72a8-39f5-ce3749a4505a	0.8290	M
2	>d01bba6b-49ab-f046-5f0c-28fb9591a925	0.6976	M
2	>91e129cc-1701-679a-2e33-b1f0971e9ccf	0.7471	M
2	>78f5b476-6058-6f8d-19ca-5a88708f1840	0.8063	M
2	>e606c61f-5b91-14dc-7320-83cebe7e6971	0.7863	M
2	>c0c89dac-12c3-bd14-a2f3-8c9a443c5793	0.8028	M
2	>8f930f96-56fe-1e68-47d0-0781240aaad3	0.8330	M
2	>61772671-62ec-3ff1-cf15-e1d45410f0b4	0.8172	M
2	>b15023dd-94cf-016e-070e-bb3b8184c984	0.7070	M
2	>d1e1ea02-7681-ec6b-f8af-0918baf714ca	0.6376	M
2	>3a3a592a-eb28-21f7-0b5b-67a66c57f1b7	0.8313	M
2	>91e2dd2a-9bd3-c553-0d97-473adf6ca4a6	0.8392	M
2	>21f659fd-966d-4a93-2e57-f75b37fd321a	0.8088	M
2	>54460fc0-454b-85ac-29db-1a803a241e95	0.7821	M
2	>3bac9b5d-41cf-1bf7-884d-3a3b4497ae6a	0.7277	M
2	>87efcaf2-6f8d-e07e-b539-dcdc62798a39	0.7626	M
2	>a376482e-f22e-98b0-917c-85f956951740	0.8167	M
2	>7fcc5dc7-0509-d687-7dee-62d54d3018f8	0.7197	M
2	>56b55c13-5a37-9573-25d7-50ba2edd02a0	0.7265	M
2	>468a875d-7dd1-e778-d00f-041162e06bc7	0.5940	E
2	>1f4f31a6-7131-c88c-d1be-d7d2eee7637c	0.7244	M
2	>f5b29467-5fda-19f0-d8dd-266b1f4a1513	0.7454	M
2	>0c972d65-7878-16fb-4015-3428e5f737f8	0.8478	M
2	>8e39bbbc-04da-ff68-eb89-d8173a7a4305	0.7299	M
2	>38ca798a-aa20-9bab-cb3e-1c246a6c9be0	0.8357	M
2	>84a9e290-2ac9-240e-4b99-abf5a3531561	0.7363	M
2	>f9c523d6-1ff3-edbe-314e-568596c92157	0.7886	M
2	>30838470-7712-3a03-cad6-614aefd39e4c	0.8170	M
2	>75a524fb-1129-8991-040d-73f9f8b188bc	0.7681	M
2	>8683ef54-6c90-cb58-3945-75d488d1c394	0.8500	M
2	>c14a1611-46d4-1b15-2d92-915c38501413	0.8131	M
2	>b40e6e25-7f06-f104-8801-78632bbcfdc3	0.7134	M
2	>de8c27ff-ed20-dfdf-c582-8bcde2c2d768	0.7485	M
2	>7e5f659e-21d5-5d61-6048-bdf067bdec95	0.8233	M
2	>56858b4d-fbaa-746c-9d49-8af448568e93	0.7994	M
2	>1aeb6e5a-42ce-66c6-f7b5-e4b0b618196d	0.7713	M
2	>c6f932f6-cf66-5b35-636c-87751a8bb487	0.6531	M
2	>5197785d-6ba6-5fb7-1c1b-49333a0d800f	0.7907	M
2	>e6d67379-9ea5-c766-fb9d-03c5ed8e0bb1	0.7935	M
2	>d110f015-7a52-acf8-49ce-77921e430252	0.8329	M
2	>48be3e5d-b421-c1e7-8a41-631a4efad4c3	0.8418	M
2	>737b4af2-6ee3-dc0c-d8c0-13e981b51f16	0.7653	M
2	>bbab7f17-501b-e8f3-67f3-28e89b383cb2	0.6860	M
2	>83971316-d273-b1f4-4295-a97718dc8071	0.7907	M
2	>ddb1eeb6-188d-18fc-21b2-d580aadf4293	0.8321	M
2	>a6cf482e-0d29-db78-8bf5-657b004fe3bb	0.8451	M
2	>a5738675-878c-1910-5092-c1c7f253385d	0.8224	M
2	>8d4cf9fe-998c-f5e8-0baf-2949ffa4a492	0.8225	M
2	>0c4644fe-4430-f5c4-38fa-d50f82ea8e53	0.7868	M
2	>972f0702-82d7-660b-cc5a-91bfbad01ea6	0.7245	M
2	>425931ea-ff2e-1064-4e1a-93493c04405e	0.6392	M
2	>fc45beff-ce9e-be23-7799-7be9a7b9cb66	0.8402	M
2	>240711c4-07d9-8b85-6af8-e2dcaa781b08	0.6859	M
2	>00ace039-2606-f41d-28a4-4e5d680df98b	0.8311	M
2	>b7423129-8358-c9a2-819e-b0e479eee945	0.7742	M
2	>69906293-af7e-03c6-5ab3-13ddd40f669a	0.6871	M
2	>1d457734-ca18-d793-62af-f080fbd8e0c2	0.8004	M
2	>ad71344e-597f-fe00-ccc8-59ecfc8166ad	0.7897	M
2	>a63f6603-2e22-ed9f-2c75-6937afd47a36	0.6433	M
2	>a96776cb-b4a8-5009-27df-ccf5b45aac9c	0.7063	M
2	>1390547a-93cc-a21b-4dd6-b1c9fa2e7ab3	0.7892	M
2	>ff1e23c6-a016-00d2-1a67-8c30551681a0	0.7837	M
2	>b515071c-43b8-be1e-eed2-0b7f14429325	0.8160	M
2	>550cff85-8d3e-d939-6e51-1c697328eb42	0.7371	M
2	>fd0b82f0-81f8-0e14-7551-04b1314691d1	0.7948	M
2	>6fbbd2f6-4307-18b7-86c4-8ecf74c80fb0	0.7057	M
2	>fa05623e-6f65-33be-4cc4-cae93b740cf6	0.6951	M
2	>7561dfd2-064d-2500-56d2-e6a6396b23de	0.6453	M
2	>b73ce358-327a-8277-d8a9-cdf47a86bd8e	0.7738	M
2	>99e48365-f8cf-d767-73d7-545e9d1c24cd	0.6103	M
2	>253d3537-7fb6-57a6-781f-773a37d887f3	0.7485	M
2	>d7d6031c-75d4-734d-21af-b8b9b80bcc9f	0.6970	M
2	>9b45c48a-48b9-53d7-d2c5-291c7fa4c09e	0.8105	M
2	>1579be64-60d2-2dd3-3a71-b6651eb41151	0.7170	M
2	>6c06b6bf-5a2c-3dec-85d9-d98262d7ef71	0.7252	M
2	>85acb8d7-8d71-2d73-61c8-571e5df18c06	0.7386	M
2	>c3c1aafa-f641-79bb-d3f4-15b711f73bc8	0.7545	M
2	>c7b0d383-b0f2-0706-59f0-e83e137f79cd	0.7516	M
2	>3733859e-3785-3239-3118-f0c5eac0fd78	0.8159	M
2	>8c4961a1-181b-5298-0b5e-82663cc18db3	0.7134	M
2	>2e519144-9f5d-3d8a-33cb-9b47f15ec88d	0.7541	M
2	>2b9c2daf-ce2c-d8a0-fa35-7c1543cbabbb	0.7313	M
2	>1a3ec9b1-9d0f-7a1c-9109-226c7f794e88	0.6890	M
2	>4445f524-d84d-6d06-ebff-8c1683edd3d7	0.8126	M
2	>c97ef8dc-7abd-6f5d-bcce-60cc01ea8589	0.7160	M
2	>6550ad64-21b2-7308-7d89-04fff4e15e68	0.7883	M
2	>bddd7ced-e274-fba0-821c-98dff12ef8d3	0.7730	M
2	>083ee153-5c02-b81f-f270-cdb8bb1ca9c3	0.8051	M
2	>3e3849dc-d516-312b-eba4-3d77ca0e6cb2	0.7663	M
2	>ee907897-5405-b283-add7-c32023194648	0.6871	M
2	>2acdbc7b-d369-9209-cf4f-fcb088e14703	0.8084	M
2	>712eae65-ca60-40ce-e07d-a14441e17203	0.7196	M
2	>8ee6e005-6aaa-8c00-8c08-f5567ee7fc5e	0.7626	M
2	>1261834c-3565-d612-0bcc-d3e123abfd09	0.7910	M
2	>89e5b26d-c044-ef68-5e87-33a58de9b309	0.7240	M
2	>aea9c2be-8cdf-7c95-3f4a-29999eb62036	0.6819	M
2	>7a5b5929-528a-608e-4a4c-0cb9588a87cb	0.8085	M
2	>aa1df191-b559-f0f0-4ee3-d7a51f1bc919	0.7346	M
2	>506262e2-daab-3fe2-f6e4-09b7a1ff944f	0.7865	M
2	>26c93cbb-f736-bfa6-f912-f3041d67d35a	0.7676	M
2	>d3429857-4785-aef4-2320-823c05a1a8d4	0.6533	M
2	>ac8ed375-0329-650c-c0f0-2f76b9f9c656	0.6426	M
2	>4bf0bf0d-3b8b-1c11-308d-68cf431162fa	0.8595	M
2	>f612e268-8b8c-7725-e4b6-2f5b3d69d2af	0.8275	M
2	>3a34416d-772e-64bd-fe63-e802ba84d35b	0.6380	M
2	>6e5b724b-c258-dbb5-2c31-874374fcb4e7	0.8060	M
2	>0bfca378-67fc-3783-959d-43b6cfa099eb	0.7378	M
2	>ec0d7468-4d35-85cf-f5fb-705d1c350060	0.7627	M
2	>8d9eae93-8214-e71a-822a-de2b14247580	0.6994	M
2	>9ae66fec-dde6-81e9-e51a-7f2355ae788b	0.7911	M
2	>c933dec3-377d-9de2-530d-63f76669d553	0.7901	M
2	>dddfb977-6e8a-5690-beb8-33f347b5a458	0.7483	M
2	>447dd48d-885d-20d4-f6af-acda954d55ec	0.7629	M
2	>c294dbcb-27b6-29eb-b859-0d046cfee57c	0.6499	M
2	>346dcd73-4789-2f6b-cb04-4a6febb76833	0.8255	M
2	>5d913483-6f4d-7478-5006-192d787d0cd6	0.6405	M
2	>c1a2df3d-f29f-f4a3-cb3d-1b12b4e1f354	0.7967	M
2	>6194f447-785c-02e8-b17a-46cd76ad5c08	0.8133	M
2	>b719085b-6451-4024-1536-e8c7fa8ce888	0.8167	M
2	>a402ca4f-5d5d-5c37-7130-c158d040fea3	0.7220	M
2	>2b52d674-81f2-c03a-b90c-ce171e384205	0.6830	M
2	>11eedf6a-ff54-be75-ae8d-cc4c74f6d437	0.8230	M
2	>573de722-02e1-681f-0fe4-bb7ce1d7b592	0.7733	M
2	>e0bbf2ba-394d-ab13-d44e-b22ba4f69e58	0.7895	M
2	>5d3deed3-def5-bad2-032b-23823cfa5b8e	0.8573	M
2	>4e093489-5bcc-bc06-bce9-8bc4f62c2eeb	0.8213	M
2	>745f9518-5a17-a674-2eaa-f0ca412ae9bc	0.7165	M
2	>13a3a147-8f5a-26c1-5851-1bef99d22a4d	0.8093	M
2	>b39b7504-9c78-a8d9-70bb-228879a9b38e	0.6316	M
2	>1cc86527-1901-554e-05e7-eb63d8cc3476	0.7996	M
2	>349c42bd-c399-2510-9cc3-b510ba9d23a0	0.8028	M
2	>06b591e2-ffd6-87b8-5f39-fff55283c7d7	0.8146	M
2	>cf3e4c1a-afba-1c5c-825d-dfac9fac20c9	0.7487	M
2	>b3b90907-9154-e19a-f566-a48546eaaa9c	0.8352	M
2	>8fe852d3-7474-0f7d-19e7-91a63b13ecb4	0.7787	M
2	>0910cf65-4a86-4191-4835-a3aade53ee45	0.7908	M
2	>203a9c35-2684-5107-458a-afc3fc28b95a	0.7852	M
2	>0a667ca4-3e69-8c53-49a2-c763c70cee94	0.6177	M
2	>5ee59cce-5fd2-8980-2c3e-5d95f976f358	0.7884	M
2	>451fbad8-2298-8192-251f-40ba4a47cb37	0.7503	M
2	>e4609502-99ea-e061-d278-298cc2d05648	0.7716	M
2	>528aafc0-082f-ed39-814a-bbe449d41e62	0.7773	M
2	>e95c1184-79a4-e641-0341-7bd85c6782b5	0.7191	M
2	>7323665d-9867-1675-750c-9f7ff66afb2d	0.7974	M
2	>e86b4386-a387-a41c-ae48-84941ff55d66	0.7353	M
2	>bfb294a1-c412-17e6-3e6c-7b026f19ad34	0.8686	M
2	>a4165af7-d6cb-2ae7-970c-f175271d400d	0.7962	M
2	>13130acb-9ec4-d0e1-c424-6e3a7d032502	0.7844	M
2	>d0e05387-f173-ff87-49a7-87017f089dd9	0.8211	M
2	>926ab296-33de-e5ce-a3c8-2d876323a417	0.7717	M
2	>75d5e56e-f46d-e949-ea70-c64c03037a3e	0.7718	M
2	>8d756fb3-48e4-d797-aa75-494079c090e5	0.7102	M
2	>a31005e3-eef2-8229-443f-d9cb443a37f3	0.6613	M
2	>8829ff25-216a-3f88-fc15-e757eb3b5324	0.8331	M
2	>babbeb6d-7113-5d37-2189-ae82ffdb55f4	0.6365	M
2	>90910944-7d5c-2e4e-f6af-7cc1f5302728	0.7050	M
2	>b29d6111-b215-5fdb-083b-ef23ed17d08d	0.7359	M
2	>2ed1d1af-506e-a312-db0c-fe999b767a87	0.8134	M
2	>067f5c03-6d55-69d2-c5a1-f040617c263a	0.8249	M
2	>d1472c76-c4cb-b8b7-b68e-6c209bf6fe99	0.8332	M
2	>ef1817a7-4582-99d0-529a-58499ba44d48	0.7330	M
2	>815650f6-ebf6-e376-f373-36801ef19a93	0.8248	M
2	>c72ecfee-cacd-d6a7-3e7d-7614418bba9a	0.8112	M
2	>a7074718-ff5f-eba3-7427-46630156379d	0.8092	M
2	>05833452-6945-8478-09d2-bf8b3bed56f2	0.7913	M
2	>6ffc2728-39d3-fdc7-2f6d-7e658d279f81	0.7513	M
2	>94bee746-75d0-10ce-1edd-fbf1994b0071	0.8352	M
2	>9c031fdd-1c11-1911-ef32-1fc494f2042b	0.7362	M
2	>314a5078-7549-385c-79c7-62ad8c3631ee	0.7330	M
2	>00771015-0c2c-e476-68f0-9f4116519410	0.7962	M
2	>2e08fca7-2a4b-c1d0-7c5f-9d41e19c3416	0.7445	M
2	>205ab21f-de7d-f91e-135e-b9329751fff2	0.5965	E
2	>58ad2847-7080-33b1-cd3b-0ffac71a3897	0.7015	M
2	>ac0c232f-bf2b-1b71-e67e-4851739487b9	0.7274	M
2	>202e50e3-d4ab-9ada-c00e-0af48bc3e7da	0.8117	M
2	>23e9b53c-bfa9-4391-0204-7390e89fdcd3	0.8418	M
2	>c9ade4ca-e63d-bcb7-ccc9-c6ea08798143	0.8042	M
2	>9f7ae736-e0dc-cdeb-c0b6-a6b4b2851d80	0.7767	M
2	>1c704e00-d6de-ff37-d977-2de2c449708d	0.5972	E
2	>50876011-7bde-75d3-14d4-c079791c604f	0.7000	M
2	>34ff2f39-b471-81c9-9faa-ec1d15a5dc14	0.7527	M
2	>9a9ca28a-8983-13ff-3823-f7afe394952f	0.7772	M
2	>9ec4c030-8657-fb93-60ae-9fc3d58d6011	0.6733	M
2	>a45aef87-3aec-a99f-10d6-d65e14fc267f	0.7420	M
2	>462ffc97-98d5-6b0c-e952-3744301efcc2	0.7180	M
2	>a0c2bea3-7bf0-84e3-8d4f-62e8cc446809	0.7562	M
2	>58a8817d-0405-89bb-a9d3-b1ac82a5da76	0.8163	M
2	>62b58942-6da0-ceea-e954-0ace37c7b04c	0.8127	M
2	>cb131a9b-3f85-2459-64b2-edab692ee0d6	0.7568	M
2	>d50093b2-176d-106b-66b7-4a89750ca540	0.8046	M
2	>05173bca-b630-14b5-0b55-5ec8822650f3	0.7078	M
2	>5f610e34-6d50-5732-2e03-fd8fb5227de6	0.7937	M
2	>df8a19f4-557d-ccb1-3115-5d4bb2e9fb0b	0.8324	M
2	>bcadefb2-9a8c-89bd-ae4b-6d620951ac1a	0.8261	M
2	>09fc8336-a282-942e-390e-7a56ee2186d1	0.8141	M
2	>aa9c84eb-8f5d-5f5e-09c3-0623736744e3	0.7501	M
2	>5d31046f-1d89-f697-3251-edb940e1e55d	0.6921	M
2	>e244bcc4-8a7d-fba7-57e1-224439fe88a1	0.8203	M
2	>1893d08d-c04c-994f-322b-b878c44ca423	0.7540	M
2	>076303b8-aec5-cf5e-e0e0-fb0f07508d35	0.8278	M
2	>406c6a7a-390c-86b1-b077-0805ce303289	0.6646	M
2	>47c61a3f-ad30-cc7d-5d42-88ebf1687b7f	0.6724	M
2	>38cb9231-97cc-4694-eb05-dd4d27a87e47	0.8200	M
2	>cd40d45d-b0ac-fe81-b7f8-d9f8af4a0798	0.6810	M
2	>2943c198-f249-8873-da66-2144714596bc	0.8524	M
2	>3fcb2ae3-a1ed-0b77-6c19-bf5344722b62	0.6370	M
2	>430ba72a-a71d-de9c-ff71-3255181f085f	0.8239	M
2	>b243854b-fd64-21dd-8041-d303c2a10413	0.6972	M
2	>fa58e947-6323-b8b3-747d-06887930970d	0.8052	M
2	>16ae0064-d21a-2ff2-231d-6c277a6857b6	0.7752	M
2	>1e3afaba-50f7-78aa-a243-8d7105ad2a73	0.8631	M
2	>b6d9155d-7f38-d8c0-6c8a-7f4cde2c5695	0.8060	M
2	>a0f8916b-c54c-bd22-de5d-fba5b3958bae	0.6860	M
2	>1e281799-6f8e-f29d-44d3-b283f301f846	0.7459	M
2	>4c590e14-8a4e-8ae4-4640-332d4fbe523a	0.7408	M
2	>3ef75276-978a-7c51-9f4d-d8b4ffb3e265	0.7779	M
2	>b28a55f4-a427-f4fe-be8f-9cd56e71166d	0.8042	M
2	>5a6760a3-1d5f-91bd-4e91-4f7bb3dad8e3	0.6684	M
2	>b3187160-e525-3643-7419-fc8f13e2f137	0.6812	M
2	>3becd5cf-7e2c-3834-d7b6-b0f743e141b5	0.7974	M
2	>09105ccf-5c2e-5f09-12f4-1e18a8168f27	0.8163	M
2	>db352569-c545-83cf-08d0-c16a75462ef5	0.7747	M
2	>e09e3a1d-029b-a258-1aec-8c1fd4f15431	0.8178	M
2	>354a54e2-0486-984b-c031-1e2c1f14f043	0.7313	M
2	>ac6e4b7f-a544-f9ee-3a49-a11cce2bbe6a	0.7650	M
2	>71c587e3-d493-0265-99be-b42fcb9ffb4c	0.7402	M
2	>af665a51-ea43-49bb-3485-9f7b0232ef13	0.7711	M
2	>b64a172f-6089-925e-698f-87b365fd6242	0.7267	M
2	>ccc898b8-367b-9252-8489-168bf471f923	0.7558	M
2	>29f2e26d-1775-f782-6a8b-7974c6cca497	0.7158	M
2	>7faca574-4ebd-fd7b-0e7c-3c2ff2fd4657	0.7685	M
2	>903f4193-5369-e07e-505d-30b9430c9536	0.8117	M
2	>648176fe-0415-865d-2579-ed36de02dced	0.7282	M
2	>7016e69f-6c6a-3f7c-843b-a99063e037cd	0.6980	M
2	>86451186-ce31-5b85-b8ec-4723130163ad	0.7736	M
2	>4804abc8-5bfd-b155-ea75-5aee8e3b1c37	0.8022	M
2	>f8a1aa40-8404-f4b7-9709-c9451bb8103d	0.8300	M
2	>b3fb7021-1fea-4951-6e78-5029052ee28a	0.7848	M
2	>1cd20b3a-81cd-04e5-0fc6-043b10833fb7	0.7519	M
2	>42aaf223-4a0f-4de2-7097-a20ae76878fd	0.7473	M
2	>4fc37661-6fb7-0be7-aab8-41cc22741d70	0.7741	M
2	>758bb6c2-16f3-aee9-cf1c-d169e631dd8d	0.8056	M
2	>a97e520c-3482-17bc-a6f7-e6d5fe2b55e6	0.6752	M
2	>09e1f4c5-f825-af30-937d-0e4947dce8ca	0.7837	M
2	>4c171b19-fc56-2581-7929-5af524ef274e	0.7617	M
2	>af732302-9c4d-047e-7ef3-26188657fe55	0.7419	M
2	>58d1c8d5-e9f0-4a1f-8bd1-b276619d5921	0.8343	M
2	>f1cfb737-6d6c-8273-cb61-4c730c1292b4	0.7812	M
2	>9dd0a379-26f9-c096-5dd8-98c74fa9405b	0.8041	M
2	>78a12350-dde4-51e5-e7c6-e1417879165c	0.7361	M
2	>9a3290e9-cc76-50a6-80b7-bdb3bfe070e8	0.8086	M
2	>1dde51e0-b46c-85b8-793b-eb5e3e28ff6b	0.7375	M
2	>5d416cab-0118-cf14-1a31-eac8ab159b1e	0.6795	M
2	>4bb0312f-9bd3-aa51-df8b-26685a741a08	0.7254	M
2	>85a7a6a5-5409-8713-50e8-7f503c57df30	0.7199	M
2	>72cc2f59-365d-30d8-7dde-dbb694037202	0.8167	M
2	>d382edd4-85f1-05ac-85c4-21297a79377c	0.7255	M
2	>3830af91-dc82-5afd-db76-b11bed829dbb	0.7083	M
2	>d056a9ba-4e04-b186-0e59-dc9948eb9b16	0.7868	M
2	>76a98434-b8a9-dae7-47be-2f52e8e8db0d	0.7877	M
2	>b83cac69-a1e6-5129-e31f-fa690e6b388c	0.7990	M
2	>eaf551bb-535c-ec5b-25a7-986f54165fc2	0.7416	M
2	>b202978e-090b-1993-bf89-ffcf3c5e982d	0.8100	M
2	>487869ed-9a5c-9cca-bf3c-6a1186a57ee0	0.8354	M
2	>9e806075-54f9-d0e5-610e-fd6251be295a	0.7791	M
2	>ba5e27ed-9b07-8694-f33e-fd34e1b69f84	0.6916	M
2	>754418cb-957c-a335-090e-6d23e1073f40	0.6921	M
2	>17671089-8244-4ea9-df02-14d83db28f75	0.7564	M
2	>836b6acf-da8a-4b3a-c98f-d7bc1ab78191	0.8199	M
2	>56f8c263-b479-fb20-06d3-ad807a92f7a5	0.7944	M
2	>3e37313c-ff7a-66d5-9315-ccc5cec34bb9	0.7728	M
2	>30caab6c-355a-cc57-5e80-4b943a75af37	0.7440	M
2	>45d5a550-1623-4e82-7a6b-a21c60fa87da	0.6499	M
2	>b02d2b93-285c-e4a0-19f1-26a77a1dd14f	0.8483	M
2	>10f6dea1-e415-88b3-ea52-bd9db9a77e7e	0.7705	M
2	>a4eaed36-95d7-2f1a-a56d-508950c9bb7f	0.7072	M
2	>1b75c3d3-5094-42f5-74e5-4a408f6eeb1f	0.6989	M
2	>974e2cf7-2feb-6f56-0f8f-c362b3ebb538	0.8047	M
2	>87f2de4e-68ce-48f6-f31f-72b963e79ad7	0.8031	M
2	>0a93c35b-97dd-6cad-3708-71ae339bf9d6	0.7025	M
2	>240fca3b-2ff4-4817-c0ea-f46b7d710b65	0.7606	M
2	>16d70d79-4047-119d-e295-f73bc1f34bef	0.7780	M
2	>36e1f1d4-5d7b-3912-39ee-4b06d886666b	0.7863	M
2	>709e856a-324b-091e-b707-359b4388f40c	0.7286	M
2	>31c5740a-5f86-d341-76e8-74c9d57a8457	0.8422	M
2	>18650011-049f-7faa-1c55-3888b16f975c	0.7917	M
2	>ed6c6719-4429-9ce9-fba1-d9caa9912500	0.8088	M
2	>f393fd6e-1fe0-a22c-ac68-14bfab2da62a	0.8213	M
2	>b90bbd6c-c04a-b70a-c5ee-8a520f6a2926	0.7752	M
2	>2f548440-fe9b-8388-8670-d4101f28ba05	0.7995	M
2	>8952e180-f915-de7b-4422-ff42d7ba8937	0.7919	M
2	>d21a8971-c9dc-d25f-1895-9c188e84f0ff	0.7504	M
2	>eb57b69e-001c-2866-fa9e-b42082a38be4	0.8084	M
2	>1a321714-b39d-d671-ac25-f25ae3cac8a1	0.7666	M
2	>79675bf2-2f6a-cb1d-7593-25a7696f44c8	0.7533	M
2	>ce69cb14-a06f-d44b-4770-98c7410fed6b	0.8104	M
2	>e295fb4b-9671-322d-9297-25830966cdaf	0.7842	M
2	>c83b5675-dcf7-4490-7d36-272bd92e98c4	0.8660	M
2	>28373d62-2e8e-9577-3dcb-4200631e9856	0.9682	C
2	>32ca4e4a-dcbf-30a2-94a0-4b627843007e	0.7467	M
2	>7bf89476-31a2-c668-4ed0-e0abebda2504	0.7950	M
2	>443f64be-e8d2-7bb8-8a49-cffef20abcc5	0.7039	M
2	>2056558c-6ae1-3b92-5320-20fc75ccb5d3	0.7763	M
2	>49349bc4-6a6a-5e22-f261-a811c070119d	0.8239	M
2	>45677d6c-0b1f-a978-0829-aa3a030e6adb	0.8251	M
2	>44cd4a6c-3b70-3d61-f904-536bd3e66a63	0.6980	M
2	>66c02955-6e76-a476-af44-fbc1d28ce689	0.6855	M
2	>dd913996-be0c-a236-c768-855b15818bf7	0.8103	M
2	>74c5427a-7085-e4ad-69bf-5125e42f4705	0.6993	M
2	>237dab34-ed38-a23b-70e4-7f00f4eabc73	0.7316	M
2	>f69ed2da-c676-db40-f4ae-6e6c2b1394b8	0.6812	M
2	>61d6f9bd-f1af-59c9-e3ee-e185f6e58089	0.7665	M
2	>ad875c3a-009f-a091-d3ab-2bdeecf49061	0.8377	M
2	>fd2b0b32-69a2-ff69-3e73-9de0f8ead9c2	0.8132	M
2	>7e1ff139-2f99-1a1a-138a-168599cedb0d	0.7528	M
2	>9c4326ab-0b4f-2267-fc1f-55139716fc75	0.7711	M
2	>f212e4c5-876e-64d1-0359-2a94b523ed33	0.7406	M
2	>16816903-fa5e-cdd1-fe3d-e6091bacb411	0.7296	M
2	>121361f3-2874-32d4-f48c-857607f5d8c8	0.7717	M
2	>03828074-90f0-975d-5c1d-c9a4ebce5ffe	0.6274	M
2	>efc2bd28-ad3b-a2ca-edf3-76b21be94893	0.6591	M
2	>c852887e-3549-f6cd-a36c-89fa63ee4560	0.7343	M
2	>a469719d-0038-c524-84ac-74d67dc2266f	0.6844	M
2	>1b8badab-b70c-d424-2cab-07017cb62a44	0.7956	M
2	>380f48e8-c3c8-e4b5-6211-36fee89842b9	0.7672	M
2	>a2336933-8a39-2c8a-d241-6fa9e4454177	0.8202	M
2	>56f33727-22b7-e077-f779-c9b197bf64ae	0.7059	M
2	>d7d5815b-0bfd-66c1-4946-abbdb5098da4	0.7427	M
2	>179864ac-28c8-9415-c6c9-fc5cd811c102	0.8318	M
2	>5010545b-f146-ae97-c696-b79c312354e9	0.8040	M
2	>6e81ea01-2c45-a03d-9ebe-df4e52714195	0.7187	M
2	>ebe5aee8-a0d1-dc3a-9f8f-899f55ae8539	0.7441	M
2	>d97e4e95-73d3-f464-8c19-14f1c589b6f3	0.6800	M
2	>15c4e298-11b3-4f07-a947-d277d9e94112	0.7439	M
2	>51553c53-a93b-61a8-fb58-c34e453ca503	0.7392	M
2	>72780bac-d86e-ca9e-0c34-dda982a5f118	0.7294	M
2	>6df4271c-b629-3591-aec9-f316bb7df446	0.7828	M
2	>12fe212e-6b94-1c63-891f-0838da093efb	0.7650	M
2	>526f5022-84ba-f901-1a56-8a5434fbc6c2	0.7524	M
2	>4affc249-34e8-6559-d423-f967176270bb	0.7351	M
2	>678b69c6-cb0f-6b7a-44b0-fafd777127d3	0.7685	M
2	>b1cce0b8-13fe-339e-9bbe-7cb5a6430869	0.8268	M
2	>44327fe0-3c4d-3481-4235-db6c42be8838	0.7638	M
2	>f60b1ddd-c446-e4dc-5d89-f8c2cbcfad04	0.7964	M
2	>b6842038-03b2-5691-3e7c-d1606d629b0d	0.7978	M
2	>42b05ad4-2d72-0ffe-5843-ab4b30aff757	0.8010	M
2	>a115eb28-b6cc-d158-7485-63a034ea0ae9	0.7455	M
2	>cc539c09-5b9e-bc52-2de6-6eb6c4c6148a	0.6459	M
2	>fbc5a0ca-44b1-f7e7-1b05-d23c7c4d77be	0.6567	M
2	>ac8b7412-ce04-176d-5949-6d4bf597a3f5	0.6293	M
2	>e0ab52d5-9232-01db-139d-cb5a9d5e9422	0.8026	M
2	>e6102827-a63d-9172-3fca-7f63e81d4392	0.8025	M
2	>6ae7ec25-7271-c48e-1d92-32a6a533e1f8	0.7563	M
2	>0533803d-e639-623f-7bd6-8eaacb294935	0.7533	M
2	>cda3a3de-9216-e2b1-f869-8d166c34a6ce	0.8135	M
2	>55e8aea1-9570-8db8-98aa-ef6b237eee7d	0.7267	M
2	>ba3d0fd6-53c1-6530-18db-7b6fb8b4ade9	0.6847	M
2	>06bbf46d-a9da-3c6f-d966-a50f8d7ff2aa	0.7796	M
2	>4a75f515-9476-d7f5-a3ab-9a9e5d55408f	0.8199	M
2	>512de951-59e0-f09d-6479-a06b7218d8ee	0.7524	M
2	>0e03518b-714b-26f3-d653-6ff8f3338d1e	0.8236	M
2	>cf4447b7-4621-bddb-07ca-63bc0b6adfd8	0.7804	M
2	>dd6b0653-bf84-d8d5-36ba-abbcbc1dfe22	0.8053	M
2	>9f0cc08c-278b-d1b6-e790-405c7015b6b0	0.7601	M
2	>f355c8b5-7f3b-a7bb-9773-cbe8a9c5efe0	0.6887	M
2	>e33ae1ec-19eb-b785-b8c6-277939bced98	0.7727	M
2	>184e240b-76e4-c319-8992-23d9d2614704	0.7252	M
2	>b1aaa486-7c19-c023-7361-b314ecfa6551	0.7889	M
2	>21da5af1-f8d8-26e7-8a71-c076681141aa	0.8276	M
2	>a6cf76fd-ff6a-b62f-f7fc-d94d04b188d7	0.8285	M
2	>d9950a21-e767-0c85-769d-6f860fbeaff0	0.6656	M
2	>892e122e-c0cd-ab41-a061-9fbe06bfb09c	0.8162	M
2	>cdc3dde1-0fb0-3869-e5e5-c7da668f8434	0.7657	M
2	>e847ffb6-ea0f-cea3-acce-a782135b779a	0.8023	M
2	>1b10476d-e5c0-71d6-30d0-89400aa538ea	0.6991	M
2	>cfea9558-52ec-2096-3843-332e0bae4172	0.7702	M
2	>f2cc5eb8-10fd-eb4e-649e-90908f370a4b	0.7887	M
2	>e2b05848-c655-40f3-b7ba-162bad50ed33	0.8062	M
2	>ebf42641-0afc-b94a-7f63-6a4ff9252acf	0.8333	M
2	>79d5609f-4dc1-4d63-a18e-58bba258b051	0.7814	M
2	>695f644a-41ec-8a15-c5bd-869c5d9b1d77	0.7723	M
2	>577838f0-7297-13d9-b2cd-0a965223e665	0.7994	M
2	>a679a9c9-6dd9-336d-57c4-9854517b5252	0.7679	M
2	>f0941813-838a-1b7a-578f-6d1dc67075c7	0.6953	M
2	>f0847acf-a708-1726-122f-5e20b08a4ada	0.7524	M
2	>2cc74a2f-7f85-00a9-1bd8-e62d6aa23b38	0.7224	M
2	>b9f4331f-819f-ceb5-4a14-a9ca51bdda5d	0.6007	E
2	>2727c97b-e077-dc8d-022a-e39b2ae92890	0.7194	M
2	>e66a47f5-47e9-5818-cf26-372486dce788	0.7578	M
2	>b180cfe1-0f00-73a1-439f-dc0b5fc1138d	0.5915	E
2	>f57366e4-024b-fc19-7b36-7dacbb3ca492	0.7222	M
2	>3beec505-4661-9e18-5a77-6a96059a0732	0.7759	M
2	>c0a15d9e-98da-f44a-9d62-f3ddccedd651	0.7352	M
2	>eecbd740-f699-f95e-5b04-32d344ef7e5d	0.6185	M
2	>bbffbdc7-831d-3cea-8458-15feb17f9d92	0.6777	M
2	>d20c0f75-41e3-92ee-8ac9-2601449d4664	0.7354	M
2	>caa4bcf6-3931-67b2-9ad9-b3a80f9d49ad	0.6972	M

3	>714d5a98-2952-98a1-c290-d393c5ec0cc7	1.0000	C

4	>6ae75a37-3f7b-8884-3e9d-8772255987c4	1.0000	C

5	>6d37046a-f192-49c1-a287-ec6fb6d0e4c9	1.0000	C

6	>31275d76-e310-ec73-bf72-39e1366a20e6	1.0000	C

7	>5ba74adc-9395-ba98-c367-03af282e87f0	1.0000	C

8	>3ff0f38d-fd5d-05a8-69ff-1979724a6a60	1.0000	C

9	>3028b6a6-08d4-2117-1c20-584c8f129ac0	1.0000	C

10	>a62d4918-8e68-12e6-126c-ea73cfeed792	1.0000	C

11	>5a2cf718-eb83-5dbc-4a28-b422d28b5837	1.0000	C

12	>84665184-d77d-2ecc-209f-a158efe4af84	1.0000	C

13	>6de74c84-d97a-597f-4d8d-f29f473d2cfa	1.0000	C

14	>06e77daf-4664-06e2-cdd8-6ee1a03ebd46	1.0000	C

15	>aed421f8-9655-3a3b-9a37-11918300aa2a	1.0000	C

16	>bec5ca1c-8a29-35d3-64de-bdea6c9ebd01	1.0000	C

17	>88bb3c00-7aa7-8626-36ad-c06eab7403c2	1.0000	C

18	>84550246-5d75-636c-9682-62b89e8b4921	1.0000	C

